"listing_id","title","brand","condition","year","price_million_vnd","location","origin","color","fuel","engine_litre","transmission","seats","mileage_km","source_url"
"6976005","Lexus LM 300h Royal Lounge - 2020","Lexus","cũ","2020","4500","Cần Thơ","nhập khẩu","đen","hybrid","2.5","tự động","4","35000","https://bonbanh.com/oto/generic"
"6976002","VinFast VF2 Eco - 2026","Audi","mới","2026","169","Hà Nội","lắp ráp trong nước","xanh","điện",,"tự động","4",,"https://bonbanh.com/oto/audi"
"6975999","Honda Civic 1.8 AT - 2008","Nissan","cũ","2008","165","Đồng Nai","lắp ráp trong nước","xám","xăng","1.8","tự động","5","999999","https://bonbanh.com/oto/nissan"
"6975994","Honda CRV e:HEV RS - 2026","Volkswagen","cũ","2026","1210","Hà Nội","lắp ráp trong nước","đỏ","hybrid","2","tự động","5","11000","https://bonbanh.com/oto/volkswagen"
"6975985","Kia Cerato 2.0 AT - 2018","Kia","cũ","2018","365","Hà Nội","lắp ráp trong nước","cát","xăng","2","tự động","5","89000","https://bonbanh.com/oto/generic"
"6975982","Nissan X trail 2.0 2WD Premium - 2017","Nissan","cũ","2017","415","Hà Nội","lắp ráp trong nước","trắng","xăng","2","tự động","7","80000","https://bonbanh.com/oto/generic"
"6975977","Volkswagen Teramont X Platinum 2.0 AT - 2024","Volkswagen","cũ","2024","1560","Hà Nội","nhập khẩu","xám","xăng","2","tự động","5","13000","https://bonbanh.com/oto/volkswagen"
"6975958","Ford Territory Titanium X 1.5 AT - 2025","Ford","cũ","2025","755","Hà Nội","lắp ráp trong nước","trắng","xăng","1.5","tự động","5","24000","https://bonbanh.com/oto/generic"
"6975955","BMW X3 sDrive20i M Sport - 2024","BMW","cũ","2024","1699","Hà Nội","lắp ráp trong nước","xanh","xăng","2","tự động","5","7500","https://bonbanh.com/oto/generic"
"6975952","Omoda C5 Premium 1.5 Turbo - 2025","Omoda","cũ","2025","475","Hà Nội","nhập khẩu","trắng","xăng","1.5","tự động","5","25000","https://bonbanh.com/oto/generic"
"6975949","Honda CRV L - 2019","Honda","cũ","2019","690","Hà Nội","nhập khẩu","đen","xăng","1.5","tự động","7","70000","https://bonbanh.com/oto/honda"
"6975944","Hyundai SantaFe Cao cấp 2.2L HTRAC - 2022","Hyundai","cũ","2022","1035","Hà Nội","lắp ráp trong nước","đen","dầu","2.2","tự động","7","10000","https://bonbanh.com/oto/hyundai"
"6975939","Hyundai Accent Đặc biệt 1.5 AT - 2024","Hyundai","cũ","2024","430","Thừa Thiên Huế","lắp ráp trong nước","đen","xăng","1.5","tự động","5","15000","https://bonbanh.com/oto/generic"
"6975938","Honda CRV 2.4 AT - TG - 2016","Honda","cũ","2016","435","Hà Nội","lắp ráp trong nước","đen","xăng","2.4","tự động","5","110000","https://bonbanh.com/oto/generic"
"6975935","Toyota Corolla Cross 1.8V - 2022","Toyota","cũ","2022","665","Hà Nội","nhập khẩu","trắng","xăng","1.8","tự động","5","50000","https://bonbanh.com/oto/generic"
"6975930","Mazda 3 1.5 AT - 2015","Mazda","cũ","2015","305","Hà Nội","lắp ráp trong nước","đỏ","xăng","1.5","tự động","5","111000","https://bonbanh.com/oto/generic"
"6975923","Lexus GS 350 - 2007","Lexus","cũ","2007","386","TP HCM","nhập khẩu","bạc","xăng","3.5","tự động","5","150000","https://bonbanh.com/oto/generic"
"6975910","Porsche Macan 2.0 - 2022","Porsche","cũ","2022","2899","Hà Nội","nhập khẩu","trắng","xăng","2","tự động","5","40000","https://bonbanh.com/oto/generic"
"6975907","Hyundai Starex - 2010","Hyundai","cũ","2010","275","An Giang","nhập khẩu","ghi","dầu",,"tay","9","300000","https://bonbanh.com/oto/generic"
"6975904","LandRover Range Rover Evoque HSE Dynamic - 2016","LandRover","cũ","2016","688","TP HCM","nhập khẩu","trắng","xăng","2","tự động","5","75000","https://bonbanh.com/oto/generic"
"6975893","Hyundai Tucson 2.0 AT Đặc biệt - 2022","Hyundai","cũ","2022","685","Hà Nội","lắp ráp trong nước","trắng","xăng","2","tự động","5","80000","https://bonbanh.com/oto/generic"
"6975884","Ford Ranger XLS 2.2L 4x2 AT - 2022","Ford","cũ","2022","530","Hà Nội","lắp ráp trong nước","trắng","dầu","2.2","tự động","5","60000","https://bonbanh.com/oto/generic"
"6975869","Hyundai Accent 1.4 AT Đặc Biệt - 2022","Hyundai","cũ","2022","398","Lâm Đồng","lắp ráp trong nước","trắng","xăng","1.4","tự động","5","58000","https://bonbanh.com/oto/generic"
"6975864","Mitsubishi Grandis 2.4 AT - 2005","Mitsubishi","cũ","2005","169","TP HCM","lắp ráp trong nước","đen","xăng","2.4","tự động","7","150000","https://bonbanh.com/oto/generic"
"6975861","Lexus LX 570 Super Sport - 2018","Lexus","cũ","2018","5788","Hà Nội","nhập khẩu","đen","xăng","5.7","tự động","7","73999","https://bonbanh.com/oto/generic"
"6975848","Ford Everest Sport Special Edition 2.0L 4x2 AT - 2025","Ford","cũ","2025","1120","TP HCM","nhập khẩu","đỏ","dầu","2","tự động","7","34000","https://bonbanh.com/oto/generic"
"6975843","Nissan Navara SL 2.5MT 4WD - 2015","Nissan","cũ","2015","299","Hà Nội","nhập khẩu","nâu","dầu","2.5","tay","5","123000","https://bonbanh.com/oto/generic"
"6975834","Ford Ranger Wildtrak 2.0L 4x4 AT - 2022","Ford","cũ","2022","745","TP HCM","lắp ráp trong nước","xám","dầu","2","tự động","5","72000","https://bonbanh.com/oto/generic"
"6975824","Ford Everest Titanium 2.0L 4x2 AT - 2022","Ford","cũ","2022","1070","TP HCM","nhập khẩu","đỏ","dầu","2","tự động","7","27000","https://bonbanh.com/oto/generic"
"6975817","Ford Everest Titanium 2.0L 4x2 AT - 2022","Ford","cũ","2022","890","TP HCM","nhập khẩu","trắng","dầu","2","tự động","7","34000","https://bonbanh.com/oto/generic"
"6975814","Toyota Raize G 1.0 CVT - 2025","Toyota","cũ","2025","495","Hà Nội","nhập khẩu","trắng","xăng","1","tự động","5","8000","https://bonbanh.com/oto/generic"
"6975807","Mazda 3 1.5 AT - 2016","Mazda","cũ","2016","298","Hà Nội","lắp ráp trong nước","nâu","xăng","1.5","tự động","5",,"https://bonbanh.com/oto/generic"
"6975804","Mazda 3 1.5 AT - 2016","Mazda","cũ","2016","298","Hà Nội","lắp ráp trong nước","nâu","xăng","1.5","tự động","5",,"https://bonbanh.com/oto/generic"
"6975801","Hyundai SantaFe Premium 2.4L HTRAC - 2019","Hyundai","cũ","2019","688","Hà Nội","lắp ráp trong nước","đen","xăng","2.4","tự động","7","140000","https://bonbanh.com/oto/generic"
"6975798","Honda CRV e:HEV RS - 2026","Honda","cũ","2026","1215","Hà Nội","lắp ráp trong nước","đỏ","hybrid","2","tự động","5","10000","https://bonbanh.com/oto/generic"
"6975797","Mercedes Benz GLS 480 4Matic Maybach - 2023","Mercedes","cũ","2023","5550","TP HCM","nhập khẩu","trắng","xăng","3","tự động","4","55000","https://bonbanh.com/oto/generic"
"6975796","Hyundai SantaFe Tiêu chuẩn 2.5L - 2022","Hyundai","cũ","2022","850","Lâm Đồng","lắp ráp trong nước","trắng","xăng","2.5","tự động","7","56000","https://bonbanh.com/oto/generic"
"6975789","Ford Everest Wildtrak 2.0L 4x4 AT - 2023","Ford","cũ","2023","1175","TP HCM","nhập khẩu","đỏ","dầu","2","tự động","7","70000","https://bonbanh.com/oto/generic"
"6975782","Ford Ranger Sport 2.0L 4x4 AT - 2024","Ford","cũ","2024","685","Hà Nội","lắp ráp trong nước","trắng","dầu","2","tự động","5","41000","https://bonbanh.com/oto/generic"
"6975781","Ford Ranger XLS 2.0L 4x2 AT - 2022","Ford","cũ","2022","528","Hà Nội","lắp ráp trong nước","trắng","dầu","2","tự động","5","60000","https://bonbanh.com/oto/generic"
"6975776","Mitsubishi Outlander 2.0 CVT - 2020","Mitsubishi","cũ","2020","415","Hà Nội","lắp ráp trong nước","nâu","xăng","2","tự động","7","100000","https://bonbanh.com/oto/generic"
"6975775","Mercedes Benz C class C200 Avantgarde Plus - 2021","Mercedes","cũ","2021","1139","Hà Nội","lắp ráp trong nước","đen","xăng","1.5","tự động","5","14000","https://bonbanh.com/oto/generic"
"6975772","Honda Brio RS - 2021","Honda","cũ","2021","315","TP HCM","nhập khẩu",,"xăng","1.2","tự động","5","78000","https://bonbanh.com/oto/generic"
"6975771","Honda City 1.5TOP - 2017","Honda","cũ","2017","304","TP HCM","lắp ráp trong nước","đỏ","xăng","1.5","tự động","5","173000","https://bonbanh.com/oto/generic"
"6975766","Toyota Vios G 1.5 CVT - 2022","Toyota","cũ","2022","341","Hà Nội","lắp ráp trong nước","trắng","xăng","1.5","tự động","5","56000","https://bonbanh.com/oto/generic"
"6975762","Toyota Camry 2.4G - 2011","Toyota","cũ","2011","306","Hà Nội","lắp ráp trong nước","đen","xăng","2.4","tự động","5","120000","https://bonbanh.com/oto/generic"
"6975759","Kia Carens - 2015","Kia","cũ","2015","21000","TP HCM","lắp ráp trong nước","cát","xăng",,"tay","7","120","https://bonbanh.com/oto/generic"
"6975758","Mazda CX5 2.0 Deluxe - 2020","Mazda","cũ","2020","530","Nam Định","lắp ráp trong nước","đỏ","xăng","2","tự động","5","10110","https://bonbanh.com/oto/generic"
"6975747","Ford Everest Titanium 2.0L 4x2 AT - 2022","Ford","cũ","2022","890","TP HCM","nhập khẩu","trắng","dầu","2","tự động","7","34000","https://bonbanh.com/oto/generic"
"6975742","VinFast VF8 Plus AWD - 2025","VinFast","cũ","2025","850","TP HCM","lắp ráp trong nước","xám","điện",,"tự động","5","20000","https://bonbanh.com/oto/generic"
"6975739","Honda CRV e:HEV RS - 2026","Honda","cũ","2026","1215","Hà Nội","lắp ráp trong nước","đỏ","hybrid","2","tự động","5","10000","https://bonbanh.com/oto/generic"
"6975738","Kia Soluto 1.4 AT Deluxe - 2019","Kia","cũ","2019","285","Đồng Nai","lắp ráp trong nước",,"xăng","1.4","tự động","5","100000","https://bonbanh.com/oto/generic"
"6975737","BMW 5 Series 520i - 2013","BMW","cũ","2013","418","Hà Nội","nhập khẩu","đen","xăng","2","tự động","5","90000","https://bonbanh.com/oto/generic"
"6975732","Audi Q5 2.0 AT - 2016","Audi","cũ","2016","560","Hà Nội","nhập khẩu","trắng","xăng","2","tự động","5","78000","https://bonbanh.com/oto/audi"
"6975719","Isuzu NQR - 2015","Isuzu","cũ","2015","375","Bà Rịa Vũng Tàu","lắp ráp trong nước","trắng","dầu",,"tay",,,"https://bonbanh.com/oto/generic"
"6975718","BMW X1 sDrive20i Xline - 2026","BMW","mới","2026","1668","Hà Nội","nhập khẩu","xám","xăng","2","tự động","5",,"https://bonbanh.com/oto/generic"
"6975715","Volkswagen Teramont X Platinum 2.0 AT - 2024","Volkswagen","cũ","2024","1680","Hà Nội","nhập khẩu","xám","xăng","2","tự động","5","30000","https://bonbanh.com/oto/volkswagen"
"6975710","Toyota Fortuner 2.7V 4x2 AT - 2017","Toyota","cũ","2017","593","TP HCM","nhập khẩu","đen","xăng","2.7","tự động","7","90000","https://bonbanh.com/oto/generic"
"6975705","Ford Ranger Raptor 3.0L 4x4 AT - 2026","Ford","mới","2026","1378","TP HCM","nhập khẩu","xanh","xăng","3","tự động","5",,"https://bonbanh.com/oto/generic"
"6975702","VinFast Lux A 2.0 Premium 2.0 AT - 2021","VinFast","cũ","2021","590","Hà Nội","lắp ráp trong nước","trắng","xăng","2","tự động","5","24000","https://bonbanh.com/oto/generic"
"6975701","Toyota Land Cruiser VX 4.6 V8 - 2016","Toyota","cũ","2016","2890","Hà Nội","nhập khẩu","đen","xăng","4.6","tự động","8","69","https://bonbanh.com/oto/generic"
"6975698","Toyota Corolla Cross 1.8V - 2022","Toyota","cũ","2022","628","Bình Thuận","nhập khẩu","trắng","xăng","1.8","tự động","5",,"https://bonbanh.com/oto/generic"
"6975693","Ford Everest Platinum 2.0L 4x2 AT - 2026","Ford","mới","2026","1255","TP HCM","nhập khẩu","bạc","dầu","2","tự động","7",,"https://bonbanh.com/oto/generic"
"6975688","Ford Everest Titanium 2.0L 4x2 AT - 2026","Ford","mới","2026","1229","TP HCM","nhập khẩu","đen","dầu","2","tự động","7",,"https://bonbanh.com/oto/generic"
"6975685","Kia Carnival Signature 2.2D - 2024","Kia","cũ","2024","1069","Hà Nội","lắp ráp trong nước","đen","dầu","2.2","tự động","7","100000","https://bonbanh.com/oto/generic"
"6975684","Kia Cerato 1.6 AT Luxury - 2020","Kia","cũ","2020","410","Tây Ninh","lắp ráp trong nước","đỏ","xăng","1.6","tự động","5","84000","https://bonbanh.com/oto/generic"
"6975683","Lexus LX 570 - 2008","Lexus","cũ","2008","1252","TP HCM","nhập khẩu","đen","xăng","5.7","tự động","7",,"https://bonbanh.com/oto/generic"
"6975680","VinFast VF9 Plus 6S - 2026","VinFast","cũ","2026","1289","TP HCM","lắp ráp trong nước","trắng","điện",,"tự động","6","1400","https://bonbanh.com/oto/generic"
"6975679","Isuzu QKR QLR77FE5 ĐÔNG LẠNH - 2026","Isuzu","mới","2026","825","TP HCM","lắp ráp trong nước","trắng","dầu",,,"3",,"https://bonbanh.com/oto/generic"
"6975676","Toyota Fortuner 2.4G 4x2 AT - 2020","Toyota","cũ","2020","797","TP HCM","lắp ráp trong nước","xanh","dầu","2.4","tự động","7","80000","https://bonbanh.com/oto/generic"
"6975673","Hyundai i20 1.4 AT - 2010","Hyundai","cũ","2010","159","Thanh Hóa","nhập khẩu","xanh","xăng","1.4","tự động","5","13456","https://bonbanh.com/oto/generic"
"6975670","Mercedes Benz S class S450L - 2018","Mercedes","cũ","2018","1495","TP HCM","lắp ráp trong nước","đen","xăng","3","tự động","5","61000","https://bonbanh.com/oto/generic"
"6975669","Chevrolet Colorado High Country 2.5L 4x4 AT - 2018","Chevrolet","cũ","2018","400","Lâm Đồng","nhập khẩu","ghi","dầu","2.5","tự động","5","108000","https://bonbanh.com/oto/generic"
"6975666","Hyundai SantaFe 2.2L - 2021","Hyundai","cũ","2021","789","TP HCM","lắp ráp trong nước","đen","dầu","2.2","tự động","7","80000","https://bonbanh.com/oto/generic"
"6975663","Toyota Land Cruiser VX 4.6 V8 - 2014","Toyota","cũ","2014","1850","TP HCM","nhập khẩu","đen","xăng","4.6","tự động","8","136000","https://bonbanh.com/oto/generic"
"6975662","VinFast VF3 Plus - 2025","VinFast","cũ","2025","189","Hà Nội","lắp ráp trong nước","xanh","điện",,"tự động","4","1900","https://bonbanh.com/oto/generic"
"6975659","Mercedes Benz E class E300 AMG - 2017","Mercedes","cũ","2017","990","Hà Nội","lắp ráp trong nước","trắng","xăng","2","tự động","5","23000","https://bonbanh.com/oto/generic"
"6975656","Mercedes Benz GLC 250 4Matic - 2018","Mercedes","cũ","2018","797","TP HCM","lắp ráp trong nước","đen","xăng","2","tự động","5","98000","https://bonbanh.com/oto/generic"
"6975655","Mazda CX5 2.5 AT - 2016","Mazda","cũ","2016","435","Hà Nội","lắp ráp trong nước","xanh","xăng","2.5","tự động","5","68000","https://bonbanh.com/oto/generic"
"6975652","Mercedes Benz GLS 450 4Matic - 2021","Mercedes","cũ","2021","3500","Hà Nội","nhập khẩu","trắng","xăng","3","tự động","7","28000","https://bonbanh.com/oto/generic"
"6975651","Mazda 3 1.5 AT - 2015","Mazda","cũ","2015","309","Hà Nội","lắp ráp trong nước","trắng","xăng","1.5","tự động","5","12000","https://bonbanh.com/oto/generic"
"6975650","Subaru Forester 2.0i-S - 2019","Subaru","cũ","2019","590","TP HCM","nhập khẩu","xanh","xăng","2","tự động","5","59000","https://bonbanh.com/oto/generic"
"6975647","Audi A4 1.8T - 2010","Audi","cũ","2010","219","TP HCM","nhập khẩu","trắng","xăng","1.8","tự động","5","123456","https://bonbanh.com/oto/audi"
"6975646","Toyota Fj cruiser - 2026","Toyota","mới","2026","1210","TP HCM","nhập khẩu","trắng","xăng",,"tự động","5",,"https://bonbanh.com/oto/generic"
"6975643","Hyundai Elantra 1.6 MT - 2008","Hyundai","cũ","2008","105","Nam Định","nhập khẩu","bạc","xăng","1.6","tay","5",,"https://bonbanh.com/oto/generic"
"6975641","Lotus Emira Turbo SE - 2026","Lotus","mới","2026","8579","Hà Nội","nhập khẩu",,"xăng",,"tự động","2",,"https://bonbanh.com/oto/generic"
"6975638","Lexus LX 570 - 2009","Lexus","cũ","2009","1670","TP HCM","nhập khẩu","xám","xăng","5.7","tự động","7","128000","https://bonbanh.com/oto/generic"
"6975637","Ford Ranger Wildtrak 2.0L 4x4 AT - 2020","Ford","cũ","2020","565","Bình Phước","nhập khẩu","đen","dầu","2","tự động","5",,"https://bonbanh.com/oto/generic"
"6975630","Toyota Innova 2.0G - 2013","Toyota","cũ","2013","285","TP HCM","lắp ráp trong nước","cát","xăng","2","tự động","8",,"https://bonbanh.com/oto/generic"
"6975627","Honda City 1.5 AT - 2016","Honda","cũ","2016","275","TP HCM","lắp ráp trong nước","trắng","xăng","1.5","tự động","5","110000","https://bonbanh.com/oto/generic"
"6975626","Ford Ranger XLS 2.0L 4x2 AT - 2025","Ford","cũ","2025","625","Vĩnh Phúc","lắp ráp trong nước","trắng","dầu","2","tự động","5","4000","https://bonbanh.com/oto/generic"
"6975621","Hyundai Tucson 1.6 AT Turbo - 2019","Hyundai","cũ","2019","535","Hà Nội","lắp ráp trong nước","đỏ","xăng","1.6","tự động","5","160000","https://bonbanh.com/oto/generic"
"6975620","Toyota Vios 1.5E MT - 2019","Toyota","cũ","2019","239","TP HCM","lắp ráp trong nước","bạc","xăng","1.5","tay","5","125000","https://bonbanh.com/oto/generic"
"6975619","VinFast VF2 Eco - 2026","VinFast","mới","2026","169","Hà Nội","lắp ráp trong nước","đỏ","điện",,"tự động","4",,"https://bonbanh.com/oto/generic"
"6975618","Toyota Innova Cross HEV 2.0 CVT - 2024","Toyota","cũ","2024","886","TP HCM","nhập khẩu","đen","hybrid","2","tự động","7","48000","https://bonbanh.com/oto/generic"
"6975617","Hyundai Avante 1.6 AT - 2011","Hyundai","cũ","2011","230","Gia Lai","lắp ráp trong nước","trắng","xăng","1.6","tự động","5",,"https://bonbanh.com/oto/generic"
"6975607","Toyota Prado GX 3.0 MT - 2007","Toyota","cũ","2007","395","TP HCM","nhập khẩu","trắng","dầu","3","tay","7",,"https://bonbanh.com/oto/generic"
"6975604","Porsche Panamera 2.9 V6 - 2024","Porsche","cũ","2024","6450","Hà Nội","nhập khẩu","trắng","xăng","2.9","tự động","4","24000","https://bonbanh.com/oto/generic"
"6975603","Suzuki Ertiga Sport 1.5 AT - 2022","Suzuki","cũ","2022","355","TP HCM","nhập khẩu","xám","xăng","1.5","tự động","7","60000","https://bonbanh.com/oto/generic"
"6975600","Ford Everest Titanium 2.0L 4x2 AT - 2025","Ford","cũ","2025","1210","TP HCM","nhập khẩu","nâu","dầu","2","tự động","7","16000","https://bonbanh.com/oto/generic"
"6975599","Toyota Corolla altis 1.8G AT - 2015","Toyota","cũ","2015","358","Hải Phòng","lắp ráp trong nước","đen","xăng","1.8","tự động","5","100000","https://bonbanh.com/oto/generic"
"6975598","Toyota Corolla XLi 1.8 AT - 2002","Toyota","cũ","2002","115","Tây Ninh","nhập khẩu","đen","xăng","1.8","tự động","5",,"https://bonbanh.com/oto/generic"
"6975597","Toyota Rush 1.5S AT - 2021","Toyota","cũ","2021","379","TP HCM","nhập khẩu","xám","xăng","1.5","tự động","7","113000","https://bonbanh.com/oto/generic"
"6975594","Ford Ranger Stormtrak 2.0L 4x4 AT - 2025","Ford","cũ","2025","935","TP HCM","nhập khẩu","bạc","dầu","2","tự động","5","32000","https://bonbanh.com/oto/generic"
"6975593","Ford Transit Limousine - 2019","Ford","cũ","2019","520","Đà Nẵng","lắp ráp trong nước","đen","dầu","2.4","tay","10","80000","https://bonbanh.com/oto/generic"
"6975590","Toyota Vios E CVT - 2024","Toyota","mới","2024","360","Tây Ninh","lắp ráp trong nước","xanh","xăng","1.5","tự động","5",,"https://bonbanh.com/oto/generic"
"6975589","Porsche Macan 2.0 - 2022","Porsche","cũ","2022","2899","Hà Nội","nhập khẩu","trắng","xăng","2","tự động","5","40000","https://bonbanh.com/oto/generic"
"6975588","BMW 7 Series 750Li - 2006","BMW","cũ","2006","320","TP HCM","nhập khẩu","đen","xăng","4.8","tự động","5","130000","https://bonbanh.com/oto/generic"
"6975585","Chevrolet Aveo LT 1.5 MT - 2016","Chevrolet","cũ","2016","142","Tây Ninh","lắp ráp trong nước","trắng","xăng","1.5","tay","5","82000","https://bonbanh.com/oto/generic"
"6975584","Porsche Macan 2.0 - 2022","Porsche","cũ","2022","2899","Hà Nội","nhập khẩu","trắng","xăng","2","tự động","5","40000","https://bonbanh.com/oto/generic"
"6975583","Toyota Corolla altis 1.8G AT - 2013","Toyota","cũ","2013","320","Nghệ An","lắp ráp trong nước","đen","xăng","1.8","tự động","5",,"https://bonbanh.com/oto/generic"
"6975580","Hyundai i10 Grand 1.2 MT Base - 2017","Hyundai","cũ","2017","169","Bình Dương","nhập khẩu","bạc","xăng","1.25","tay","5",,"https://bonbanh.com/oto/generic"
"6975579","Lexus LX 570 - 2014","Lexus","cũ","2014","2480","Hà Nội","nhập khẩu","đen","xăng","5.7","tự động","7","180000","https://bonbanh.com/oto/generic"
"6975574","Toyota Fortuner Legender 2.7L 4x4 AT - 2025","Toyota","cũ","2025","1299","TP HCM","nhập khẩu","đen","xăng","2.7","tự động","7","7000","https://bonbanh.com/oto/generic"
"6975571","Toyota Prado LC250 2.4L - 2026","Toyota","mới","2026","3410","TP HCM","nhập khẩu","đen","xăng","2.4","tự động","7",,"https://bonbanh.com/oto/generic"
"6975568","Toyota Innova 2.0E - 2016","Toyota","cũ","2016","345","Bình Dương","lắp ráp trong nước","bạc","xăng","2","tay","8","80000","https://bonbanh.com/oto/generic"
"6975567","Mazda CX3 Luxury 1.5 AT - 2026","Mazda","mới","2026","569","Hà Nội","lắp ráp trong nước","vàng","xăng","1.5","tự động","5",,"https://bonbanh.com/oto/generic"
"6975564","Toyota Fortuner 2.4G 4x2 AT Legender - 2020","Toyota","cũ","2020","845","Bình Dương","lắp ráp trong nước","trắng","dầu","2.4","tự động","7","97000","https://bonbanh.com/oto/generic"
"6975561","Hyundai Venue 1.0 T-GDi Đặc Biệt - 2024","Hyundai","cũ","2024","485","Bình Dương","lắp ráp trong nước","đỏ","xăng","1","tự động","5","6000","https://bonbanh.com/oto/generic"
"6975560","Lexus RX 300 - 2021","Lexus","cũ","2021","2299","Hà Nội","nhập khẩu","trắng","xăng","2","tự động","5","98000","https://bonbanh.com/oto/generic"
"6975559","Mazda 3 1.5L Premium - 2022","Mazda","cũ","2022","545","Hà Nội","lắp ráp trong nước","trắng","xăng","1.5","tự động","5","18500","https://bonbanh.com/oto/generic"
"6975558","Toyota Innova 2.0E - 2016","Toyota","cũ","2016","324","Bình Dương","lắp ráp trong nước","đồng","xăng","2","tay","8","95000","https://bonbanh.com/oto/generic"
"6975554","Toyota Vios 1.5E - 2018","Toyota","cũ","2018","275","Bình Phước","lắp ráp trong nước","bạc","xăng","1.5","tay","5",,"https://bonbanh.com/oto/generic"
"6975553","Toyota Camry 2.4G - 2008","Toyota","cũ","2008","245","Bình Dương","lắp ráp trong nước","đen","xăng","2.4","tự động","5","125000","https://bonbanh.com/oto/generic"
"6975550","Kia Sorento Signature 2.2 AT AWD - 2022","Kia","cũ","2022","855","Hà Nội","lắp ráp trong nước","trắng","dầu","2.2","tự động","7","63000","https://bonbanh.com/oto/generic"
"6975549","Kia Carnival Signature 2.2D - 2025","Kia","cũ","2025","1475","Gia Lai","lắp ráp trong nước","trắng","dầu","2.2","tự động","7","4000","https://bonbanh.com/oto/generic"
"6975546","Ford Ranger XLT 4x4 MT - 2004","Ford","cũ","2004","125","Đăk Nông","lắp ráp trong nước","đỏ","dầu","2.5","tay","5",,"https://bonbanh.com/oto/generic"
"6975543","Mitsubishi Xpander Cross 1.5 AT - 2023","Mitsubishi","cũ","2023","525","Gia Lai","nhập khẩu","trắng","xăng","1.5","tự động","7","49000","https://bonbanh.com/oto/generic"
"6975542","Mazda CX8 Luxury - 2021","Mazda","cũ","2021","699","Hà Nội","lắp ráp trong nước","trắng","xăng","2.5","tự động","7","70000","https://bonbanh.com/oto/generic"
"6975539","BMW X4 xDrive20i M Sport - 2021","BMW","cũ","2021","1850","Hà Nội","nhập khẩu","trắng","xăng","2","tự động","5","88000","https://bonbanh.com/oto/generic"
"6975536","Mercedes Benz S class S450L - 2020","Mercedes","cũ","2020","1999","Hà Nội","lắp ráp trong nước","trắng","xăng","3","tự động","5","69000","https://bonbanh.com/oto/generic"
"6975533","Mercedes Benz GLC 300 4Matic - 2024","Mercedes","cũ","2024","2098","Hà Nội","lắp ráp trong nước","trắng","hybrid","2","tự động","5","15000","https://bonbanh.com/oto/generic"
"6975532","VinFast Fadil Tiêu chuẩn 1.4 AT - 2022","VinFast","cũ","2022","279","Hà Nội","lắp ráp trong nước","xám","xăng","1.4","tự động","5","50000","https://bonbanh.com/oto/generic"
"6975527","Rolls Royce Cullinan Black Badge 6.75 V12 - 2020","Rolls","cũ","2020","28000","Hà Nội","nhập khẩu","đen","xăng","6.7","tự động","4","50000","https://bonbanh.com/oto/generic"
"6975526","Mercedes Benz S class S400L - 2016","Mercedes","cũ","2016","1099","Hà Nội","lắp ráp trong nước","trắng","xăng","3","tự động","5","97000","https://bonbanh.com/oto/generic"
"6975525","Kia Carens EX 2.0 MT - 2010","Kia","cũ","2010","165","Hà Nội","lắp ráp trong nước","bạc","xăng","2","tay","7","26000","https://bonbanh.com/oto/generic"
"6975522","Mercedes Benz S class S400L - 2016","Mercedes","cũ","2016","1179","Hà Nội","lắp ráp trong nước","đen","xăng","3","tự động","5","80000","https://bonbanh.com/oto/generic"
"6975519","Kia K2700 Thùng Kín 1 tấn - 2010","Kia","cũ","2010","89","Bắc Ninh","lắp ráp trong nước","xanh","dầu",,"tay","3","200000","https://bonbanh.com/oto/generic"
"6975518","Audi A1 1.4 TFSI - 2010","Audi","cũ","2010","250","Hải Phòng","nhập khẩu","đỏ","xăng","1.4","tự động","4",,"https://bonbanh.com/oto/generic"
"6975515","Toyota Camry 2.0G - 2019","Toyota","cũ","2019","692","TP HCM","nhập khẩu","đen","xăng","2","tự động","5","80000","https://bonbanh.com/oto/generic"
"6975514","Toyota Corolla Cross 1.8V - 2020","Toyota","cũ","2020","566","TP HCM","nhập khẩu","trắng","xăng","1.8","tự động","5","566","https://bonbanh.com/oto/generic"
"6975511","Hyundai Accent 1.4 MT Base - 2018","Hyundai","cũ","2018","209","TP HCM","lắp ráp trong nước","trắng","xăng","1.4","tay","5",,"https://bonbanh.com/oto/generic"
"6975508","Hyundai i10 Grand 1.0 AT - 2014","Hyundai","cũ","2014","218","Hà Nội","nhập khẩu","cam","xăng","1","tự động","5","60000","https://bonbanh.com/oto/generic"
"6975507","Honda CRV 2.4 AT - 2010","Honda","cũ","2010","240","Hà Nội","lắp ráp trong nước","bạc","xăng","2.4","tự động","5","190000","https://bonbanh.com/oto/generic"
"6975504","Mitsubishi Xpander Premium 1.5 AT - 2024","Mitsubishi","cũ","2024","486","TP HCM","nhập khẩu","trắng","xăng","1.5","tự động","7","83000","https://bonbanh.com/oto/generic"
"6975503","LandRover Range Rover Sport HSE - 2014","LandRover","cũ","2014","959","TP HCM","nhập khẩu","trắng","xăng","3","tự động","7","62000","https://bonbanh.com/oto/generic"
"6975502","Mitsubishi Xpander Cross 1.5 AT - 2022","Mitsubishi","cũ","2022","479","Hà Nội","nhập khẩu","trắng","xăng","1.5","tự động","7","70000","https://bonbanh.com/oto/generic"
"6975501","Toyota Innova 2.0E - 2018","Toyota","cũ","2018","368","Bình Dương","lắp ráp trong nước","đồng","xăng","2","tay","8",,"https://bonbanh.com/oto/generic"
"6975498","Mercedes Benz GLA class GLA 45 S AMG 4Matic - 2022","Mercedes","cũ","2022","1699","TP HCM","nhập khẩu","trắng","xăng","2","tự động","5","24000","https://bonbanh.com/oto/generic"
"6975497","Peugeot 5008 Premium - 2023","Peugeot","cũ","2023","810","Hà Nội","lắp ráp trong nước","đỏ","xăng","1.6","tự động","7","40000","https://bonbanh.com/oto/generic"
"6975494","Kia K3 Luxury 1.6 AT - 2025","Kia","cũ","2025","575","Hà Nội","lắp ráp trong nước","trắng","xăng","1.6","tự động","5","60000","https://bonbanh.com/oto/generic"
"6975493","Toyota Zace GL - 2000","Toyota","cũ","2000","65","TP HCM","nhập khẩu","xanh","xăng","1.8","tay","8",,"https://bonbanh.com/oto/generic"
"6975492","Ford Explorer Limited 2.3L EcoBoost - 2015","Ford","cũ","2015","638","TP HCM","nhập khẩu","đen","xăng","2.3","tự động","7","100000","https://bonbanh.com/oto/generic"
"6975491","VinFast Limo Green AT - 2025","VinFast","cũ","2025","599","Hà Nội","lắp ráp trong nước","đen","điện",,"tự động","7","55000","https://bonbanh.com/oto/generic"
"6975490","VinFast VF5 Plus - 2025","VinFast","cũ","2025","388","Hà Nội","lắp ráp trong nước","xám","điện",,"tự động","5","28000","https://bonbanh.com/oto/generic"
"6975489","Honda CRV L - 2018","Honda","cũ","2018","629","TP HCM","nhập khẩu","trắng","xăng","1.5","tự động","7","68000","https://bonbanh.com/oto/generic"
"6975488","Ford Transit Tiêu chuẩn - 2023","Ford","cũ","2023","525","TP HCM","lắp ráp trong nước","bạc","dầu","2.2","tay","16","117000","https://bonbanh.com/oto/generic"
"6975485","Kia Morning Deluxe - 2019","Kia","cũ","2019","235","Hà Nội","lắp ráp trong nước","trắng","xăng","1.25","tự động","5","99000","https://bonbanh.com/oto/generic"
"6975484","Volkswagen Viloran Luxury - 2024","Volkswagen","cũ","2024","1939","Hà Nội","nhập khẩu","đen","xăng","2","tự động","7","28000","https://bonbanh.com/oto/generic"
"6975481","Toyota Vios 1.5G - 2019","Toyota","cũ","2019","339","Hà Nội","lắp ráp trong nước","bạc","xăng","1.5","tự động","5","80000","https://bonbanh.com/oto/generic"
"6975480","Volkswagen Viloran Luxury - 2024","Volkswagen","cũ","2024","1939","Hà Nội","nhập khẩu","đen","xăng","2","tự động","7","28000","https://bonbanh.com/oto/generic"
"6975479","Subaru Forester 2.0i-S EyeSight - 2024","Subaru","cũ","2024","825","Hà Nội","nhập khẩu","trắng","xăng","2","tự động","5","15000","https://bonbanh.com/oto/generic"
"6975478","LandRover Range Rover Sport HSE - 2014","LandRover","cũ","2014","1197","TP HCM","nhập khẩu","đen","xăng","3","tự động","5","90000","https://bonbanh.com/oto/generic"
"6975477","Mitsubishi Triton GLX 2WD AT - 2025","Mitsubishi","cũ","2025","558","Hà Nội","nhập khẩu","đen","dầu","2.4","tự động","5","23000","https://bonbanh.com/oto/generic"
"6975474","Mazda CX5 Deluxe 2.0 AT - 2026","Mazda","cũ","2026","715","Hà Nội","lắp ráp trong nước","trắng","xăng","2","tự động","5","4800","https://bonbanh.com/oto/generic"
"6975473","Toyota Innova 2.0G - 2012","Toyota","cũ","2012","265","Hà Nội","lắp ráp trong nước","bạc","xăng","2","tự động","8","110000","https://bonbanh.com/oto/generic"
"6975472","VinFast Limo Green AT - 2025","VinFast","cũ","2025","615","Hà Nội","lắp ráp trong nước","xám","điện",,"tự động","7","50000","https://bonbanh.com/oto/generic"
"6975471","Mitsubishi Triton GLX 2WD AT - 2025","Mitsubishi","cũ","2025","558","Hà Nội","nhập khẩu","đen","dầu","2.4","tự động","5","23000","https://bonbanh.com/oto/generic"
"6975470","Toyota Vios 1.5G - 2008","Toyota","cũ","2008","195","TP HCM","lắp ráp trong nước","bạc","xăng","1.5","tự động","5","144000","https://bonbanh.com/oto/generic"
"6975469","Chevrolet Aveo LTZ 1.5 AT - 2016","Chevrolet","cũ","2016","169","TP HCM","lắp ráp trong nước","cát","xăng","1.5","tự động","5",,"https://bonbanh.com/oto/chevrolet"
"6975468","Honda CRV L - 2018","Honda","cũ","2018","629","TP HCM","nhập khẩu","trắng","xăng","1.5","tự động","7","68000","https://bonbanh.com/oto/generic"
"6975467","Mercedes Benz E class E300 AMG - 2018","Mercedes","cũ","2018","998","Hà Nội","lắp ráp trong nước","trắng","xăng","2","tự động","5","20000","https://bonbanh.com/oto/generic"
"6975464","Toyota Venza 3.5 - 2009","Toyota","cũ","2009","305","TP HCM","nhập khẩu","trắng","xăng","3.5","tự động","5","82","https://bonbanh.com/oto/generic"
"6975463","Mercedes Benz S class S450 4Matic - 2023","Mercedes","cũ","2023","2952","TP HCM","nhập khẩu","đen","xăng","3","tự động","5","67000","https://bonbanh.com/oto/generic"
"6975460","Hyundai Stargazer Tiêu chuẩn 1.5 AT - 2024","Hyundai","cũ","2024","399","Hà Nội","nhập khẩu","trắng","xăng","1.5","tự động","7","50000","https://bonbanh.com/oto/generic"
"6975459","Mercedes Benz S class S450L - 2018","Mercedes","cũ","2018","1497","TP HCM","lắp ráp trong nước","đen","xăng","3","tự động","5","60000","https://bonbanh.com/oto/generic"
"6975458","Hyundai i10 Grand 1.0 MT Base - 2015","Hyundai","cũ","2015","155","Gia Lai","nhập khẩu","trắng","xăng","1","tay","5",,"https://bonbanh.com/oto/generic"
"6975453","Lexus LX 570 - 2014","Lexus","cũ","2014","2480","Hà Nội","nhập khẩu","đen","xăng","5.7","tự động","7","180000","https://bonbanh.com/oto/generic"
"6975452","Hyundai SantaFe Premium 2.2L HTRAC - 2020","Hyundai","cũ","2020","798","Hà Nội","lắp ráp trong nước","đen","dầu","2.2","tự động","7","70000","https://bonbanh.com/oto/generic"
"6975451","Toyota Vios 1.5 TRD - 2018","Toyota","cũ","2018","335","Đăk Lăk","lắp ráp trong nước","trắng","xăng","1.5","tự động","5",,"https://bonbanh.com/oto/generic"
"6975450","Hyundai SantaFe 2.2L - 2021","Hyundai","cũ","2021","787","TP HCM","lắp ráp trong nước","đen","dầu","2.2","tự động","7","80000","https://bonbanh.com/oto/generic"
"6975447","Nissan Navara VL 2.3 AT 4WD - 2023","Nissan","cũ","2023","630","Hà Nội","nhập khẩu","trắng","dầu","2.3","tự động","5",,"https://bonbanh.com/oto/generic"
"6975446","Lexus LX 570 - 2014","Lexus","cũ","2014","2480","Hà Nội","nhập khẩu","đen","xăng","5.7","tự động","7","180000","https://bonbanh.com/oto/generic"
"6975445","Honda City 1.5TOP - 2019","Honda","cũ","2019","339","TP HCM","lắp ráp trong nước","trắng","xăng","1.5","tự động","5","106000","https://bonbanh.com/oto/generic"
"6975442","Toyota Land Cruiser VX 4.6 V8 - 2014","Toyota","cũ","2014","2110","TP HCM","nhập khẩu","đen","xăng","4.6","tự động","8","136000","https://bonbanh.com/oto/generic"
"6975441","Volvo XC60 T6 AWD Inscription - 2021","Volvo","cũ","2021","879","Hà Nội","nhập khẩu","trắng","xăng","2","tự động","5","100000","https://bonbanh.com/oto/generic"
"6975440","Mitsubishi Outlander 2.0 CVT - 2021","Mitsubishi","cũ","2021","610","Quảng Ninh","lắp ráp trong nước","trắng","xăng","2","tự động","7","60000","https://bonbanh.com/oto/generic"
"6975439","VinFast VF7 Plus AWD - 2026","VinFast","cũ","2026","770","Hà Nội","lắp ráp trong nước","trắng","điện",,"tự động","5","65000","https://bonbanh.com/oto/generic"
"6975438","Toyota Hilux 2.8G 4x4 AT - 2016","Toyota","cũ","2016","595","Sơn La","nhập khẩu","xám","dầu","2.8","tự động","5","87000","https://bonbanh.com/oto/generic"
"6975437","Toyota Innova Cross HEV 2.0 CVT - 2026","Toyota","mới","2026","910","Hà Nội","nhập khẩu","bạc","hybrid","2","tự động","7",,"https://bonbanh.com/oto/generic"
"6975434","Hyundai Accent 1.4 MT - 2011","Hyundai","cũ","2011","190","Gia Lai","nhập khẩu","đen","xăng","1.4","tay","5",,"https://bonbanh.com/oto/generic"
"6975433","Toyota Camry 2.5 HEV Mid - 2026","Toyota","mới","2026","1280","Hà Nội","nhập khẩu","trắng","hybrid","2.5","tự động","5",,"https://bonbanh.com/oto/generic"
"6975430","Toyota Camry 2.5 HEV Mid - 2026","Toyota","mới","2026","1280","Hà Nội","nhập khẩu","đen","hybrid","2.5","tự động","5",,"https://bonbanh.com/oto/generic"
"6975429","Mercedes Benz GLC 250 4Matic - 2018","Mercedes","cũ","2018","795","TP HCM","lắp ráp trong nước","đen","xăng","2","tự động","5","97000","https://bonbanh.com/oto/generic"
"6975428","Toyota Innova 2.0E - 2018","Toyota","cũ","2018","355","Đăk Lăk","lắp ráp trong nước","bạc","xăng","2","tay","8",,"https://bonbanh.com/oto/generic"
"6975427","Hyundai Stargazer Cao cấp 1.5 AT - 2026","Hyundai","mới","2026","511","Hà Nội","nhập khẩu","trắng","xăng","1.5","tự động","7",,"https://bonbanh.com/oto/generic"
"6975426","BMW 7 Series 735i M Sport - 2024","BMW","cũ","2024","3779","TP HCM","nhập khẩu","trắng","hybrid","3","tự động","5","8000","https://bonbanh.com/oto/generic"
"6975425","Subaru Forester 2.0i-L - 2023","Subaru","cũ","2023","735","TP HCM","nhập khẩu","xanh","xăng","2","tự động","5","30000","https://bonbanh.com/oto/generic"
"6975422","Kia Sportage 2.0 AT AWD - 2010","Kia","cũ","2010","235","Quảng Ninh","nhập khẩu","bạc","xăng","2","tự động","5","150000","https://bonbanh.com/oto/generic"
"6975421","Mercedes Benz S class S450 4Matic Luxury - 2026","Mercedes","mới","2026","4599","Hà Nội","nhập khẩu","đen","xăng","3","tự động","5",,"https://bonbanh.com/oto/generic"
"6975420","Subaru Forester 2.0i-S - 2019","Subaru","cũ","2019","589","TP HCM","nhập khẩu","xanh","xăng","2","tự động","5","55000","https://bonbanh.com/oto/generic"
"6975419","Honda Civic G 1.5 AT - 2022","Honda","cũ","2022","615","Hà Nội","nhập khẩu","đen","xăng","1.5","tự động","5","58000","https://bonbanh.com/oto/generic"
"6975416","Lexus LX 570 - 2008","Lexus","cũ","2008","1499","TP HCM","nhập khẩu","xám","xăng","5.7","tự động","7","122000","https://bonbanh.com/oto/generic"
"6975415","Kia Carnival Premium 2.2D 8S - 2024","Kia","cũ","2024","1280","TP HCM","lắp ráp trong nước","xanh","dầu","2.2","tự động","8","21000","https://bonbanh.com/oto/generic"
"6975412","Toyota Camry 2.5Q - 2020","Toyota","cũ","2020","799","Hải Phòng","nhập khẩu","đen","xăng","2.5","tự động","5",,"https://bonbanh.com/oto/generic"
"6975411","Mercedes Benz C class C200 Avantgarde Plus - 2026","Mercedes","mới","2026","1529","Hà Nội","lắp ráp trong nước","trắng","xăng","1.5","tự động","5",,"https://bonbanh.com/oto/generic"
"6975408","Toyota Corolla Cross 1.8HEV - 2026","Toyota","cũ","2026","855","Hà Nội","nhập khẩu","đen","hybrid","1.8","tự động","5","3000","https://bonbanh.com/oto/generic"
"6975405","Mazda CX5 2.5 AT AWD - 2019","Mazda","cũ","2019","575","TP HCM","lắp ráp trong nước","đen","xăng","2.5","tự động","5","52000","https://bonbanh.com/oto/generic"
"6975404","Peugeot 2008 GT Line 1.2 AT - 2022","Peugeot","cũ","2022","545","Đà Nẵng","lắp ráp trong nước","cam","xăng","1.2","tự động","5","56000","https://bonbanh.com/oto/generic"
"6975403","Hyundai Tucson 2.0 AT 4WD - 2011","Hyundai","cũ","2011","245","Quảng Ninh","nhập khẩu","nâu","xăng","2","tự động","5","150000","https://bonbanh.com/oto/generic"
"6975402","Toyota Avanza Premio 1.5 AT - 2024","Toyota","cũ","2024","409","TP HCM","lắp ráp trong nước","trắng","xăng","1.5","tự động","7","90000","https://bonbanh.com/oto/generic"
"6975401","Mercedes Benz GLC 200 4Matic - 2026","Mercedes","mới","2026","1859","Hà Nội","lắp ráp trong nước","trắng","hybrid","2","tự động","5",,"https://bonbanh.com/oto/generic"
"6975400","Mercedes Benz S class S400L - 2016","Mercedes","cũ","2016","1095","Hà Nội","lắp ráp trong nước","trắng","xăng","3","tự động","5","100000","https://bonbanh.com/oto/generic"
"6975399","Ford EcoSport Titanium 1.5L AT - 2017","Ford","cũ","2017","268","Bình Dương","lắp ráp trong nước","cam","xăng","1.5","tự động","5",,"https://bonbanh.com/oto/generic"
"6975396","Ford Everest Titanium 2.0L 4x2 AT - 2024","Ford","cũ","2024","1100","Hà Nội","nhập khẩu","xám","dầu","2","tự động","7","30000","https://bonbanh.com/oto/generic"
"6975393","VinFast Lux SA 2.0 Cao cấp - 2022","VinFast","cũ","2022","650","Hà Nội","lắp ráp trong nước","đỏ","xăng","2","tự động","7","66000","https://bonbanh.com/oto/generic"
"6975390","Hyundai SantaFe Cao cấp 2.4L HTRAC - 2021","Hyundai","cũ","2021","709","Hà Nội","lắp ráp trong nước","đỏ","xăng","2.4","tự động","7",,"https://bonbanh.com/oto/generic"
"6975389","Honda CRV L - 2025","Honda","cũ","2025","1010","Hà Nội","lắp ráp trong nước","trắng","xăng","1.5","tự động","7","15000","https://bonbanh.com/oto/generic"
"6975386","Ford Focus Titanium 2.0 AT - 2013","Ford","cũ","2013","200","Bà Rịa Vũng Tàu","lắp ráp trong nước","trắng","xăng","2","tự động","5","120000","https://bonbanh.com/oto/generic"
"6975385","Toyota Corolla Cross 1.8V - 2022","Toyota","cũ","2022","670","TP HCM","nhập khẩu","trắng","xăng","1.8","tự động","5","50500","https://bonbanh.com/oto/generic"
"6975384","Hyundai SantaFe Tiêu chuẩn 2.5L - 2021","Hyundai","cũ","2021","779","Hà Nội","lắp ráp trong nước","trắng","xăng","2.5","tự động","7","50000","https://bonbanh.com/oto/generic"
"6975383","Mazda CX5 Premium Exclusive 2.0 AT - 2024","Mazda","cũ","2024","775","Đăk Lăk","lắp ráp trong nước","cát","xăng","2","tự động","5","26000","https://bonbanh.com/oto/generic"
"6975379","Mazda CX5 2.0 AT - 2015","Mazda","cũ","2015","400","Hà Nội","lắp ráp trong nước","xanh","xăng","2","tự động","5","130000","https://bonbanh.com/oto/generic"
"6975376","Mazda CX5 2.0 Premium - 2020","Mazda","cũ","2020","590","TP HCM","lắp ráp trong nước","xanh","xăng","2","tự động","5","86000","https://bonbanh.com/oto/generic"
"6975375","Mazda CX8 Premium AWD - 2023","Mazda","cũ","2023","840","TP HCM","lắp ráp trong nước","cát","xăng","2.5","tự động","7","51000","https://bonbanh.com/oto/generic"
"6975374","Ford Ranger Raptor 2.0L 4x4 AT - 2020","Ford","cũ","2020","845","Đăk Lăk","nhập khẩu","xám","dầu","2","tự động","5",,"https://bonbanh.com/oto/generic"
"6975371","Mazda 6 Premium 2.0 AT - 2022","Mazda","cũ","2022","650","TP HCM","lắp ráp trong nước","xanh","xăng","2","tự động","5","21000","https://bonbanh.com/oto/generic"
"6975370","Mitsubishi Triton 4x2 AT Mivec - 2022","Mitsubishi","cũ","2022","466","TP HCM","nhập khẩu","đen","dầu","2.4","tự động","5","32000","https://bonbanh.com/oto/generic"
"6975367","Kia Rio 1.4 AT - 2015","Kia","cũ","2015","255","Đồng Nai","nhập khẩu","đỏ","xăng","1.4","tự động","5",,"https://bonbanh.com/oto/generic"
"6975364","Toyota Yaris 1.5 AT - 2013","Toyota","cũ","2013","230","Đồng Nai","nhập khẩu","trắng","xăng","1.5","tự động","5","175000","https://bonbanh.com/oto/generic"
"6975363","Honda CRV e:HEV RS - 2023","Honda","cũ","2023","952","Hà Nội","nhập khẩu","đỏ","hybrid","2","tự động","5",,"https://bonbanh.com/oto/generic"
"6975362","Hyundai Avante 2.0 AT - 2011","Hyundai","cũ","2011","235","Nghệ An","lắp ráp trong nước","trắng","xăng","2","tự động","5","62000","https://bonbanh.com/oto/generic"
"6975359","Toyota Yaris Cross 1.5 D-CVT - 2023","Toyota","cũ","2023","535","Hà Nội","nhập khẩu","trắng","xăng","1.5","tự động","5","6000","https://bonbanh.com/oto/generic"
"6975356","Hyundai Accent 1.4 MT - 2019","Hyundai","cũ","2019","235","Đà Nẵng","lắp ráp trong nước","trắng","xăng","1.4","tay","5",,"https://bonbanh.com/oto/generic"
"6975355","Toyota Hilux Pro 2.8L 4x2 AT - 2026","Toyota","mới","2026","676","TP HCM","nhập khẩu","xám","dầu","2.8","tự động","5",,"https://bonbanh.com/oto/generic"
"6975354","Mazda CX5 Luxury 2.0 AT - 2023","Mazda","cũ","2023","678","Hà Nội","lắp ráp trong nước","trắng","xăng","2","tự động","5","39440","https://bonbanh.com/oto/generic"
"6975353","Toyota Veloz Cross Top 1.5 CVT - 2026","Toyota","mới","2026","545","TP HCM","lắp ráp trong nước","trắng","xăng","1.5","tự động","7",,"https://bonbanh.com/oto/generic"
"6975350","Hyundai Accent Cao cấp 1.5 AT - 2024","Hyundai","cũ","2024","476","Hà Nội","lắp ráp trong nước","đỏ","xăng","1.5","tự động","5","15826","https://bonbanh.com/oto/generic"
"6975349","Honda CRV L - 2022","Honda","cũ","2022","661","Hà Nội","lắp ráp trong nước","đen","xăng","1.5","tự động","7",,"https://bonbanh.com/oto/generic"
"6975348","Toyota Innova G - 2009","Toyota","cũ","2009","145","Đăk Lăk","lắp ráp trong nước","bạc","xăng","2","tay","8",,"https://bonbanh.com/oto/generic"
"6975346","Ford EcoSport Titanium 1.5L AT - 2015","Ford","cũ","2015","255","Hà Nội","lắp ráp trong nước","cam","xăng","1.5","tự động","5","12345","https://bonbanh.com/oto/generic"
"6975343","Toyota Prado VX 2.7L - 2023","Toyota","cũ","2023","2750","Hà Nội","nhập khẩu","trắng","xăng","2.7","tự động","7","20000","https://bonbanh.com/oto/generic"
"6975340","Hyundai Elantra Sport 1.6 AT - 2020","Hyundai","cũ","2020","450","Đăk Lăk","lắp ráp trong nước","đỏ","xăng","1.6","tự động","5",,"https://bonbanh.com/oto/generic"
"6975337","Toyota Innova G - 2007","Toyota","cũ","2007","125","Bình Định","lắp ráp trong nước","bạc","xăng","2","tay","8",,"https://bonbanh.com/oto/generic"
"6975335","Mercedes Benz E class E200 Exclusive - 2025","Mercedes","cũ","2025","2230","TP HCM","lắp ráp trong nước","trắng","xăng","2","tự động","5","5000","https://bonbanh.com/oto/generic"
"6975332","Toyota Innova Cross 2.0V CVT - 2025","Toyota","cũ","2025","795","Hà Nội","nhập khẩu","bạc","xăng","2","tự động","8","6","https://bonbanh.com/oto/generic"
"6975329","Hyundai Creta Tiêu chuẩn 1.5 AT - 2023","Hyundai","cũ","2023","421","Hà Nội","nhập khẩu",,"xăng","1.5","tự động","5",,"https://bonbanh.com/oto/generic"
"6975328","Hyundai i10 Grand 1.2 AT - 2019","Hyundai","cũ","2019","255","Đăk Lăk","lắp ráp trong nước","đỏ","xăng","1.2","tự động","5",,"https://bonbanh.com/oto/generic"
"6975327","Ford Everest Wildtrak 2.0L 4x4 AT - 2023","Ford","cũ","2023","1175","TP HCM","nhập khẩu","đỏ","dầu","2","tự động","7","70000","https://bonbanh.com/oto/generic"
"6975322","Toyota Camry 2.5 HEV Top - 2025","Toyota","cũ","2025","1390","Hà Nội","nhập khẩu","trắng","hybrid","2.5","tự động","5","20000","https://bonbanh.com/oto/generic"
"6975319","Kia Cerato 1.6 MT - 2020","Kia","cũ","2020","325","TP HCM","lắp ráp trong nước","xám","xăng","1.6","tay","5","70000","https://bonbanh.com/oto/generic"
"6975316","Honda HRV G - 2025","Honda","cũ","2025","620","TP HCM","nhập khẩu","trắng","xăng","1.5","tự động","5","21000","https://bonbanh.com/oto/generic"
"6975315","Toyota Land Cruiser VXR 3.5 V6 - 2025","Toyota","cũ","2025","4980","Hà Nội","nhập khẩu","đen","xăng","3.4","tự động","7","7000","https://bonbanh.com/oto/generic"
"6975314","Ford Ranger XLS 2.0L 4x4 AT - 2023","Ford","cũ","2023","620","Hà Nội","lắp ráp trong nước","trắng","dầu","2","tự động","5","80000","https://bonbanh.com/oto/generic"
"6975308","Ford Ranger Raptor 2.0L 4x4 AT - 2023","Ford","cũ","2023","975","TP HCM","nhập khẩu","xám","dầu","2","tự động","5","70000","https://bonbanh.com/oto/generic"
"6975307","VinFast Lux SA 2.0 Premium 2.0 AT - 2021","VinFast","cũ","2021","595","Hà Nội","lắp ráp trong nước","đen","xăng","2","tự động","7","90000","https://bonbanh.com/oto/generic"
"6975306","Mitsubishi Xpander Cross 1.5 AT - 2024","Mitsubishi","cũ","2024","545","TP HCM","nhập khẩu","trắng","xăng","1.5","tự động","7","38000","https://bonbanh.com/oto/generic"
"6975303","Mazda 2 Sport Luxury - 2024","Mazda","cũ","2024","455","Hà Nội","nhập khẩu","trắng","xăng","1.5","tự động","5","19000","https://bonbanh.com/oto/generic"
"6975302","Ford Ranger XLS 2.0L 4x2 AT - 2024","Ford","cũ","2024","615","TP HCM","lắp ráp trong nước","xám","dầu","2","tự động","5",,"https://bonbanh.com/oto/generic"
"6975291","Lexus RX 350 Premium - 2025","Lexus","cũ","2025","3290","Hà Nội","nhập khẩu","bạc","xăng","2.4","tự động","5","30000","https://bonbanh.com/oto/generic"
"6975290","Lexus GX 460 - 2013","Lexus","cũ","2013","1490","TP HCM","nhập khẩu","vàng","xăng","4.6","tự động","7","90000","https://bonbanh.com/oto/generic"
"6975287","Jaecoo J5 EV - 2026","Jaecoo","mới","2026","599","TP HCM","lắp ráp trong nước","xanh","điện",,"tự động","5",,"https://bonbanh.com/oto/generic"
"6975286","Kia Sorento Signature 2.2D AT AWD - 2025","Kia","cũ","2025","1020","Hà Nội","lắp ráp trong nước","trắng","dầu","2.2","tự động","7","10000","https://bonbanh.com/oto/generic"
"6975283","Jaecoo J5 EV - 2026","Jaecoo","mới","2026","599","TP HCM","lắp ráp trong nước","đen","điện",,"tự động","5",,"https://bonbanh.com/oto/generic"
"6975282","Mercedes Benz C class C180 - 2020","Mercedes","cũ","2020","750","Hà Nội","lắp ráp trong nước","trắng","xăng","1.5","tự động","5","65000","https://bonbanh.com/oto/generic"
"6975281","Hyundai Stargazer Tiêu chuẩn 1.5 AT - 2024","Hyundai","cũ","2024","399","Hà Nội","nhập khẩu","trắng","xăng","1.5","tự động","7","50000","https://bonbanh.com/oto/generic"
"6975280","Jaecoo J5 EV - 2026","Jaecoo","mới","2026","599","TP HCM","lắp ráp trong nước","trắng","điện",,"tự động","5",,"https://bonbanh.com/oto/generic"
"6975279","Toyota Innova 2.0E - 2017","Toyota","cũ","2017","344","TP HCM","lắp ráp trong nước","bạc","xăng","2","tay","8","152000","https://bonbanh.com/oto/generic"
"6975278","Audi A4 2.0 TFSI - 2016","Audi","cũ","2016","530","Bình Phước","nhập khẩu","đen","xăng","2","tự động","5","100450","https://bonbanh.com/oto/generic"
"6975277","VinFast VF8 Plus AWD - 2025","VinFast","cũ","2025","850","TP HCM","lắp ráp trong nước","xám","điện",,"tự động","5","8500","https://bonbanh.com/oto/generic"
"6975274","Suzuki Ertiga GL 1.5 MT - 2021","Suzuki","cũ","2021","319","Hà Nội","nhập khẩu","đen","xăng","1.5","tay","7",,"https://bonbanh.com/oto/generic"
"6975273","Toyota Innova Cross HEV 2.0 CVT - 2024","Toyota","cũ","2024","905","TP HCM","nhập khẩu","bạc","hybrid","2","tự động","7","55000","https://bonbanh.com/oto/generic"
"6975272","Jaecoo J5 EV - 2026","Jaecoo","mới","2026","599","TP HCM","lắp ráp trong nước","trắng","điện",,"tự động","5",,"https://bonbanh.com/oto/generic"
"6975271","Kia Carnival Signature 2.2D - 2023","Kia","cũ","2023","1050","Hà Nội","lắp ráp trong nước","xanh","dầu","2.2","tự động","7",,"https://bonbanh.com/oto/generic"
"6975268","Kia Carnival Premium 2.2D - 2021","Kia","cũ","2021","875","Hà Nội","lắp ráp trong nước","xanh","dầu","2.2","tự động","8","70000","https://bonbanh.com/oto/generic"
"6975267","Hyundai Universe giường - 2009","Hyundai","cũ","2009","275","TP HCM","nhập khẩu","xanh","dầu",,"tay","41",,"https://bonbanh.com/oto/generic"
"6975266","Kia Carnival Premium 2.2D - 2022","Kia","cũ","2022","959","TP HCM","lắp ráp trong nước","đỏ","dầu","2.2","tự động","8","40000","https://bonbanh.com/oto/generic"
"6975263","Mercedes Benz C class C200 Avantgarde Plus - 2022","Mercedes","cũ","2022","1199","Hà Nội","lắp ráp trong nước","xám","xăng","1.5","tự động","5","30000","https://bonbanh.com/oto/generic"
"6975262","Toyota Fortuner 2.5G - 2016","Toyota","cũ","2016","475","Hà Nội","lắp ráp trong nước","bạc","dầu","2.5","tay","7","110000","https://bonbanh.com/oto/generic"
"6975259","Kia Sedona 3.3 GAT Premium - 2019","Kia","cũ","2019","625","Hà Nội","lắp ráp trong nước","nâu","xăng","3.3","tự động","7",,"https://bonbanh.com/oto/generic"
"6975258","Toyota Innova E 2.0 MT - 2021","Toyota","cũ","2021","470","TP HCM","lắp ráp trong nước","đồng","xăng","2","tay","8",,"https://bonbanh.com/oto/generic"
"6975255","Mazda CX5 Signature Sport 2.5 AT AWD - 2024","Mazda","cũ","2024","795","TP HCM","lắp ráp trong nước","trắng","xăng","2.5","tự động","5","8000","https://bonbanh.com/oto/generic"
"6975254","Toyota Corolla altis 1.8G AT - 2009","Toyota","cũ","2009","219","Hà Nội","lắp ráp trong nước","đen","xăng","1.8","tự động","5",,"https://bonbanh.com/oto/generic"
"6975251","Toyota Vios E 1.5 MT - 2023","Toyota","cũ","2023","295","Hà Nội","lắp ráp trong nước","cát","xăng","1.5","tay","5",,"https://bonbanh.com/oto/generic"
"6975248","Toyota Corolla altis 2.0V - 2009","Toyota","cũ","2009","238","TP HCM","lắp ráp trong nước","bạc","xăng","2","tự động","5",,"https://bonbanh.com/oto/generic"
"6975245","Kia Cerato 1.6 AT - 2018","Kia","cũ","2018","359","Hà Nội","lắp ráp trong nước","đỏ","xăng","1.6","tự động","5","80000","https://bonbanh.com/oto/generic"
"6975241","Mercedes Benz GLC 300 4Matic - 2023","Mercedes","cũ","2023","1988","TP HCM","lắp ráp trong nước","xám","xăng","2","tự động","5","15000","https://bonbanh.com/oto/generic"
"6975238","Kia K3 Premium 1.6 AT - 2022","Kia","cũ","2022","499","Hà Nội","lắp ráp trong nước","trắng","xăng","1.6","tự động","5","60000","https://bonbanh.com/oto/generic"
"6975237","Mercedes Benz GLC 300 4Matic - 2024","Mercedes","cũ","2024","2199","TP HCM","lắp ráp trong nước","trắng","hybrid","2","tự động","5","10000","https://bonbanh.com/oto/generic"
"6975234","Lexus GX 470 - 2008","Lexus","cũ","2008","699","Hà Nội","nhập khẩu","đen","xăng","4.7","tự động","7","12000","https://bonbanh.com/oto/generic"
"6975232","Mercedes Benz E class E200 - 2019","Mercedes","cũ","2019","979","TP HCM","lắp ráp trong nước","đen","xăng","2","tự động","5","27890","https://bonbanh.com/oto/generic"
"6975231","Chevrolet Cruze LT 1.6 MT - 2016","Chevrolet","cũ","2016","179","TP HCM","lắp ráp trong nước","trắng","xăng","1.6","tay","5",,"https://bonbanh.com/oto/generic"
"6975228","Mercedes Benz GLC 300 4Matic - 2021","Mercedes","cũ","2021","1478","TP HCM","lắp ráp trong nước","trắng","xăng","2","tự động","5","15000","https://bonbanh.com/oto/generic"
"6975225","Mercedes Benz GLC 300 4Matic - 2021","Mercedes","cũ","2021","1479","Hà Nội","lắp ráp trong nước","trắng","xăng","2","tự động","5",,"https://bonbanh.com/oto/generic"
"6975223","Mercedes Benz GLC 300 4Matic - 2019","Mercedes","cũ","2019","1100","TP HCM","lắp ráp trong nước","đỏ","xăng","2","tự động","5","60000","https://bonbanh.com/oto/generic"
"6975222","Toyota Yaris 1.3E - 2015","Toyota","cũ","2015","285","Cần Thơ","nhập khẩu","trắng","xăng","1.3","tự động","5",,"https://bonbanh.com/oto/generic"
"6975219","Lexus LX 600 F-Sport - 2023","Lexus","cũ","2023","7200","Hà Nội","nhập khẩu","trắng","xăng","3.4","tự động","5","33000","https://bonbanh.com/oto/generic"
"6975218","Hyundai Accent 1.4 MT - 2019","Hyundai","cũ","2019","219","Đồng Nai","lắp ráp trong nước","đỏ","xăng","1.4","tay","5","40000","https://bonbanh.com/oto/generic"
"6975215","VinFast Fadil 1.4 AT - 2020","VinFast","cũ","2020","245","Đồng Nai","lắp ráp trong nước","đỏ","xăng","1.4","tự động","5","58000","https://bonbanh.com/oto/generic"
"6975214","VinFast VF8 Eco - 2026","VinFast","mới","2026","808","TP HCM","lắp ráp trong nước","trắng","điện",,"tự động","5",,"https://bonbanh.com/oto/generic"
"6975213","Lexus RX 300 - 2021","Lexus","cũ","2021","2599","Hà Nội","nhập khẩu","trắng","xăng","2","tự động","5","30000","https://bonbanh.com/oto/generic"
"6975210","Mercedes Benz GLC 200 - 2019","Mercedes","cũ","2019","839","Bình Dương","lắp ráp trong nước","đen","xăng","2","tự động","5",,"https://bonbanh.com/oto/generic"
"6975209","Porsche Cayenne Coupe - 2022","Porsche","cũ","2022","4279","TP HCM","nhập khẩu","đỏ","xăng","3","tự động","5","27000","https://bonbanh.com/oto/generic"
"6975208","Mazda 2 1.5 AT - 2023","Mazda","cũ","2023","358","Đồng Nai","nhập khẩu","đỏ","xăng","1.5","tự động","5","50000","https://bonbanh.com/oto/generic"
"6975207","VinFast VF8 Plus - 2026","VinFast","mới","2026","971","TP HCM","lắp ráp trong nước","trắng","điện",,"tự động","5",,"https://bonbanh.com/oto/generic"
"6975206","Toyota Avanza Premio 1.5 AT - 2024","Toyota","cũ","2024","406","TP HCM","lắp ráp trong nước","trắng","xăng","1.5","tự động","7","90000","https://bonbanh.com/oto/generic"
"6975202","VinFast VF8 Plus - 2026","VinFast","mới","2026","971","TP HCM","lắp ráp trong nước","đỏ","điện",,"tự động","5",,"https://bonbanh.com/oto/generic"
"6975201","Mercedes Benz C class C200 Avantgarde Plus - 2022","Mercedes","cũ","2022","1229","Hà Nội","lắp ráp trong nước","đen","xăng","1.5","tự động","5","21000","https://bonbanh.com/oto/generic"
"6975197","Lexus RX 350 Premium - 2025","Lexus","cũ","2025","3439","Hà Nội","nhập khẩu","trắng","xăng","2.4","tự động","5","9000","https://bonbanh.com/oto/generic"
"6975196","Mercedes Benz Sprinter 311 ESP - 2010","Mercedes","cũ","2010","175","TP HCM","lắp ráp trong nước",,"dầu","2.2","tay","10",,"https://bonbanh.com/oto/generic"
"6975193","Toyota Land Cruiser GX 4.5 - 2002","Toyota","cũ","2002","325","Hà Nội","nhập khẩu","ghi","xăng","4.5","tay","8","231525","https://bonbanh.com/oto/generic"
"6975192","Mercedes Benz GLC 300 4Matic - 2021","Mercedes","cũ","2021","1479","Hà Nội","lắp ráp trong nước","trắng","xăng","2","tự động","5","25000","https://bonbanh.com/oto/generic"
"6975191","Mitsubishi Pajero Sport D 4x2 MT - 2014","Mitsubishi","cũ","2014","265","Cần Thơ","lắp ráp trong nước","cát","dầu","2.5","tay","7","122000","https://bonbanh.com/oto/generic"
"6975188","Mitsubishi Xforce Exceed - 2024","Mitsubishi","cũ","2024","515","Gia Lai","nhập khẩu","trắng","xăng","1.5","tự động","5","11000","https://bonbanh.com/oto/generic"
"6975187","VinFast VF e34 AT - 2022","VinFast","cũ","2022","315","TP HCM","lắp ráp trong nước","đen","điện",,"tự động","5","190000","https://bonbanh.com/oto/generic"
"6975184","Ford Explorer Limited 2.3L EcoBoost - 2020","Ford","cũ","2020","915","TP HCM","nhập khẩu","trắng","xăng","2.3","tự động","7",,"https://bonbanh.com/oto/generic"
"6975183","Hyundai County 3.9L - 2009","Hyundai","cũ","2009","270","TP HCM","lắp ráp trong nước","kem","dầu","3.9","tay","14",,"https://bonbanh.com/oto/generic"
"6975182","VinFast VF6 Eco - 2026","VinFast","mới","2026","581","TP HCM","lắp ráp trong nước","xám","điện",,"tự động","5",,"https://bonbanh.com/oto/generic"
"6975181","Mercedes Benz GLC 250 4Matic - 2018","Mercedes","cũ","2018","839","TP HCM","lắp ráp trong nước","trắng","xăng","2","tự động","5","86000","https://bonbanh.com/oto/generic"
"6975178","Mercedes Benz C class C200 Avantgarde Plus - 2021","Mercedes","cũ","2021","1140","Hà Nội","lắp ráp trong nước","đen","xăng","1.5","tự động","5","14000","https://bonbanh.com/oto/generic"
"6975177","VinFast VF6 Plus - 2026","VinFast","mới","2026","629","TP HCM","lắp ráp trong nước","đỏ","điện",,"tự động","5",,"https://bonbanh.com/oto/generic"
"6975174","VinFast VF MPV 7 AT - 2026","VinFast","mới","2026","675","TP HCM","lắp ráp trong nước","nâu","điện",,"tự động","7",,"https://bonbanh.com/oto/generic"
"6975173","Toyota Innova 2.0E - 2019","Toyota","cũ","2019","378","Hải Dương","lắp ráp trong nước","xám","xăng","2","tay","8","150000","https://bonbanh.com/oto/generic"
"6975172","Mercedes Benz GLS 450 4Matic - 2025","Mercedes","cũ","2025","5479","Hà Nội","nhập khẩu","đen","xăng","3","tự động","7",,"https://bonbanh.com/oto/generic"
"6975171","VinFast VF MPV 7 AT - 2026","VinFast","mới","2026","675","TP HCM","lắp ráp trong nước","đen","điện",,"tự động","7",,"https://bonbanh.com/oto/generic"
"6975168","VinFast VF MPV 7 AT - 2026","VinFast","mới","2026","675","TP HCM","lắp ráp trong nước","trắng","điện",,"tự động","7",,"https://bonbanh.com/oto/generic"
"6975167","VinFast VF MPV 7 AT - 2026","VinFast","mới","2026","675","TP HCM","lắp ráp trong nước","xanh","điện",,"tự động","7",,"https://bonbanh.com/oto/generic"
"6975164","Toyota Innova G SR - 2010","Toyota","cũ","2010","169","Hải Dương","lắp ráp trong nước","cát","xăng","2","tay","8","180000","https://bonbanh.com/oto/generic"
"6975163","VinFast VF5 Plus - 2026","VinFast","mới","2026","421","TP HCM","lắp ráp trong nước","đen","điện",,"tự động","5",,"https://bonbanh.com/oto/generic"
"6975160","VinFast VF5 Plus - 2026","VinFast","mới","2026","421","TP HCM","lắp ráp trong nước","đỏ","điện",,"tự động","5",,"https://bonbanh.com/oto/generic"
"6975159","VinFast VF5 Plus - 2026","VinFast","mới","2026","421","TP HCM","lắp ráp trong nước","xanh","điện",,"tự động","5",,"https://bonbanh.com/oto/generic"
"6975158","VinFast VF5 Plus - 2026","VinFast","mới","2026","421","TP HCM","lắp ráp trong nước","trắng","điện",,"tự động","5",,"https://bonbanh.com/oto/generic"
"6975155","VinFast VF5 Plus - 2026","VinFast","mới","2026","421","TP HCM","lắp ráp trong nước","xám","điện",,"tự động","5",,"https://bonbanh.com/oto/generic"
"6975152","VinFast Limo Green AT - 2026","VinFast","mới","2026","664","TP HCM","lắp ráp trong nước","xanh","điện",,"tự động","7",,"https://bonbanh.com/oto/generic"
"6975149","Toyota Camry LE 2.2 AT - 1997","Toyota","cũ","1997","135","Tây Ninh","nhập khẩu","trắng","xăng","2.2","tự động","5","108000","https://bonbanh.com/oto/generic"
"6975148","VinFast Limo Green AT - 2026","VinFast","mới","2026","664","TP HCM","lắp ráp trong nước","đỏ","điện",,"tự động","7",,"https://bonbanh.com/oto/generic"
"6975147","VinFast Limo Green AT - 2026","VinFast","mới","2026","664","TP HCM","lắp ráp trong nước","bạc","điện",,"tự động","7",,"https://bonbanh.com/oto/generic"
"6975146","Mazda 3 1.5L Luxury - 2022","Mazda","cũ","2022","495","Hà Nội","lắp ráp trong nước","xanh","xăng","1.5","tự động","5","36000","https://bonbanh.com/oto/generic"
"6975142","VinFast VF8 Plus AWD - 2025","VinFast","cũ","2025","850","Hà Nội","lắp ráp trong nước","xám","điện",,"tự động","5","30000","https://bonbanh.com/oto/generic"
"6975141","VinFast VF3 Plus - 2026","VinFast","mới","2026","281","TP HCM","lắp ráp trong nước","đen","điện",,"tự động","4",,"https://bonbanh.com/oto/generic"
"6975138","VinFast VF3 Plus - 2026","VinFast","mới","2026","281","TP HCM","lắp ráp trong nước","xanh","điện",,"tự động","4",,"https://bonbanh.com/oto/generic"
"6975137","VinFast VF3 Plus - 2026","VinFast","mới","2026","281","TP HCM","lắp ráp trong nước","trắng","điện",,"tự động","4",,"https://bonbanh.com/oto/generic"
"6975134","Kia Carnival Premium 2.2D - 2022","Kia","cũ","2022","959","TP HCM","lắp ráp trong nước","đỏ","dầu","2.2","tự động","8","40000","https://bonbanh.com/oto/generic"
"6975133","Acura MDX 3.5L - 2014","Acura","cũ","2014","1100","TP HCM","nhập khẩu","trắng","xăng","3.5","tự động","7",,"https://bonbanh.com/oto/generic"
"6975130","Honda Civic 1.8 MT - 2008","Honda","cũ","2008","165","Hà Nội","lắp ráp trong nước","đen","xăng","1.8","tay","5","140000","https://bonbanh.com/oto/generic"
"6975126","Geely EX5 Max - 2025","Geely","cũ","2025","730","Bình Dương","nhập khẩu","xanh","điện",,"tự động","5","40000","https://bonbanh.com/oto/generic"
"6975092","BMW 3 Series 320i M Sport - 2022","BMW","cũ","2022","1198","TP HCM","lắp ráp trong nước","trắng","xăng","2","tự động","5","39000","https://bonbanh.com/oto/generic"
"6975072","Nissan Qashqai LE AWD - 2010","Nissan","cũ","2010","210","Hà Nội","nhập khẩu","trắng","xăng","2","tự động","5","175000","https://bonbanh.com/oto/generic"
"6975067","Ford Transit Limousine 10S - 2025","Ford","mới","2025","1296","TP HCM","lắp ráp trong nước","trắng","dầu","2.3","tay","10",,"https://bonbanh.com/oto/generic"
"6975013","Kia Carnival Signature 2.2D - 2022","Kia","cũ","2022","1000","Hà Nội","lắp ráp trong nước","xanh","dầu","2.2","tự động","7",,"https://bonbanh.com/oto/generic"
"6975006","Hyundai Custin Cao Cấp 2.0T - 2023","Hyundai","cũ","2023","799","Long An","lắp ráp trong nước","trắng","xăng","2","tự động","7","19000","https://bonbanh.com/oto/generic"
"6974989","Toyota Rush 1.5S AT - 2021","Toyota","cũ","2021","430","Bắc Ninh","nhập khẩu","đen","xăng","1.5","tự động","7","81000","https://bonbanh.com/oto/generic"
"6974977","Jeep Wrangler Rubicon 2.0 4x4 AT - 2023","Jeep","cũ","2023","2599","TP HCM","nhập khẩu","đen","xăng","2","tự động","5","14000","https://bonbanh.com/oto/generic"
"6974973","Lexus LX 600 Urban - 2024","Lexus","cũ","2024","7990","Hà Nội","nhập khẩu","đen","xăng","3.4","tự động","7","15000","https://bonbanh.com/oto/generic"
"6974947","Hyundai Tucson 1.6 AT Turbo Đặc biệt - 2021","Hyundai","cũ","2021","636","Bình Phước","lắp ráp trong nước","trắng","xăng","1.6","tự động","5","102000","https://bonbanh.com/oto/generic"
"6974929","VinFast VF6 Plus - 2026","VinFast","mới","2026","664","Hà Nội","lắp ráp trong nước","trắng","điện",,"tự động","5",,"https://bonbanh.com/oto/generic"
"6974928","BMW 5 Series 528i GT - 2017","BMW","cũ","2017","775","TP HCM","nhập khẩu","trắng","xăng","2","tự động","5","63000","https://bonbanh.com/oto/generic"
"6974923","Honda City RS 1.5 AT - 2022","Honda","cũ","2022","407","Hà Nội","lắp ráp trong nước","xám","xăng","1.5","tự động","5","77000","https://bonbanh.com/oto/generic"
"6974906","Toyota Land Cruiser 3.5 V6 - 2025","Toyota","cũ","2025","3359","Hà Nội","nhập khẩu","đen","xăng","3.4","tự động","7","39000","https://bonbanh.com/oto/generic"
"6974891","Kia Morning MT - 2016","Kia","cũ","2016","125","Hà Nội","lắp ráp trong nước","bạc","xăng","1.25","tay","5",,"https://bonbanh.com/oto/generic"
"6974861","Toyota Yaris 1.3 AT - 2009","Toyota","cũ","2009","189","Hà Nội","nhập khẩu","xanh","xăng","1.3","tự động","5",,"https://bonbanh.com/oto/generic"
"6974844","Toyota Innova 2.0E - 2019","Toyota","cũ","2019","360","Hà Nội","lắp ráp trong nước","bạc","xăng","2","tay","8",,"https://bonbanh.com/oto/generic"
"6974820","Hyundai Tucson 1.6 AT Turbo HTRAC Đặc biệt - 2023","Hyundai","cũ","2023","779","Hà Nội","lắp ráp trong nước","trắng","xăng","1.6","tự động","5","30000","https://bonbanh.com/oto/generic"
"6974803","VinFast VF2 Eco - 2026","VinFast","mới","2026","175","TP HCM","lắp ráp trong nước","trắng","điện",,"tự động","4",,"https://bonbanh.com/oto/generic"
"6974767","VinFast VF3 Plus - 2025","VinFast","cũ","2025","239","Hải Phòng","lắp ráp trong nước","hồng","điện",,"tự động","4","20000","https://bonbanh.com/oto/generic"
"6974765","VinFast VF3 Plus - 2025","VinFast","cũ","2025","239","Hải Phòng","lắp ráp trong nước","hồng","điện",,"tự động","4","20000","https://bonbanh.com/oto/generic"
"6974760","Toyota Innova Cross HEV 2.0 CVT - 2025","Toyota","cũ","2025","945","Hà Nội","nhập khẩu","đen","hybrid","2","tự động","7","14000","https://bonbanh.com/oto/generic"
"6974754","Toyota Vios E 1.5 MT - 2022","Toyota","cũ","2022","325","Hà Nội","lắp ráp trong nước","đen","xăng","1.5","tay","5","20800","https://bonbanh.com/oto/generic"
"6974743","Mitsubishi Destinator Premium - 2026","Mitsubishi","mới","2026","702","TP HCM","nhập khẩu","trắng","xăng","1.5","tự động","7",,"https://bonbanh.com/oto/generic"
"6974731","Mazda 3 1.5L Luxury - 2019","Mazda","cũ","2019","420","Đồng Nai","lắp ráp trong nước","trắng","xăng","1.5","tự động","5","55000","https://bonbanh.com/oto/generic"
"6974724","Mercedes Benz E class E300 AMG - 2026","Mercedes","mới","2026","3124","Hà Nội","lắp ráp trong nước","trắng","hybrid","2","tự động","5",,"https://bonbanh.com/oto/generic"
"6974702","LandRover Range Rover Evoque HSE - 2017","LandRover","cũ","2017","960","Hà Nội","nhập khẩu",,"xăng","2","tự động","5","63000","https://bonbanh.com/oto/generic"
"6974695","Ford Everest Titanium 2.0L 4x2 AT - 2025","Ford","cũ","2025","1195","Hà Nội","nhập khẩu","trắng","dầu","2","tự động","7","20000","https://bonbanh.com/oto/generic"
"6974688","Honda City 1.5 AT - 2016","Honda","cũ","2016","280","Hà Nội","lắp ráp trong nước","nâu","xăng","1.5","tự động","5","14000","https://bonbanh.com/oto/generic"
"6974682","Honda CRV L - 2020","Honda","cũ","2020","695","Hà Nội","lắp ráp trong nước","bạc","xăng","1.5","tự động","7","90000","https://bonbanh.com/oto/generic"
"6974680","Toyota Fortuner 2.4G 4x2 AT - 2020","Toyota","cũ","2020","795","TP HCM","lắp ráp trong nước","xám","dầu","2.4","tự động","7","80000","https://bonbanh.com/oto/toyota"
"6974676","Suzuki Fronx GLX Plus - 2026","Suzuki","mới","2026","590","Hà Nội","nhập khẩu","xanh","hybrid","1.5","tự động","5",,"https://bonbanh.com/oto/generic"
"6974669","Toyota Rush 1.5S AT - 2020","Toyota","cũ","2020","430","TP HCM","nhập khẩu","đỏ","xăng","1.5","tự động","7","41000","https://bonbanh.com/oto/generic"
"6974666","Mercedes Benz S class S450L - 2017","Mercedes","cũ","2017","1683","TP HCM","lắp ráp trong nước","đen","xăng","3","tự động","5","60000","https://bonbanh.com/oto/generic"
"6974665","Hyundai Universe Xpress Luxury 47c - 2016","Hyundai","cũ","2016","750","Hà Nội","lắp ráp trong nước","trắng","dầu",,"tay","47","200000","https://bonbanh.com/oto/generic"
"6974663","Suzuki Fronx GLX - 2025","Suzuki","mới","2025","514","Hà Nội","nhập khẩu","trắng","hybrid","1.5","tự động","5",,"https://bonbanh.com/oto/generic"
"6974655","Peugeot 5008 GT 1.6 AT - 2022","Peugeot","cũ","2022","780","Hà Nội","lắp ráp trong nước","đen","xăng","1.6","tự động","7","39000","https://bonbanh.com/oto/generic"
"6974649","Honda BR V L - 2024","Honda","cũ","2024","609","TP HCM","nhập khẩu","xám","xăng","1.5","tự động","7","3900","https://bonbanh.com/oto/honda"
"6974633","Toyota Camry 2.5 HEV Mid - 2025","Toyota","cũ","2025","1279","TP HCM","nhập khẩu","xám","hybrid","2.5","tự động","5","20000","https://bonbanh.com/oto/generic"
"6974628","Lexus LX 570 - 2008","Lexus","cũ","2008","1250","TP HCM","nhập khẩu","xám","xăng","5.7","tự động","7",,"https://bonbanh.com/oto/generic"
"6974614","Peugeot 3008 GT - 2025","Peugeot","cũ","2025","885","TP HCM","lắp ráp trong nước","trắng","xăng","1.6","tự động","5","9300","https://bonbanh.com/oto/peugeot"
"6974512","Ford Everest Platinum 2.0L 4x4 AT - 2025","Ford","cũ","2025","1430","Hà Nội","nhập khẩu","đen","dầu","2","tự động","7","15000","https://bonbanh.com/oto/generic"
"6974501","Toyota Raize G 1.0 CVT - 2025","Toyota","cũ","2025","493","Hà Nội","nhập khẩu","trắng","xăng","1","tự động","5","8000","https://bonbanh.com/oto/generic"
"6974496","Volkswagen Teramont Limited Edition 2.0 AT - 2023","Volkswagen","cũ","2023","1620","TP HCM","nhập khẩu","đỏ","xăng","2","tự động","7","15000","https://bonbanh.com/oto/generic"
"6974495","Mazda 6 2.5 AT - 2015","Mazda","cũ","2015","339","Hà Nội","lắp ráp trong nước","đen","xăng","2.5","tự động","5","90000","https://bonbanh.com/oto/generic"
"6974465","Volkswagen Viloran Luxury - 2024","Volkswagen","cũ","2024","1790","TP HCM","nhập khẩu","đỏ","xăng","2","tự động","7","43000","https://bonbanh.com/oto/generic"
"6974442","Toyota Land Cruiser VXR 4.0 V6 - 2022","Toyota","cũ","2022","4486","TP HCM","nhập khẩu","đen","xăng","4","tự động","7","58000","https://bonbanh.com/oto/generic"
"6974437","Volkswagen Viloran Luxury - 2024","Volkswagen","cũ","2024","1939","TP HCM","nhập khẩu","đen","xăng","2","tự động","7","28000","https://bonbanh.com/oto/generic"
"6974429","Ford Everest Wildtrak 2.0L 4x4 AT - 2023","Ford","cũ","2023","1175","TP HCM","nhập khẩu","đỏ","dầu","2","tự động","7","70000","https://bonbanh.com/oto/generic"
"6974405","Mazda CX5 Premium Exclusive 2.0 AT - 2023","Mazda","cũ","2023","758","TP HCM","lắp ráp trong nước","đỏ","xăng","2","tự động","5","1200","https://bonbanh.com/oto/generic"
"6974398","Hyundai Creta Đặc biệt 1.5 AT - 2022","Hyundai","cũ","2022","528","TP HCM","nhập khẩu","trắng","xăng","1.5","tự động","5","27000","https://bonbanh.com/oto/generic"
"6974336","Mercedes Benz C class C200 Kompressor - 2003","Mercedes","cũ","2003","150","Thái Nguyên","lắp ráp trong nước","đen","xăng","1.8","tự động","5","172000","https://bonbanh.com/oto/generic"
"6974254","Kia Carnival Signature 2.2D - 2022","Kia","cũ","2022","1000","Hà Nội","lắp ráp trong nước","xanh","dầu","2.2","tự động","7","11000","https://bonbanh.com/oto/generic"
"6974241","Mazda 6 Premium 2.0 AT - 2019","Mazda","cũ","2019","460","TP HCM","lắp ráp trong nước","xanh","xăng","2","tự động","5","99000","https://bonbanh.com/oto/generic"
"6974229","Ford Everest Titanium 2.0L 4x2 AT - 2019","Ford","cũ","2019","730","TP HCM","nhập khẩu","vàng","dầu","2","tự động","7","60000","https://bonbanh.com/oto/generic"
"6974133","VinFast EC Van Tiêu Chuẩn - 2026","VinFast","mới","2026","248","Hà Nội","lắp ráp trong nước","đỏ","điện",,"tự động","2",,"https://bonbanh.com/oto/generic"
"6974048","Mercedes Benz GLE Class GLE 400 4Matic Coupe - 2017","Mercedes","cũ","2017","1292","TP HCM","nhập khẩu","nâu","xăng","3","tự động","5","94500","https://bonbanh.com/oto/generic"
"6974041","Toyota Camry 2.0G - 2020","Toyota","cũ","2020","690","TP HCM","nhập khẩu","đen","xăng","2","tự động","5","80000","https://bonbanh.com/oto/generic"
"6974032","Hyundai SantaFe 2.2L - 2021","Hyundai","cũ","2021","785","TP HCM","lắp ráp trong nước","đen","dầu","2.2","tự động","7","80000","https://bonbanh.com/oto/generic"
"6974027","Mercedes Benz GLC 250 4Matic - 2019","Mercedes","cũ","2019","855","TP HCM","lắp ráp trong nước","đen","xăng","2","tự động","5","100000","https://bonbanh.com/oto/generic"
"6974008","Toyota Innova 2.0E - 2019","Toyota","cũ","2019","420","TP HCM","lắp ráp trong nước","xám","xăng","2","tay","8","130100","https://bonbanh.com/oto/generic"
"6973978","Lexus LX 570 - 2008","Lexus","cũ","2008","1395","TP HCM","nhập khẩu","đen","xăng","5.7","tự động","7","110000","https://bonbanh.com/oto/generic"
"6973955","Mercedes Benz S class S400L - 2016","Mercedes","cũ","2016","1099","Hà Nội","lắp ráp trong nước","trắng","xăng","3","tự động","5","60000","https://bonbanh.com/oto/generic"
"6973950","Mercedes Benz S class S400L - 2016","Mercedes","cũ","2016","1252","TP HCM","lắp ráp trong nước","đỏ","xăng","3","tự động","5",,"https://bonbanh.com/oto/generic"
"6973910","Mazda 3 1.5L Luxury - 2023","Mazda","cũ","2023","540","Hà Nội","lắp ráp trong nước","trắng","xăng","1.5","tự động","5","50000","https://bonbanh.com/oto/generic"
"6973909","Hyundai SantaFe Premium 2.4L HTRAC - 2019","Hyundai","cũ","2019","695","Hà Nội","lắp ráp trong nước","trắng","xăng","2.4","tự động","7","77000","https://bonbanh.com/oto/generic"
"6973878","Toyota Land Cruiser VX 4.6 V8 - 2016","Toyota","cũ","2016","2890","Hà Nội","nhập khẩu","đen","xăng","4.6","tự động","8",,"https://bonbanh.com/oto/generic"
"6973862","Toyota Fortuner 2.4G 4x2 AT - 2020","Toyota","cũ","2020","799","TP HCM","lắp ráp trong nước","xám","dầu","2.4","tự động","7","80000","https://bonbanh.com/oto/generic"
"6973856","Kia Carnival Signature 2.2D - 2023","Kia","cũ","2023","1045","TP HCM","lắp ráp trong nước","xám","dầu","2.2","tự động","7","68000","https://bonbanh.com/oto/generic"
"6973854","Mercedes Benz GL 500 4Matic - 2015","Mercedes","cũ","2015","1055","TP HCM","nhập khẩu","nâu","xăng","4.7","tự động","7","80000","https://bonbanh.com/oto/generic"
"6973841","Toyota Land Cruiser VX 4.6 V8 - 2016","Toyota","cũ","2016","2890","Hà Nội","nhập khẩu","đen","xăng","4.6","tự động","8","130000","https://bonbanh.com/oto/generic"
"6973830","Mazda 6 Luxury 2.0 AT - 2019","Mazda","cũ","2019","430","Hà Nội","lắp ráp trong nước","đỏ","xăng","2","tự động","5","67000","https://bonbanh.com/oto/generic"
"6973808","Kia Carnival Luxury 2.2D - 2021","Kia","cũ","2021","828","TP HCM","lắp ráp trong nước","xanh","dầu","2.2","tự động","8","27000","https://bonbanh.com/oto/generic"
"6973791","Mazda CX5 Premium Sport 2.0 AT - 2023","Mazda","cũ","2023","745","TP HCM","lắp ráp trong nước","trắng","xăng","2","tự động","5","11000","https://bonbanh.com/oto/generic"
"6973740","Mazda CX5 Premium 2.0 AT - 2025","Mazda","cũ","2025","768","TP HCM","lắp ráp trong nước","vàng","xăng","2","tự động","5","8000","https://bonbanh.com/oto/generic"
"6973734","Mazda CX5 Premium Sport 2.0 AT - 2025","Mazda","cũ","2025","779","TP HCM","lắp ráp trong nước","xám","xăng","2","tự động","5","19000","https://bonbanh.com/oto/generic"
"6973715","VinFast VF7 Plus - 2026","VinFast","cũ","2026","769","Hà Nội","lắp ráp trong nước","trắng","điện",,"tự động","5","4200","https://bonbanh.com/oto/generic"
"6973647","Mercedes Benz GLC 200 4Matic - 2021","Mercedes","cũ","2021","1290","TP HCM","lắp ráp trong nước","trắng","xăng","2","tự động","5","30000","https://bonbanh.com/oto/generic"
"6973635","Kia K3 Premium 1.6 AT - 2024","Kia","cũ","2024","545","Hà Nội","lắp ráp trong nước","đỏ","xăng","1.6","tự động","5","30000","https://bonbanh.com/oto/generic"
"6973609","Toyota Prado TXL 2.7L - 2016","Toyota","cũ","2016","1148","Hà Nội","nhập khẩu","trắng","xăng","2.7","tự động","7","190000","https://bonbanh.com/oto/generic"
"6973519","Toyota Fortuner 2.4G 4x2 MT - 2017","Toyota","cũ","2017","540","Hà Nội","nhập khẩu","bạc","dầu","2.4","tay","7","150000","https://bonbanh.com/oto/generic"
"6973508","Kia Morning Luxury - 2022","Kia","cũ","2022","320","Hà Nội","lắp ráp trong nước","trắng","xăng","1.25","tự động","5","35000","https://bonbanh.com/oto/generic"
"6973503","Toyota Camry 2.5HV - 2022","Toyota","cũ","2022","1139","TP HCM","nhập khẩu","trắng","hybrid","2.5","tự động","5","30000","https://bonbanh.com/oto/generic"
"6973465","Toyota Land Cruiser VX 4.6 V8 - 2016","Toyota","cũ","2016","2699","Hà Nội","nhập khẩu","trắng","xăng","4.6","tự động","8","120000","https://bonbanh.com/oto/generic"
"6973459","Kia Cerato 1.6 AT - 2018","Kia","cũ","2018","360","Hà Nội","lắp ráp trong nước","trắng","xăng","1.6","tự động","5","100000","https://bonbanh.com/oto/kia"
"6973406","Mazda CX5 Luxury 2.0 AT - 2021","Mazda","cũ","2021","585","Hà Nội","lắp ráp trong nước","trắng","xăng","2","tự động","5","71000","https://bonbanh.com/oto/generic"
"6973403","Mazda 3 S 1.6 AT - 2014","Mazda","cũ","2014","295","TP HCM","lắp ráp trong nước","đỏ","xăng","1.6","tự động","5","120000","https://bonbanh.com/oto/generic"
"6973369","Suzuki XL7 1.5 AT - 2022","Suzuki","cũ","2022","393","Hà Nội","nhập khẩu","ghi","xăng","1.5","tự động","7","79000","https://bonbanh.com/oto/generic"
"6973295","Chevrolet Spark LS 1.0 MT - 2015","Chevrolet","cũ","2015","110","TP HCM","lắp ráp trong nước","trắng","xăng","1","tay","5","115000","https://bonbanh.com/oto/generic"
"6973289","Hyundai SantaFe Cao cấp 2.2L HTRAC - 2021","Hyundai","cũ","2021","960","Hà Nội","lắp ráp trong nước","đen","dầu","2.2","tự động","7","24000","https://bonbanh.com/oto/generic"
"6973288","Hyundai Sonata 2.0 AT - 2015","Hyundai","cũ","2015","390","Bình Dương","nhập khẩu","đen","xăng","2","tự động","5","43000","https://bonbanh.com/oto/generic"
"6973287","Toyota Raize G 1.0 CVT - 2023","Toyota","cũ","2023","440","TP HCM","nhập khẩu","trắng","xăng","1","tự động","5","14000","https://bonbanh.com/oto/generic"
"6973280","Mitsubishi Xforce Luxury - 2026","Mitsubishi","mới","2026","572","Hà Nội","nhập khẩu","trắng","xăng","1.5","tự động","5",,"https://bonbanh.com/oto/generic"
"6973279","Mitsubishi Xpander 1.5 AT - 2026","Mitsubishi","mới","2026","484","Hà Nội","lắp ráp trong nước","bạc","xăng","1.5","tự động","7",,"https://bonbanh.com/oto/generic"
"6973277","Mitsubishi Attrage Premium 1.2 CVT - 2026","Mitsubishi","mới","2026","438","Hà Nội","nhập khẩu","trắng","xăng","1.2","tự động","5",,"https://bonbanh.com/oto/generic"
"6973230","Hyundai i10 Grand 1.2 AT - 2021","Hyundai","cũ","2021","310","Hà Nội","lắp ráp trong nước","đỏ","xăng","1.2","tự động","5","45000","https://bonbanh.com/oto/generic"
"6973185","Toyota Fortuner 2.7V 4x2 AT - 2012","Mitsubishi","cũ","2012","329","Hà Nội","lắp ráp trong nước","bạc","xăng","2.7","tự động","7","100000","https://bonbanh.com/oto/mitsubishi"
"6973108","Lexus RX 300 - 2019","Lexus","cũ","2019","2300","Hà Nội","nhập khẩu","đen","xăng","2","tự động","5","67000","https://bonbanh.com/oto/generic"
"6973082","Volkswagen Teramont X Platinum 2.0 AT - 2024","Volkswagen","cũ","2024","1560","Hà Nội","nhập khẩu","xám","xăng","2","tự động","5","13000","https://bonbanh.com/oto/volkswagen"
"6973046","Toyota Corolla altis 1.8E AT - 2017","Toyota","cũ","2017","440","An Giang","lắp ráp trong nước","đen","xăng","1.8","tự động","5","80000","https://bonbanh.com/oto/generic"
"6973009","Kia Sedona 2.2L DATH - 2017","Kia","cũ","2017","545","Lâm Đồng","lắp ráp trong nước","trắng","dầu","2.2","tự động","7","80000","https://bonbanh.com/oto/generic"
"6972901","Lexus NX 300 - 2017","Lexus","cũ","2017","1350","TP HCM","nhập khẩu","trắng","xăng","2","tự động","5","95000","https://bonbanh.com/oto/generic"
"6972893","Mercedes Benz GLS 450 4Matic - 2021","Mercedes","cũ","2021","3550","Hà Nội","nhập khẩu","trắng","xăng","3","tự động","7","33000","https://bonbanh.com/oto/generic"
"6972871","Toyota Innova E 2.0 MT - 2021","Toyota","cũ","2021","505","Bình Dương","lắp ráp trong nước","đen","xăng","2","tay","8","25000","https://bonbanh.com/oto/generic"
"6972868","Hyundai SantaFe Cao cấp 2.5L HTRAC - 2021","Hyundai","cũ","2021","820","TP HCM","lắp ráp trong nước","trắng","xăng","2.5","tự động","7","77881","https://bonbanh.com/oto/generic"
"6972854","Mercedes Benz GLB 35 4Matic - 2021","Mercedes","cũ","2021","1238","Hà Nội","nhập khẩu","đen","xăng","2","tự động","7","23000","https://bonbanh.com/oto/generic"
"6972851","VinFast VF8 Plus AWD - 2026","VinFast","mới","2026","1050","Hà Nội","lắp ráp trong nước","trắng","điện",,"tự động","5",,"https://bonbanh.com/oto/generic"
"6972835","Toyota Land Cruiser VX 4.6 V8 - 2013","Toyota","cũ","2013","1689","Hà Nội","nhập khẩu","đen","xăng","4.6","tự động","8","170000","https://bonbanh.com/oto/generic"
"6972797","Kia Carnival Signature 3.5G - 2022","Kia","cũ","2022","1045","TP HCM","lắp ráp trong nước","đen","xăng","3.5","tự động","7","20000","https://bonbanh.com/oto/generic"
"6972765","Volkswagen Viloran Luxury - 2024","Volkswagen","cũ","2024","1939","Hà Nội","nhập khẩu","đen","xăng","2","tự động","7","28000","https://bonbanh.com/oto/generic"
"6972716","Mercedes Benz C class C200 Avantgarde Plus - 2022","Mercedes","cũ","2022","1229","Hà Nội","lắp ráp trong nước","đen","xăng","1.5","tự động","5","20000","https://bonbanh.com/oto/generic"
"6972695","Toyota Yaris 1.3G - 2016","Toyota","cũ","2016","310","TP HCM","nhập khẩu","trắng","xăng","1.3","tự động","5","70000","https://bonbanh.com/oto/generic"
"6972683","Mazda 3 1.5L Luxury - 2019","Mazda","cũ","2019","418","Hà Nội","lắp ráp trong nước","trắng","xăng","1.5","tự động","5",,"https://bonbanh.com/oto/mazda"
"6972656","Toyota Camry 2.0E - 2013","Toyota","cũ","2013","440","TP HCM","lắp ráp trong nước","đen","xăng","2","tự động","5","40000","https://bonbanh.com/oto/generic"
"6972653","Mazda CX5 Premium 2.0 AT - 2023","Mazda","cũ","2023","695","Hà Nội","lắp ráp trong nước","xám","xăng","2","tự động","5","30000","https://bonbanh.com/oto/generic"
"6972634","Mercedes Benz E class E300 AMG - 2016","Mercedes","cũ","2016","899","TP HCM","lắp ráp trong nước","trắng","xăng","2","tự động","5","73000","https://bonbanh.com/oto/generic"
"6972624","Mazda CX8 Premium - 2024","Mazda","cũ","2024","925","Hà Nội","lắp ráp trong nước","đỏ","xăng","2.5","tự động","7","30000","https://bonbanh.com/oto/generic"
"6972623","MG 5 Luxury 1.5 AT - 2022","MG","cũ","2022","368","Hà Nội","nhập khẩu","vàng","xăng","1.5","tự động","5","30000","https://bonbanh.com/oto/generic"
"6972618","Mazda CX5 2.5 AT AWD - 2018","Mazda","cũ","2018","559","Hà Nội","lắp ráp trong nước","trắng","xăng","2.5","tự động","5","90000","https://bonbanh.com/oto/generic"
"6972599","Honda CRV L - 2019","Honda","cũ","2019","688","Bình Dương","nhập khẩu","đen","xăng","1.5","tự động","7","61000","https://bonbanh.com/oto/generic"
"6972591","Ford Ranger Wildtrak 3.2L 4x4 AT - 2015","Ford","cũ","2015","420","Hà Nội","nhập khẩu","cam","dầu","3.2","tự động","5","140000","https://bonbanh.com/oto/generic"
"6972585","Toyota Fortuner 2.7V 4x4 AT - 2009","Toyota","cũ","2009","275","TP HCM","lắp ráp trong nước","bạc","xăng","2.7","tự động","7","100000","https://bonbanh.com/oto/generic"
"6972584","Mazda CX8 Premium 2.5 AT - 2024","Mazda","cũ","2024","910","Hà Nội","lắp ráp trong nước","đỏ","xăng","2.5","tự động","7","30000","https://bonbanh.com/oto/generic"
"6972583","Toyota Innova 2.0G - 2013","Toyota","cũ","2013","275","Hà Nội","lắp ráp trong nước","bạc","xăng","2","tự động","8","120000","https://bonbanh.com/oto/generic"
"6972579","Mercedes Benz GLC 300 4Matic - 2020","Mercedes","cũ","2020","1250","Hà Nội","nhập khẩu","đen","xăng","2","tự động","5","70000","https://bonbanh.com/oto/generic"
"6972573","Mazda CX5 Premium Exclusive 2.0 AT - 2024","Mazda","cũ","2024","745","Hà Nội","lắp ráp trong nước","trắng","xăng","2","tự động","5","50000","https://bonbanh.com/oto/generic"
"6972568","Suzuki Ertiga 1.4 AT - 2018","Suzuki","cũ","2018","350","TP HCM","nhập khẩu","đỏ","xăng","1.4","tự động","7","80000","https://bonbanh.com/oto/generic"
"6972560","Kia Sorento Premium 2.5G AT - 2025","Kia","cũ","2025","999","Hà Nội","lắp ráp trong nước","trắng","xăng","2.5","tự động","7","29000","https://bonbanh.com/oto/generic"
"6972556","Hyundai Accent 1.4 AT Đặc Biệt - 2021","Hyundai","cũ","2021","395","Hà Nội","lắp ráp trong nước","đen","xăng","1.4","tự động","5","68000","https://bonbanh.com/oto/generic"
"6972549","Ford EcoSport Titanium 1.5L AT - 2017","Ford","cũ","2017","256","Hà Nội","lắp ráp trong nước","đen","xăng","1.5","tự động","5","82000","https://bonbanh.com/oto/generic"
"6972542","Kia Carnival Signature 2.2D - 2024","Kia","cũ","2024","1080","Hà Nội","lắp ráp trong nước","trắng","dầu","2.2","tự động","7","52000","https://bonbanh.com/oto/generic"
"6972539","Toyota Yaris 1.3 AT - 2007","Toyota","cũ","2007","165","Hà Nội","nhập khẩu","xanh","xăng","1.3","tự động","5","150000","https://bonbanh.com/oto/generic"
"6972538","Mitsubishi Xpander Premium 1.5 AT - 2025","Mitsubishi","cũ","2025","550","Hà Nội","nhập khẩu","đen","xăng","1.5","tự động","7","20000","https://bonbanh.com/oto/generic"
"6972534","Toyota Fortuner TRD Sportivo 4x2 AT - 2016","Toyota","cũ","2016","470","Hà Nội","lắp ráp trong nước","trắng","xăng","2.7","tự động","7","100000","https://bonbanh.com/oto/generic"
"6972531","Mercedes Benz GLC 300 4Matic - 2021","Mercedes","cũ","2021","1379","Hà Nội","lắp ráp trong nước","đen","xăng","2","tự động","5","40000","https://bonbanh.com/oto/generic"
"6972525","Peugeot 2008 Active 1.2 AT - 2022","Peugeot","cũ","2022","485","Hà Nội","lắp ráp trong nước","đen","xăng","1.2","tự động","5","50000","https://bonbanh.com/oto/generic"
"6972517","Ford Everest Titanium 2.0L 4x2 AT - 2024","Ford","cũ","2024","1095","Hà Nội","nhập khẩu","xám","dầu","2","tự động","7","50000","https://bonbanh.com/oto/generic"
"6972504","Honda CRV L - 2024","Honda","cũ","2024","985","Hà Nội","lắp ráp trong nước","trắng","xăng","1.5","tự động","7","10000","https://bonbanh.com/oto/generic"
"6972495","Ford Everest Titanium Plus 2.0L 4x4 AT - 2022","Ford","cũ","2022","1145","Hà Nội","nhập khẩu","trắng","dầu","2","tự động","7",,"https://bonbanh.com/oto/generic"
"6972490","Mazda CX8 Premium - 2024","Mazda","cũ","2024","905","Hà Nội","lắp ráp trong nước","đỏ","xăng","2.5","tự động","7","30000","https://bonbanh.com/oto/generic"
"6972484","Mazda CX8 Luxury - 2021","Mazda","cũ","2021","696","Hà Nội","lắp ráp trong nước","trắng","xăng","2.5","tự động","7",,"https://bonbanh.com/oto/generic"
"6972477","Mercedes Benz E class E200 - 2016","Mercedes","cũ","2016","666","Hà Nội","lắp ráp trong nước","trắng","xăng","2","tự động","5","78000","https://bonbanh.com/oto/generic"
"6972476","Mazda CX5 Luxury 2.0 AT - 2023","Mazda","cũ","2023","680","Hà Nội","lắp ráp trong nước","trắng","xăng","2","tự động","5","30000","https://bonbanh.com/oto/generic"
"6972472","Hyundai Accent 1.4 AT Đặc Biệt - 2022","Hyundai","cũ","2022","410","Gia Lai","lắp ráp trong nước","trắng","xăng","1.4","tự động","5","64155","https://bonbanh.com/oto/generic"
"6972471","Hyundai Custin Tiêu Chuẩn 1.5T - 2023","Hyundai","cũ","2023","659","Hà Nội","lắp ráp trong nước","trắng","xăng","1.5","tự động","7","48000","https://bonbanh.com/oto/generic"
"6972460","Mitsubishi Outlander 2.0 CVT - 2019","Mitsubishi","cũ","2019","450","TP HCM","lắp ráp trong nước","đen","xăng","2","tự động","7","70000","https://bonbanh.com/oto/generic"
"6972447","VinFast VF3 Plus - 2026","VinFast","mới","2026","296","TP HCM","lắp ráp trong nước","xám","điện",,"tự động","4",,"https://bonbanh.com/oto/generic"
"6972389","Peugeot 2008 GT Line 1.2 AT - 2021","Peugeot","cũ","2021","489","Hà Nội","lắp ráp trong nước","trắng","xăng","1.2","tự động","5","60000","https://bonbanh.com/oto/generic"
"6972382","Toyota Fortuner 2.5G - 2013","Toyota","cũ","2013","355","Phú Thọ","lắp ráp trong nước","bạc","dầu","2.5","tay","7","223000","https://bonbanh.com/oto/generic"
"6972329","Hyundai Elantra 1.6 AT - 2016","Hyundai","cũ","2016","335","Hà Nội","lắp ráp trong nước","đỏ","xăng","1.6","tự động","5","72000","https://bonbanh.com/oto/generic"
"6972297","Mercedes Benz C class C300 AMG - 2022","Mercedes","cũ","2022","1539","Hà Nội","lắp ráp trong nước","trắng","xăng","2","tự động","5","40000","https://bonbanh.com/oto/generic"
"6972293","Honda CRV L - 2020","Honda","cũ","2020","730","Quảng Ninh","lắp ráp trong nước","xanh","xăng","1.5","tự động","7","70000","https://bonbanh.com/oto/generic"
"6972289","Hyundai SantaFe Cao cấp 2.5L HTRAC - 2021","Hyundai","cũ","2021","865","Quảng Ninh","lắp ráp trong nước","trắng","xăng","2.5","tự động","7","80000","https://bonbanh.com/oto/generic"
"6972284","Hyundai SantaFe Cao cấp 2.2L HTRAC - 2021","Hyundai","cũ","2021","850","Hà Nội","lắp ráp trong nước","trắng","dầu","2.2","tự động","7","63000","https://bonbanh.com/oto/generic"
"6972278","Mazda CX5 2.0 Premium - 2020","Mazda","cũ","2020","605","Hà Nội","lắp ráp trong nước","xanh","xăng","2","tự động","5","73000","https://bonbanh.com/oto/generic"
"6972261","Ford Territory Titanium X 1.5 AT - 2023","Ford","cũ","2023","695","Gia Lai","lắp ráp trong nước","đỏ","xăng","1.5","tự động","5","45000","https://bonbanh.com/oto/generic"
"6972260","Hyundai Elantra 1.6 MT - 2019","Hyundai","cũ","2019","335","Gia Lai","lắp ráp trong nước","trắng","xăng","1.6","tay","5","65000","https://bonbanh.com/oto/generic"
"6972236","Ford Ranger Raptor 2.0L 4x4 AT - 2020","Ford","cũ","2020","935","TP HCM","nhập khẩu","đen","dầu","2","tự động","5","40000","https://bonbanh.com/oto/generic"
"6972230","Kia Carnival Premium 2.2D 8S - 2024","Kia","cũ","2024","1309","TP HCM","lắp ráp trong nước","trắng","dầu","2.2","tự động","8","16000","https://bonbanh.com/oto/generic"
"6972221","Kia Seltos Deluxe 1.4 AT - 2021","Kia","cũ","2021","445","Bình Dương","lắp ráp trong nước","vàng","xăng","1.4","tự động","5","33000","https://bonbanh.com/oto/generic"
"6972220","Honda CRV L - 2022","Honda","cũ","2022","830","TP HCM","lắp ráp trong nước","đỏ","xăng","1.5","tự động","7","47000","https://bonbanh.com/oto/generic"
"6972213","Mercedes Benz S class S450L - 2017","Mercedes","cũ","2017","1290","Hà Nội","lắp ráp trong nước","đen","xăng","3","tự động","5",,"https://bonbanh.com/oto/generic"
"6972212","MG ZS Standard 1.5 AT 2WD - 2025","MG","cũ","2025","399","TP HCM","nhập khẩu","trắng","xăng","1.5","tự động","5","17000","https://bonbanh.com/oto/generic"
"6972211","Toyota Corolla Cross 1.8V - 2024","Toyota","cũ","2024","715","Hà Nội","nhập khẩu","đỏ","xăng","1.8","tự động","5","26000","https://bonbanh.com/oto/generic"
"6972203","MG 5 Luxury 1.5 AT - 2024","MG","cũ","2024","399","TP HCM","nhập khẩu","xám","xăng","1.5","tự động","5","20000","https://bonbanh.com/oto/generic"
"6972193","Hyundai Accent 1.4 ATH - 2019","Hyundai","cũ","2019","345","Hà Nội","lắp ráp trong nước","bạc","xăng","1.4","tự động","5","55000","https://bonbanh.com/oto/generic"
"6972165","Toyota Prado VX 2.7L - 2023","Toyota","cũ","2023","2750","Hà Nội","nhập khẩu","trắng","xăng","2.7","tự động","7","20000","https://bonbanh.com/oto/generic"
"6972132","LandRover Range Rover Autobiography LWB 5.0 SCV8 - 2014","LandRover","cũ","2014","2190","Hà Nội","nhập khẩu","đen","xăng","5","tự động","4",,"https://bonbanh.com/oto/generic"
"6972128","Mercedes Benz C class C300 AMG - 2017","Mercedes","cũ","2017","735","Hà Nội","lắp ráp trong nước","trắng","xăng","2","tự động","5","70000","https://bonbanh.com/oto/generic"
"6972114","BMW 1 Series 116i - 2014","BMW","cũ","2014","330","Hà Nội","nhập khẩu","cam","xăng","1.6","tự động","5","120000","https://bonbanh.com/oto/generic"
"6972105","Kia Morning Van 1.0 AT - 2012","Kia","cũ","2012","128","Hà Nội","nhập khẩu","trắng","xăng","1","tự động","2","120000","https://bonbanh.com/oto/generic"
"6972102","Mazda 3 1.5L Premium - 2022","Mazda","cũ","2022","548","Hà Nội","lắp ráp trong nước","xám","xăng","1.5","tự động","5","31000","https://bonbanh.com/oto/generic"
"6972086","Kia Morning AT - 2020","Kia","cũ","2020","260","Hà Nội","lắp ráp trong nước","trắng","xăng","1.25","tự động","5","55000","https://bonbanh.com/oto/generic"
"6972085","Toyota Camry 2.5HV - 2022","Toyota","cũ","2022","1139","TP HCM","nhập khẩu","trắng","hybrid","2.5","tự động","5","30000","https://bonbanh.com/oto/generic"
"6972077","Kia Morning Van 1.0 AT - 2015","Kia","cũ","2015","155","Hà Nội","nhập khẩu","nâu","xăng","1","tự động","2","150000","https://bonbanh.com/oto/generic"
"6972064","Ford Everest Titanium Plus 2.0L 4x4 AT - 2025","Ford","cũ","2025","1375","TP HCM","nhập khẩu","trắng","dầu","2","tự động","7","14500","https://bonbanh.com/oto/generic"
"6972061","Mercedes Benz V class V250 AMG - 2021","Mercedes","cũ","2021","1639","TP HCM","nhập khẩu","trắng","xăng","2","tự động","6","77000","https://bonbanh.com/oto/generic"
"6972060","Jaecoo J7 Flagship 1.6 AT Turbo - 2026","Jaecoo","cũ","2026","785","TP HCM","nhập khẩu","trắng","xăng","1.6","tự động","5","150","https://bonbanh.com/oto/generic"
"6972059","Mercedes Benz GLC 300 4Matic - 2021","Mercedes","cũ","2021","1479","Hà Nội","lắp ráp trong nước","trắng","xăng","2","tự động","5","25000","https://bonbanh.com/oto/generic"
"6972021","Luxgen M7 2.2 T - 2016","Luxgen","cũ","2016","330","TP HCM","nhập khẩu","bạc","xăng","2.2","tự động","7",,"https://bonbanh.com/oto/generic"
"6972016","Toyota Innova 2.0E - 2014","Toyota","cũ","2014","285","Gia Lai","lắp ráp trong nước","bạc","xăng","2","tay","8","152000","https://bonbanh.com/oto/generic"
"6972008","Toyota Land Cruiser 4.6 V8 - 2020","Toyota","cũ","2020","3900","Hà Nội","nhập khẩu","đen","xăng","4.6","tự động","8","128000","https://bonbanh.com/oto/generic"
"6971998","Mercedes Benz S class S450 4Matic - 2023","Mercedes","cũ","2023","3680","TP HCM","nhập khẩu","đen","xăng","3","tự động","5","67000","https://bonbanh.com/oto/generic"
"6971997","Audi Q7 3.0 TFSI Quattro - 2016","Audi","cũ","2016","820","Hà Nội","nhập khẩu","cát","xăng","3","tự động","7","14","https://bonbanh.com/oto/audi"
"6971946","Mercedes Benz C class C300 AMG - 2016","Mercedes","cũ","2016","568","Hà Nội","lắp ráp trong nước","xanh","xăng","2","tự động","5",,"https://bonbanh.com/oto/generic"
"6971917","Honda City 1.5TOP - 2019","Honda","cũ","2019","365","Hà Nội","lắp ráp trong nước","trắng","xăng","1.5","tự động","5","78000","https://bonbanh.com/oto/generic"
"6971914","Hyundai Accent Đặc biệt 1.5 AT - 2024","Hyundai","cũ","2024","438","Hà Nội","lắp ráp trong nước","đỏ","xăng","1.5","tự động","5","11000","https://bonbanh.com/oto/generic"
"6971891","Kia Sonet Luxury 1.5 AT - 2025","Kia","cũ","2025","498","TP HCM","lắp ráp trong nước","xám","xăng","1.5","tự động","5","16000","https://bonbanh.com/oto/generic"
"6971877","Hyundai Elantra 2.0 AT Cao cấp - 2022","Hyundai","cũ","2022","515","Hà Nội","lắp ráp trong nước","đỏ","xăng","2","tự động","5","22000","https://bonbanh.com/oto/generic"
"6971871","Toyota Vios E 1.5 MT - 2023","Toyota","cũ","2023","355","Hà Nội","lắp ráp trong nước","trắng","xăng","1.5","tay","5","36000","https://bonbanh.com/oto/generic"
"6971836","Mazda CX8 Premium 2.5 AT - 2024","Mazda","cũ","2024","900","Hà Nội","lắp ráp trong nước","đỏ","xăng","2.5","tự động","7","30000","https://bonbanh.com/oto/generic"
"6971800","Lexus RX 350 Premium - 2025","Lexus","cũ","2025","3439","Hà Nội","nhập khẩu","trắng","xăng","2.4","tự động","5","8986","https://bonbanh.com/oto/generic"
"6971797","VinFast Fadil 1.4 AT - 2021","VinFast","cũ","2021","268","TP HCM","lắp ráp trong nước","trắng","xăng","1.4","tự động","5","43000","https://bonbanh.com/oto/vinfast"
"6971747","Honda CRV e:HEV RS - 2024","Honda","cũ","2024","1159","TP HCM","nhập khẩu","đỏ","hybrid","2","tự động","5","23000","https://bonbanh.com/oto/generic"
"6971744","Kia Seltos Luxury 1.4 AT - 2022","Kia","cũ","2022","520","Hà Nội","lắp ráp trong nước","trắng","xăng","1.4","tự động","5","38000","https://bonbanh.com/oto/generic"
"6971713","Hyundai Tucson 2.0 AT Đặc biệt - 2022","Hyundai","cũ","2022","690","Hà Nội","lắp ráp trong nước","đen","xăng","2","tự động","5","40000","https://bonbanh.com/oto/generic"
"6971669","Mercedes Benz GLC 300 4Matic - 2021","Mercedes Benz","cũ","2021","1479","Hà Nội","lắp ráp trong nước","trắng","xăng","2","tự động","5","25000","https://bonbanh.com/oto/mercedes_benz"
"6971654","Toyota Innova 2.0E - 2018","Toyota","cũ","2018","347","TP HCM","lắp ráp trong nước","nâu","xăng","2","tay","8","86","https://bonbanh.com/oto/generic"
"6971558","Mercedes Benz GLC 300 4Matic - 2022","Mercedes","cũ","2022","1489","Hà Nội","lắp ráp trong nước","đen","xăng","2","tự động","5","70000","https://bonbanh.com/oto/generic"
"6971482","Mitsubishi Xpander 1.5 MT - 2020","Mitsubishi","cũ","2020","350","Hà Nội","nhập khẩu","trắng","xăng","1.5","tay","7","100000","https://bonbanh.com/oto/generic"
"6971474","Honda CRV L - 2025","Honda","cũ","2025","1020","Hà Nội","lắp ráp trong nước","trắng","xăng","1.5","tự động","7","17000","https://bonbanh.com/oto/generic"
"6971425","Honda City L 1.5 AT - 2021","Honda","cũ","2021","395","Hà Nội","lắp ráp trong nước","trắng","xăng","1.5","tự động","5","70000","https://bonbanh.com/oto/generic"
"6971418","Mazda CX8 Premium - 2024","Mazda","cũ","2024","910","Hà Nội","lắp ráp trong nước","đỏ","xăng","2.5","tự động","7","32000","https://bonbanh.com/oto/generic"
"6971352","Mazda CX5 2.0 AT - 2016","Mazda","cũ","2016","395","TP HCM","lắp ráp trong nước","trắng","xăng","2","tự động","5","112000","https://bonbanh.com/oto/generic"
"6971351","Toyota Prado LC250 2.4L - 2026","Toyota","mới","2026","3410","TP HCM","nhập khẩu","đen","xăng","2.4","tự động","7",,"https://bonbanh.com/oto/generic"
"6971327","Audi Q7 45 TFSI Quattro - 2023","Audi","cũ","2023","2390","Hà Nội","nhập khẩu","đen","xăng","2","tự động","7","32000","https://bonbanh.com/oto/audi"
"6971316","Ford Explorer Limited 2.3L EcoBoost - 2015","Ford","cũ","2015","640","TP HCM","nhập khẩu","đen","xăng","2.3","tự động","7",,"https://bonbanh.com/oto/generic"
"6971304","BYD Han EV - 2024","BYD","cũ","2024","1199","TP HCM","nhập khẩu","xám","điện",,"tự động","5","21000","https://bonbanh.com/oto/generic"
"6971295","Hyundai Elantra 2.0 AT Cao cấp - 2022","Hyundai","cũ","2022","510","Hà Nội","lắp ráp trong nước","đỏ","xăng","2","tự động","5","22000","https://bonbanh.com/oto/generic"
"6971291","Mercedes Benz S class S400L - 2016","Mercedes","cũ","2016","1247","TP HCM","lắp ráp trong nước","đỏ","xăng","3","tự động","5","67000","https://bonbanh.com/oto/generic"
"6971283","Nissan Navara EL 2.3 AT 2WD - 2023","Nissan","cũ","2023","495","Đà Nẵng","nhập khẩu","đỏ","dầu","2.3","tự động","5","80000","https://bonbanh.com/oto/generic"
"6971281","Lexus RX 450h - 2011","Lexus","cũ","2011","830","Hà Nội","nhập khẩu","vàng","hybrid","3.5","tự động","5","100000","https://bonbanh.com/oto/generic"
"6971277","Mercedes Benz GLE Class GLE 400 4Matic Coupe - 2017","Mercedes","cũ","2017","1290","TP HCM","nhập khẩu","nâu","xăng","3","tự động","5","91000","https://bonbanh.com/oto/generic"
"6971276","Kia Carnival Signature 2.2D - 2022","Kia","cũ","2022","995","Hà Nội","lắp ráp trong nước","xám","dầu","2.2","tự động","7","83000","https://bonbanh.com/oto/generic"
"6971261","Hyundai Universe Xpress Luxury 47 - 2016","Hyundai","cũ","2016","750","Hà Nội","lắp ráp trong nước","trắng","dầu",,"tay","47","300000","https://bonbanh.com/oto/generic"
"6971250","Mercedes Benz GLC 300 4Matic - 2021","Mercedes","cũ","2021","1479","Hà Nội","lắp ráp trong nước","trắng","xăng","2","tự động","5","25000","https://bonbanh.com/oto/generic"
"6971234","Ford Ranger Wildtrak 2.0L 4x4 AT - 2020","Ford","cũ","2020","565","Hà Nội","nhập khẩu","trắng","dầu","2","tự động","5","100000","https://bonbanh.com/oto/generic"
"6971218","Audi A4 40 TFSI Advanced - 2020","Audi","cũ","2020","1180","TP HCM","nhập khẩu","trắng","xăng","2","tự động","5","81000","https://bonbanh.com/oto/generic"
"6971193","Chevrolet Colorado LTZ 2.8L 4x4 MT - 2013","Chevrolet","cũ","2013","265","Lâm Đồng","nhập khẩu","xanh","dầu","2.8","tay","5","100000","https://bonbanh.com/oto/generic"
"6971192","Hyundai Universe Noble 47S - 2015","Hyundai","cũ","2015","615","Hà Nội","lắp ráp trong nước","hồng","dầu","12.9","tay","47","300000","https://bonbanh.com/oto/generic"
"6971187","Ford Territory Titanium X 1.5 AT - 2025","Ford","cũ","2025","765","Hà Nội","lắp ráp trong nước","trắng","xăng","1.5","tự động","5","24000","https://bonbanh.com/oto/generic"
"6971184","Mercedes Benz C class C200 Exclusive - 2021","Mercedes","cũ","2021","938","TP HCM","lắp ráp trong nước","đen","xăng","2","tự động","5","26200","https://bonbanh.com/oto/generic"
"6971182","Mazda BT50 2.2L 4x4 MT - 2016","Mazda","cũ","2016","335","Lâm Đồng","nhập khẩu","đen","dầu","2.2","tay","5","140000","https://bonbanh.com/oto/generic"
"6971170","Kia Picanto 1.25 AT - 2013","Kia","cũ","2013","165","Lâm Đồng","lắp ráp trong nước","đỏ","xăng","1.25","tự động","5",,"https://bonbanh.com/oto/generic"
"6971140","Mazda 6 Signature Premium 2.5 AT - 2023","Mazda","cũ","2023","719","TP HCM","lắp ráp trong nước","trắng","xăng","2.5","tự động","5","30000","https://bonbanh.com/oto/generic"
"6971137","Mazda 2 1.5 AT - 2022","Mazda","cũ","2022","325","Bình Phước","nhập khẩu","xám","xăng","1.5","tự động","5","48000","https://bonbanh.com/oto/generic"
"6971125","Mitsubishi Xpander 1.5 AT - 2021","Mitsubishi","cũ","2021","405","Hà Nội","nhập khẩu","nâu","xăng","1.5","tự động","7",,"https://bonbanh.com/oto/generic"
"6971124","Toyota Fortuner 2.4G 4x2 MT - 2017","Toyota","cũ","2017","555","Bình Phước","nhập khẩu","bạc","dầu","2.4","tay","7","97000","https://bonbanh.com/oto/generic"
"6971120","Honda CRV L - 2021","Honda","cũ","2021","789","Hà Nội","lắp ráp trong nước","xanh","xăng","1.5","tự động","7","70000","https://bonbanh.com/oto/generic"
"6971110","Hyundai Kona Đặc Biệt 2.0 AT - 2018","Hyundai","cũ","2018","401","Hà Nội","lắp ráp trong nước","đỏ","xăng","2","tự động","5",,"https://bonbanh.com/oto/hyundai"
"6971049","MG 5 Standard 1.5 AT - 2023","MG","cũ","2023","350","Hà Nội","nhập khẩu","trắng","xăng","1.5","tự động","5","36000","https://bonbanh.com/oto/generic"
"6971035","Ford Transit Van - 2019","Ford","cũ","2019","365","Hà Nội","lắp ráp trong nước","bạc","dầu","2.4","tay","3","80000","https://bonbanh.com/oto/generic"
"6971027","Hyundai SantaFe Calligraphy 2.5L Turbo HTRAC - 2025","Hyundai","cũ","2025","1225","Hà Nội","lắp ráp trong nước","đen","xăng","2.5","tự động","6","17000","https://bonbanh.com/oto/generic"
"6971019","Mercedes Benz C class C200 Avantgarde - 2023","Mercedes","cũ","2023","1288","Hà Nội","lắp ráp trong nước","trắng","xăng","1.5","tự động","5","5200","https://bonbanh.com/oto/generic"
"6971000","Ford Fiesta 1.4 MT - 2011","Ford","cũ","2011","170","TP HCM","lắp ráp trong nước","bạc","xăng","1.4","tay","5","100000","https://bonbanh.com/oto/generic"
"6970998","Ford Ranger XLS 2.2L 4x2 AT - 2014","Ford","cũ","2014","265","Đồng Nai","nhập khẩu","xanh","dầu","2.2","tự động","5",,"https://bonbanh.com/oto/generic"
"6970983","Ford Everest 2.5L 4x2 MT - 2010","Ford","cũ","2010","220","Đồng Nai","lắp ráp trong nước","cát","dầu","2.5","tay","7",,"https://bonbanh.com/oto/generic"
"6970969","Nissan Almera 1.0 MT - 2021","Nissan","cũ","2021","299","TP HCM","nhập khẩu","trắng","xăng","1","tay","5","73000","https://bonbanh.com/oto/nissan"
"6970967","BMW 7 Series 730Li - 2016","BMW","cũ","2016","1199","TP HCM","nhập khẩu","đen","xăng","2","tự động","5","70000","https://bonbanh.com/oto/generic"
"6970957","Kia Carnival Signature 2.2D - 2021","Kia","cũ","2021","960","TP HCM","lắp ráp trong nước","trắng","dầu","2.2","tự động","7","49000","https://bonbanh.com/oto/generic"
"6970950","Toyota Vios 1.5G - 2009","Toyota","cũ","2009","195","TP HCM","lắp ráp trong nước","bạc","xăng","1.5","tự động","5","100000","https://bonbanh.com/oto/generic"
"6970947","Mercedes Benz GLS 450 4Matic - 2022","Mercedes","cũ","2022","3879","Hà Nội","nhập khẩu","đen","xăng","3","tự động","7","38000","https://bonbanh.com/oto/generic"
"6970941","Mercedes Benz GLS 480 4Matic Maybach - 2022","Mercedes Benz","cũ","2022","6299","Hà Nội","nhập khẩu","đen","xăng","3","tự động","4","22000","https://bonbanh.com/oto/mercedes_benz"
"6970938","Chevrolet Cruze LTZ 1.8 AT - 2013","Chevrolet","cũ","2013","210","TP HCM","lắp ráp trong nước","đỏ","xăng","1.8","tự động","5","80000","https://bonbanh.com/oto/generic"
"6970936","Toyota Corolla Cross 1.8HEV - 2026","Toyota","cũ","2026","855","Hà Nội","nhập khẩu","đen","hybrid","1.8","tự động","5","3000","https://bonbanh.com/oto/generic"
"6970912","Hyundai Tucson 1.6 AT Turbo HTRAC Đặc biệt - 2026","Hyundai","cũ","2026","926","Hà Nội","lắp ráp trong nước","trắng","xăng","1.6","tự động","5","1000","https://bonbanh.com/oto/generic"
"6970875","Mercedes Benz C class C200 Avantgarde Plus - 2022","Mercedes","cũ","2022","1229","Hà Nội","lắp ráp trong nước","đen","xăng","1.5","tự động","5","21000","https://bonbanh.com/oto/generic"
"6970828","Ford Territory Trend 1.5 AT - 2025","Ford","cũ","2025","690","Hải Dương","lắp ráp trong nước","trắng","xăng","1.5","tự động","5","20000","https://bonbanh.com/oto/generic"
"6970802","Toyota Raize G 1.0 CVT - 2026","Toyota","mới","2026","480","Hà Nội","nhập khẩu","trắng","xăng","1","tự động","5",,"https://bonbanh.com/oto/generic"
"6970791","Toyota Corolla Cross 1.8HEV - 2026","Toyota","mới","2026","820","Hà Nội","nhập khẩu","trắng","hybrid","1.8","tự động","5",,"https://bonbanh.com/oto/generic"
"6970773","Ford Everest Trend 2.0L 4x2 AT - 2020","Ford","cũ","2020","655","Hà Nội","nhập khẩu","đen","dầu","2","tự động","7","140000","https://bonbanh.com/oto/generic"
"6970767","Mercedes Benz E class E250 - 2017","Mercedes","cũ","2017","699","TP HCM","lắp ráp trong nước","trắng","xăng","2","tự động","5","62000","https://bonbanh.com/oto/generic"
"6970762","BMW 3 Series 320i Sport Line - 2024","BMW","cũ","2024","1298","TP HCM","lắp ráp trong nước","đen","xăng","2","tự động","5","9100","https://bonbanh.com/oto/generic"
"6970756","Lexus RX 350 Luxury - 2023","Lexus","cũ","2023","3500","TP HCM","nhập khẩu","xanh","xăng","2.4","tự động","5","28000","https://bonbanh.com/oto/generic"
"6970747","Toyota Yaris Cross HEV 1.5 CVT - 2026","Toyota","mới","2026","645","Hà Nội","nhập khẩu","trắng","hybrid","1.5","tự động","5",,"https://bonbanh.com/oto/generic"
"6970741","Toyota Hilux Pro 2.8L 4x2 AT - 2026","Toyota","mới","2026","671","Hà Nội","nhập khẩu","bạc","dầu","2.8","tự động","5",,"https://bonbanh.com/oto/generic"
"6970727","Toyota Yaris Cross 1.5 D-CVT - 2026","Toyota","mới","2026","585","Hà Nội","nhập khẩu","trắng","xăng","1.5","tự động","5",,"https://bonbanh.com/oto/generic"
"6970685","Mercedes Benz S class S450 4Matic Maybach - 2019","Mercedes","cũ","2019","3799","TP HCM","nhập khẩu","trắng","xăng","3","tự động","4","25000","https://bonbanh.com/oto/generic"
"6970679","Mitsubishi Xpander Cross 1.5 AT - 2022","Mitsubishi","cũ","2022","479","Hà Nội","nhập khẩu","trắng","xăng","1.5","tự động","7","60000","https://bonbanh.com/oto/generic"
"6970673","Toyota Innova Cross HEV 2.0 CVT - 2026","Toyota","mới","2026","910","Hà Nội","nhập khẩu","cát","hybrid","2","tự động","7",,"https://bonbanh.com/oto/generic"
"6970642","Suzuki XL7 1.5 AT - 2023","Suzuki","cũ","2023","425","Hà Nội","nhập khẩu","trắng","xăng","1.5","tự động","7","78000","https://bonbanh.com/oto/generic"
"6970639","Toyota Veloz Cross Top 1.5 CVT - 2025","Toyota","cũ","2025","555","TP HCM","lắp ráp trong nước","trắng","xăng","1.5","tự động","7","20000","https://bonbanh.com/oto/generic"
"6970624","Hyundai SantaFe Premium 2.4L HTRAC - 2019","Hyundai","cũ","2019","659","Hà Nội","lắp ráp trong nước","đen","xăng","2.4","tự động","7","70000","https://bonbanh.com/oto/generic"
"6970621","Mazda CX5 Luxury 2.0 AT - 2023","Mazda","cũ","2023","680","Hà Nội","lắp ráp trong nước","trắng","xăng","2","tự động","5","30000","https://bonbanh.com/oto/generic"
"6970616","Mercedes Benz S class S450 4Matic Maybach - 2018","Mercedes","cũ","2018","3200","TP HCM","nhập khẩu","xanh","xăng","3","tự động","4","36000","https://bonbanh.com/oto/generic"
"6970592","Toyota Corolla Cross 1.8V - 2020","Toyota","cũ","2020","599","Hà Nội","nhập khẩu","đen","xăng","1.8","tự động","5","25000","https://bonbanh.com/oto/generic"
"6970583","Ford Explorer Limited 2.3L EcoBoost - 2019","Ford","cũ","2019","900","TP HCM","nhập khẩu","đỏ","xăng","2.3","tự động","7",,"https://bonbanh.com/oto/generic"
"6970578","Lexus RX 350 Premium - 2025","Lexus","cũ","2025","3390","Hưng Yên","nhập khẩu","trắng","xăng","2.4","tự động","5","9500","https://bonbanh.com/oto/generic"
"6970574","Toyota Vios G 1.5 CVT - 2025","Toyota","cũ","2025","480","TP HCM","lắp ráp trong nước","trắng","xăng","1.5","tự động","5","21000","https://bonbanh.com/oto/generic"
"6970538","Kia Carnival Signature 2.2D - 2023","Kia","cũ","2023","1060","Hà Nội","lắp ráp trong nước","xanh","dầu","2.2","tự động","7","20000","https://bonbanh.com/oto/generic"
"6970536","Toyota Innova Cross 2.0 CVT - 2024","Toyota","cũ","2024","794","TP HCM","nhập khẩu","đồng","xăng","2","tự động","8","51000","https://bonbanh.com/oto/generic"
"6970535","Mercedes Benz S class S450 4Matic - 2022","Mercedes","cũ","2022","2950","TP HCM","nhập khẩu","đen","xăng","3","tự động","5","67000","https://bonbanh.com/oto/generic"
"6970533","Mini Clubman Cooper S - 2022","Mini","cũ","2022","1599","Hà Nội","nhập khẩu","xám","xăng","2","tự động","5","25000","https://bonbanh.com/oto/generic"
"6970513","VinFast VF6 Plus - 2025","VinFast","cũ","2025","599","Hà Nội","lắp ráp trong nước","đỏ","điện",,"tự động","5","30000","https://bonbanh.com/oto/generic"
"6970501","Toyota Prado TXL 2.7L - 2013","Toyota","cũ","2013","789","Hà Nội","nhập khẩu","cát","xăng","2.7","tự động","7","190000","https://bonbanh.com/oto/generic"
"6970497","Toyota Vios 1.5E MT - 2019","Toyota","cũ","2019","260","TP HCM","lắp ráp trong nước","trắng","xăng","1.5","tay","5",,"https://bonbanh.com/oto/generic"
"6970487","Toyota Vios 1.5E - 2018","Toyota","cũ","2018","220","TP HCM","lắp ráp trong nước","cát","xăng","1.5","tay","5","86000","https://bonbanh.com/oto/generic"
"6970476","Subaru Forester 2.0i-S - 2020","Subaru","cũ","2020","585","TP HCM","nhập khẩu","xanh","xăng","2","tự động","5",,"https://bonbanh.com/oto/generic"
"6970474","Lexus LS 430 - 2003","Lexus","cũ","2003","286","TP HCM","nhập khẩu","đen","xăng","4.3","tự động","5",,"https://bonbanh.com/oto/generic"
"6970457","Toyota Innova Cross 2.0 CVT - 2024","Toyota","cũ","2024","774","TP HCM","nhập khẩu","đồng","xăng","2","tự động","8","63000","https://bonbanh.com/oto/generic"
"6970453","Porsche 718 Boxster 2.0 AT - 2024","Porsche","cũ","2024","4798","TP HCM","nhập khẩu","vàng","xăng","2","tự động","2","1500","https://bonbanh.com/oto/generic"
"6970448","Mercedes Benz C class C200 Avantgarde Plus - 2022","Mercedes","cũ","2022","1229","Hà Nội","lắp ráp trong nước","đen","xăng","1.5","tự động","5","21000","https://bonbanh.com/oto/generic"
"6970447","Toyota Land Cruiser VX 4.6 V8 - 2015","Toyota","cũ","2015","2599","Hà Nội","nhập khẩu","đen","xăng","4.6","tự động","8","190000","https://bonbanh.com/oto/generic"
"6970378","Toyota Wigo G 1.2 AT - 2024","Toyota","cũ","2024","379","Hà Tĩnh","nhập khẩu","đỏ","xăng","1.2","tự động","5","11000","https://bonbanh.com/oto/generic"
"6970371","VinFast VF3 Plus - 2026","VinFast","cũ","2026","282","Hà Nội","lắp ráp trong nước","trắng","điện",,"tự động","4","100000","https://bonbanh.com/oto/generic"
"6970367","Mazda CX5 Premium Sport 2.0 AT - 2026","Mazda","cũ","2026","815","Hà Tĩnh","lắp ráp trong nước","trắng","xăng","2","tự động","5","5900","https://bonbanh.com/oto/generic"
"6970363","VinFast VF3 Plus - 2025","VinFast","cũ","2025","275","Hà Nội","lắp ráp trong nước","hồng","điện",,"tự động","4","20000","https://bonbanh.com/oto/generic"
"6970357","Hyundai SantaFe Cao cấp 2.5L HTRAC - 2024","Hyundai","cũ","2024","1120","Hà Nội","lắp ráp trong nước","trắng","xăng","2.5","tự động","7","19000","https://bonbanh.com/oto/generic"
"6970353","Kia Carnival Signature 3.5G - 2022","Kia","cũ","2022","1090","Hà Nội","lắp ráp trong nước","trắng","xăng","3.5","tự động","7","27000","https://bonbanh.com/oto/generic"
"6970345","Mazda CX5 Premium Exclusive 2.0 AT - 2024","Mazda","cũ","2024","780","Hà Nội","lắp ráp trong nước","trắng","xăng","2","tự động","5","40000","https://bonbanh.com/oto/generic"
"6970344","Toyota Alphard HEV 2.5 AT - 2026","Toyota","mới","2026","4415","TP HCM","nhập khẩu","đen","hybrid","2.5","tự động","7",,"https://bonbanh.com/oto/generic"
"6970329","Toyota Innova 2.0E - 2014","Toyota","cũ","2014","285","TP HCM","lắp ráp trong nước","bạc","xăng","2","tay","8","100458","https://bonbanh.com/oto/generic"
"6970328","Toyota Innova Cross 2.0 CVT - 2024","Toyota","cũ","2024","775","TP HCM","nhập khẩu","nâu","xăng","2","tự động","8","63200","https://bonbanh.com/oto/generic"
"6970250","Mercedes Benz GLC 200 4Matic - 2022","Mercedes","cũ","2022","1399","TP HCM","lắp ráp trong nước","đỏ","xăng","2","tự động","5","34000","https://bonbanh.com/oto/generic"
"6970244","Suzuki Ertiga Hybrid 1.5 AT - 2022","Suzuki","cũ","2022","390","TP HCM","nhập khẩu","trắng","hybrid","1.5","tự động","7","72000","https://bonbanh.com/oto/generic"
"6970223","Kia Seltos Premium 1.4 AT - 2022","Kia","cũ","2022","545","Hà Nội","lắp ráp trong nước","trắng","xăng","1.4","tự động","5","50000","https://bonbanh.com/oto/generic"
"6970178","Ford Everest Titanium 2.0L 4x2 AT - 2021","Ford","cũ","2021","780","Hà Nội","nhập khẩu","đỏ","dầu","2","tự động","7","110000","https://bonbanh.com/oto/generic"
"6970123","Mitsubishi Lancer Gala GLX 1.6AT - 2004","Mitsubishi","cũ","2004","168","Hà Nội","lắp ráp trong nước","đen","xăng","1.6","tự động","5","70000","https://bonbanh.com/oto/generic"
"6970076","Toyota Raize G 1.0 CVT - 2023","Toyota","cũ","2023","460","Hà Nội","nhập khẩu","trắng","xăng","1","tự động","5","32000","https://bonbanh.com/oto/generic"
"6970067","Toyota Veloz Cross Top 1.5 CVT - 2025","Toyota","cũ","2025","555","Hà Nội","lắp ráp trong nước","trắng","xăng","1.5","tự động","7","35000","https://bonbanh.com/oto/generic"
"6970064","Hyundai Venue 1.0 T-GDi Đặc Biệt - 2025","Hyundai","cũ","2025","488","Hà Nội","lắp ráp trong nước","đỏ","xăng","1","tự động","5","19000","https://bonbanh.com/oto/generic"
"6970059","Toyota Corolla Cross 1.8V - 2022","Toyota","cũ","2022","650","Hà Nội","nhập khẩu","đỏ","xăng","1.8","tự động","5","35000","https://bonbanh.com/oto/generic"
"6970047","Porsche 718 Cayman 2.0 AT - 2021","Porsche","cũ","2021","3380","TP HCM","nhập khẩu","xám","xăng","2","tự động","2","6333","https://bonbanh.com/oto/generic"
"6969975","Mercedes Benz S class S450L Luxury - 2019","Mercedes","cũ","2019","1999","TP HCM","lắp ráp trong nước","xanh","xăng","3","tự động","5","70000","https://bonbanh.com/oto/generic"
"6969869","Kia Sorento Luxury 2.2 AT - 2022","Kia","cũ","2022","695","Đăk Lăk","lắp ráp trong nước","đỏ","dầu","2.2","tự động","7","66000","https://bonbanh.com/oto/generic"
"6969843","Hyundai Elantra 1.6 AT Tiêu chuẩn - 2023","Hyundai","cũ","2023","498","Hà Nội","lắp ráp trong nước","trắng","xăng","1.6","tự động","5","29000","https://bonbanh.com/oto/generic"
"6969817","Mazda CX8 Signature 2.5 AT AWD - 2026","Mazda","cũ","2026","1105","Hà Nội","lắp ráp trong nước","trắng","xăng","2.5","tự động","7","8000","https://bonbanh.com/oto/generic"
"6969814","Hyundai Tucson 2.0 AT - 2020","Hyundai","cũ","2020","560","Hà Nội","lắp ráp trong nước","trắng","xăng","2","tự động","5","60000","https://bonbanh.com/oto/generic"
"6969802","Honda Civic G 1.8 AT - 2019","Honda","cũ","2019","515","TP HCM","nhập khẩu","trắng","xăng","1.8","tự động","5","100000","https://bonbanh.com/oto/generic"
"6969792","LandRover Range Rover Sport HSE - 2014","LandRover","cũ","2014","1195","TP HCM","nhập khẩu","đen","xăng","3","tự động","5","81000","https://bonbanh.com/oto/generic"
"6969785","VinFast President 6.2 V8 - 2020","VinFast","cũ","2020","695","Hà Nội","lắp ráp trong nước","xanh","xăng","6.2","tự động","7","50000","https://bonbanh.com/oto/generic"
"6969778","Mercedes Benz S class S450 4Matic Maybach - 2019","Mercedes","cũ","2019","3799","TP HCM","nhập khẩu","trắng","xăng","3","tự động","4","40000","https://bonbanh.com/oto/generic"
"6969774","Mazda 2 Sport Luxury - 2021","Mazda","cũ","2021","360","Hà Nội","nhập khẩu","đỏ","xăng","1.5","tự động","5","75000","https://bonbanh.com/oto/generic"
"6969755","Honda CRV e:HEV RS - 2026","Honda","mới","2026","1185","Hà Nội","lắp ráp trong nước","đỏ","hybrid","2","tự động","5",,"https://bonbanh.com/oto/generic"
"6969754","VinFast VF8 Eco AWD - 2023","VinFast","cũ","2023","610","Hà Nội","lắp ráp trong nước","đen","điện",,"tự động","5","41000","https://bonbanh.com/oto/generic"
"6969750","Honda CRV e:HEV RS - 2026","Honda","mới","2026","1185","Hà Nội","lắp ráp trong nước","đen","hybrid","2","tự động","5",,"https://bonbanh.com/oto/generic"
"6969749","VinFast VF8 Plus AWD - 2022","VinFast","cũ","2022","580","Hà Nội","lắp ráp trong nước","đỏ","điện",,"tự động","5","55000","https://bonbanh.com/oto/generic"
"6969731","Ford Explorer Limited 2.3L EcoBoost - 2023","Ford","cũ","2023","1785","Hà Nội","nhập khẩu","trắng","xăng","2.3","tự động","7","8113","https://bonbanh.com/oto/generic"
"6969717","Mazda 3 1.5L Luxury - 2025","Mazda","cũ","2025","588","Hà Nội","lắp ráp trong nước","xám","xăng","1.5","tự động","5","12000","https://bonbanh.com/oto/generic"
"6969709","Honda CRV e:HEV L - 2026","Honda","mới","2026","1120","Hà Nội","lắp ráp trong nước","trắng","hybrid","2","tự động","5",,"https://bonbanh.com/oto/generic"
"6969697","Honda CRV L - 2026","Honda","mới","2026","1039","Hà Nội","lắp ráp trong nước","trắng","xăng","1.5","tự động","7",,"https://bonbanh.com/oto/generic"
"6969694","BMW 5 Series 520i - 2018","BMW","cũ","2018","892","TP HCM","nhập khẩu","trắng","xăng","1.6","tự động","5","54000","https://bonbanh.com/oto/generic"
"6969692","Honda CRV L - 2026","Honda","mới","2026","1039","Hà Nội","lắp ráp trong nước","đen","xăng","1.5","tự động","7",,"https://bonbanh.com/oto/generic"
"6969683","Mercedes Benz GLE Class GLE 400 4Matic Coupe - 2018","Mercedes","cũ","2018","1555","Hà Nội","nhập khẩu","trắng","xăng","3","tự động","5","80000","https://bonbanh.com/oto/generic"
"6969678","Hyundai SantaFe 2.2L - 2021","Hyundai","cũ","2021","790","TP HCM","lắp ráp trong nước","đen","dầu","2.2","tự động","7",,"https://bonbanh.com/oto/generic"
"6969677","Toyota Corolla Cross 1.8V - 2020","Toyota","cũ","2020","599","Hà Nội","nhập khẩu","đen","xăng","1.8","tự động","5","25000","https://bonbanh.com/oto/generic"
"6969661","Honda BR V L - 2026","Honda","mới","2026","610","Hà Nội","nhập khẩu","trắng","xăng","1.5","tự động","7",,"https://bonbanh.com/oto/generic"
"6969640","Hyundai Elantra N-Line 1.6 Turbo AT - 2023","Hyundai","cũ","2023","638","Hà Nội","lắp ráp trong nước","trắng","xăng","1.6","tự động","5","31000","https://bonbanh.com/oto/generic"
"6969639","Honda BR V G - 2026","Honda","mới","2026","563","Hà Nội","nhập khẩu","xám","xăng","1.5","tự động","7",,"https://bonbanh.com/oto/generic"
"6969631","VinFast VF6 Plus - 2024","VinFast","cũ","2024","595","Hà Nội","lắp ráp trong nước","trắng","điện",,"tự động","5","7000","https://bonbanh.com/oto/generic"
"6969625","Honda HRV e:HEV RS - 2026","Honda","mới","2026","790","Hà Nội","nhập khẩu","trắng","hybrid","1.5","tự động","5",,"https://bonbanh.com/oto/honda"
"6969616","Honda HRV e:HEV RS - 2026","Honda","mới","2026","790","Hà Nội","nhập khẩu","đen","hybrid","1.5","tự động","5",,"https://bonbanh.com/oto/generic"
"6969605","Honda HRV L - 2026","Honda","mới","2026","680","Hà Nội","nhập khẩu","đỏ","xăng","1.5","tự động","5",,"https://bonbanh.com/oto/generic"
"6969601","Honda HRV G - 2026","Honda","mới","2026","604","Hà Nội","nhập khẩu","xám","xăng","1.5","tự động","5",,"https://bonbanh.com/oto/generic"
"6969600","VinFast VF3 Plus - 2024","VinFast","cũ","2024","225","Hà Nội","lắp ráp trong nước","vàng","điện",,"tự động","4","17000","https://bonbanh.com/oto/generic"
"6969599","Mercedes Benz C class C250 AMG - 2015","Mercedes","cũ","2015","555","Hà Nội","lắp ráp trong nước","trắng","xăng","2","tự động","5","96000","https://bonbanh.com/oto/generic"
"6969597","Mercedes Benz GLC 250 4Matic - 2017","Mercedes","cũ","2017","838","Hà Nội","lắp ráp trong nước","trắng","xăng","2","tự động","5","46000","https://bonbanh.com/oto/generic"
"6969592","Skoda Karoq Sportline 1.4 AT - 2025","Skoda","mới","2025","1089","TP HCM","nhập khẩu","xám","xăng","1.4","tự động","5",,"https://bonbanh.com/oto/generic"
"6969565","VinFast Fadil Tiêu chuẩn 1.4 AT - 2022","VinFast","cũ","2022","305","Hà Nội","lắp ráp trong nước","đỏ","xăng","1.4","tự động","5","30000","https://bonbanh.com/oto/generic"
"6969545","Honda City RS 1.5 AT - 2026","Honda","mới","2026","464","Hà Nội","lắp ráp trong nước","đỏ","xăng","1.5","tự động","5",,"https://bonbanh.com/oto/generic"
"6969533","BMW 3 Series 320i - 2014","BMW","cũ","2014","397","TP HCM","nhập khẩu","trắng","xăng","2","tự động","5","100000","https://bonbanh.com/oto/generic"
"6969508","Lexus ES 300h - 2022","Lexus","cũ","2022","2260","Hà Nội","nhập khẩu","đen","hybrid","2.5","tự động","5","87000","https://bonbanh.com/oto/generic"
"6969507","Kia Sportage Signature 2.0D - 2022","Kia","cũ","2022","760","Hà Nội","lắp ráp trong nước","trắng","dầu","2","tự động","5","70000","https://bonbanh.com/oto/generic"
"6969503","Lexus ES 300h - 2025","Lexus","cũ","2025","2790","Hà Nội","nhập khẩu","trắng","hybrid","2.5","tự động","5","10000","https://bonbanh.com/oto/generic"
"6969502","Hyundai Tucson 2.0 AT CRDi - 2020","VinFast","cũ","2020","563","Hà Nội","lắp ráp trong nước","nâu","dầu","2","tự động","5","60000","https://bonbanh.com/oto/vinfast"
"6969499","Lexus RX 350 Premium - 2025","Lexus","cũ","2025","3439","Hà Nội","nhập khẩu","trắng","xăng","2.4","tự động","5","8900","https://bonbanh.com/oto/generic"
"6969492","Ford EcoSport Titanium 1.5 AT - 2020","Ford","cũ","2020","415","Hà Nội","lắp ráp trong nước","trắng","xăng","1.5","tự động","5","30000","https://bonbanh.com/oto/generic"
"6969447","Ford Everest Titanium 2.0L 4x2 AT - 2021","Ford","cũ","2021","840","TP HCM","nhập khẩu","đen","dầu","2","tự động","7","46400","https://bonbanh.com/oto/generic"
"6969433","Porsche Cayenne 3.6 V6 - 2016","Porsche","cũ","2016","1495","TP HCM","nhập khẩu","trắng","xăng","3.6","tự động","5","70000","https://bonbanh.com/oto/generic"
"6969427","Toyota Innova Cross 2.0G CVT - 2026","Toyota","mới","2026","685","TP HCM","nhập khẩu","đen","xăng","2","tự động","8",,"https://bonbanh.com/oto/generic"
"6969396","Mitsubishi Triton 4x2 AT - 2017","Mitsubishi","cũ","2017","350","Hà Nội","nhập khẩu","xám","dầu","2.5","tự động","5","120000","https://bonbanh.com/oto/mitsubishi"
"6969379","Honda City RS 1.5 AT - 2023","Honda","cũ","2023","488","Hà Nội","lắp ráp trong nước","đen","xăng","1.5","tự động","5","25000","https://bonbanh.com/oto/generic"
"6969318","Hyundai Elantra 1.6 AT - 2016","Hyundai","cũ","2016","310","Hà Nội","lắp ráp trong nước","đen","xăng","1.6","tự động","5","94000","https://bonbanh.com/oto/generic"
"6969284","Ford Everest Sport 2.0L 4x2 AT - 2024","Ford","cũ","2024","970","Hà Nội","nhập khẩu","xám","dầu","2","tự động","7","37000","https://bonbanh.com/oto/generic"
"6969260","VinFast VF6 Plus - 2025","VinFast","cũ","2025","560","Hà Nội","lắp ráp trong nước","trắng","điện",,"tự động","5","70000","https://bonbanh.com/oto/generic"
"6969259","Mitsubishi Triton 4x2 AT - 2017","Mitsubishi","cũ","2017","349","Hà Nội","nhập khẩu","ghi","dầu","2.5","tự động","5","12000","https://bonbanh.com/oto/generic"
"6969219","VinFast VF5 Plus - 2024","VinFast","cũ","2024","365","Hà Nội","lắp ráp trong nước","đen","điện",,"tự động","5","37000","https://bonbanh.com/oto/generic"
"6969218","Ford Ranger XLS 2.0L 4x2 AT - 2026","Ford","mới","2026","609","Hà Nội","lắp ráp trong nước","đen","dầu","2","tự động","5",,"https://bonbanh.com/oto/generic"
"6969193","Mercedes Benz S class S400L - 2017","Nissan","cũ","2017","1250","Hà Nội","lắp ráp trong nước","bạc","xăng","3","tự động","5","80000","https://bonbanh.com/oto/nissan"
"6969183","Toyota Yaris 1.5G - 2018","Toyota","cũ","2018","389","Thái Nguyên","nhập khẩu","trắng","xăng","1.5","tự động","5","62345","https://bonbanh.com/oto/generic"
"6969179","Skoda Kodiaq Premium 2.0 AT 4WD - 2025","Skoda","mới","2025","1350","TP HCM","nhập khẩu","xám","xăng","2","tự động","7",,"https://bonbanh.com/oto/generic"
"6969167","Volkswagen Viloran Luxury - 2024","Volkswagen","cũ","2024","1939","TP HCM","nhập khẩu","vàng","xăng","2","tự động","7","7058","https://bonbanh.com/oto/generic"
"6969152","Toyota Vios E 1.5 MT - 2023","Toyota","cũ","2023","355","Hà Nội","lắp ráp trong nước","trắng","xăng","1.5","tay","5","36000","https://bonbanh.com/oto/generic"
"6969145","Ford Transit Limousine - 2017","Ford","cũ","2017","298","Hải Dương","lắp ráp trong nước","đen","dầu","2.4","tay","10",,"https://bonbanh.com/oto/ford"
"6969131","Mazda 3 1.5L Luxury - 2023","Mazda","cũ","2023","549","Bình Dương","lắp ráp trong nước","đỏ","xăng","1.5","tự động","5","23000","https://bonbanh.com/oto/generic"
"6969129","Porsche Cayenne 3.6 V6 - 2016","Porsche","cũ","2016","1499","TP HCM","nhập khẩu","trắng","xăng","3.6","tự động","5","72000","https://bonbanh.com/oto/generic"
"6969128","Mazda CX5 2.5 AT - 2016","Mazda","cũ","2016","428","Hà Nội","lắp ráp trong nước","trắng","xăng","2.5","tự động","5",,"https://bonbanh.com/oto/generic"
"6969124","Honda HRV L - 2019","Honda","cũ","2019","488","Bình Dương","nhập khẩu","trắng","xăng","1.8","tự động","5","50000","https://bonbanh.com/oto/generic"
"6969121","Mercedes Benz S class S450 4Matic - 2022","Mercedes","cũ","2022","2999","TP HCM","nhập khẩu","đen","xăng","3","tự động","5","49000","https://bonbanh.com/oto/generic"
"6969116","VinFast Lux SA 2.0 Tiêu chuẩn - 2022","VinFast","cũ","2022","495","Hà Nội","lắp ráp trong nước","trắng","xăng","2","tự động","7","110000","https://bonbanh.com/oto/generic"
"6969115","VinFast Lux SA 2.0 Base 2.0 AT - 2020","VinFast","cũ","2020","470","Hà Nội","lắp ráp trong nước","đỏ","xăng","2","tự động","7","80000","https://bonbanh.com/oto/generic"
"6969105","Hyundai i10 Grand 1.2 AT - 2019","Hyundai","cũ","2019","299","Hà Nội","lắp ráp trong nước","đỏ","xăng","1.2","tự động","5","60000","https://bonbanh.com/oto/generic"
"6969104","Mazda CX5 2.0 Premium - 2020","Mazda","cũ","2020","610","Đà Nẵng","lắp ráp trong nước","đỏ","xăng","2","tự động","5","17000","https://bonbanh.com/oto/generic"
"6969103","Ford Ranger Raptor 2.0L 4x4 AT - 2019","Ford","cũ","2019","809","Hà Nội","nhập khẩu","xanh","dầu","2","tự động","5","80000","https://bonbanh.com/oto/generic"
"6969097","Hyundai Stargazer Cao cấp 1.5 AT - 2026","Hyundai","cũ","2026","579","Bình Dương","nhập khẩu","trắng","xăng","1.5","tự động","7",,"https://bonbanh.com/oto/generic"
"6969075","Porsche Cayenne 3.0 V6 - 2021","Porsche","cũ","2021","4199","TP HCM","nhập khẩu","đen","xăng","3","tự động","5","27000","https://bonbanh.com/oto/generic"
"6969067","Mercedes Benz GLC 300 4Matic - 2023","Mercedes","cũ","2023","2179","TP HCM","lắp ráp trong nước","trắng","xăng","2","tự động","5","18000","https://bonbanh.com/oto/generic"
"6969048","Porsche Cayenne Coupe - 2022","Porsche","cũ","2022","4379","TP HCM","nhập khẩu","đỏ","xăng","3","tự động","5","16000","https://bonbanh.com/oto/generic"
"6969043","Toyota Innova G - 2007","Toyota","cũ","2007","140","TP HCM","lắp ráp trong nước","bạc","xăng","2","tay","8",,"https://bonbanh.com/oto/generic"
"6969038","MG 5 Standard 1.5 AT - 2024","MG","cũ","2024","379","Bình Dương","nhập khẩu","trắng","xăng","1.5","tự động","5","22000","https://bonbanh.com/oto/generic"
"6969025","Mazda CX5 Premium 2.0 AT - 2022","Mazda","cũ","2022","648","Hà Nội","lắp ráp trong nước","xám","xăng","2","tự động","5","50000","https://bonbanh.com/oto/generic"
"6968977","Mercedes Benz GLS 450 4Matic - 2022","Mercedes","cũ","2022","3879","TP HCM","nhập khẩu","đen","xăng","3","tự động","7","38000","https://bonbanh.com/oto/generic"
"6968969","Ford Transit Luxury - 2017","Ford","cũ","2017","298","Hải Dương","lắp ráp trong nước","bạc","dầu","2.4","tay","16",,"https://bonbanh.com/oto/generic"
"6968955","Hyundai Grand Starex 2.5 MT - 2015","Hyundai","cũ","2015","395","Hà Nội","nhập khẩu","ghi","dầu","2.5","tay","9","185754","https://bonbanh.com/oto/generic"
"6968923","Toyota Vios G 1.5 CVT - 2022","Toyota","cũ","2022","410","Vĩnh Phúc","lắp ráp trong nước","trắng","xăng","1.5","tự động","5","85000","https://bonbanh.com/oto/generic"
"6968920","Mazda CX8 Signature 2.5 AT AWD - 2026","Mazda","cũ","2026","1100","Bình Dương","lắp ráp trong nước","trắng","xăng","2.5","tự động","7","8000","https://bonbanh.com/oto/generic"
"6968897","Hyundai Accent 1.4 MT Tiêu Chuẩn - 2022","Hyundai","cũ","2022","305","Đăk Lăk","lắp ráp trong nước","trắng","xăng","1.4","tay","5",,"https://bonbanh.com/oto/generic"
"6968871","VinFast Lux A 2.0 Premium 2.0 AT - 2020","VinFast","cũ","2020","498","Hà Nội","lắp ráp trong nước","xanh","xăng","2","tự động","5","35000","https://bonbanh.com/oto/generic"
"6968867","Hyundai i10 1.2 AT - 2024","Hyundai","cũ","2024","385","Hải Phòng","lắp ráp trong nước","trắng","xăng","1.2","tự động","5","30000","https://bonbanh.com/oto/generic"
"6968772","Mitsubishi Xpander Premium 1.5 AT - 2025","Mitsubishi","cũ","2025","535","Phú Thọ","nhập khẩu","trắng","xăng","1.5","tự động","7","21000","https://bonbanh.com/oto/generic"
"6968765","Toyota Fortuner 2.4L 4x2 AT - 2022","Toyota","cũ","2022","988","Hà Nội","lắp ráp trong nước","trắng","dầu","2.4","tự động","7","38000","https://bonbanh.com/oto/generic"
"6968762","Honda CRV L - 2019","Honda","cũ","2019","688","Hà Nội","nhập khẩu","trắng","xăng","1.5","tự động","7","86000","https://bonbanh.com/oto/generic"
"6968754","Honda HRV RS - 2022","Honda","cũ","2022","688","Hà Nội","nhập khẩu","trắng","xăng","1.5","tự động","5","68000","https://bonbanh.com/oto/generic"
"6968424","Porsche Cayenne 3.0 V6 - 2021","Porsche","cũ","2021","4199","TP HCM","nhập khẩu","đen","xăng","3","tự động","5","30333","https://bonbanh.com/oto/generic"
"6968149","Hyundai i10 Grand 1.2 AT - 2015","Hyundai","cũ","2015","250","Đà Nẵng","nhập khẩu","trắng","xăng","1.25","tự động","5","59109","https://bonbanh.com/oto/generic"
"6967969","VinFast VF3 Plus - 2024","VinFast","cũ","2024","235","TP HCM","lắp ráp trong nước","hồng","điện",,"tự động","4","3868","https://bonbanh.com/oto/generic"
"6967950","Chevrolet Aveo LT 1.4 MT - 2018","Chevrolet","cũ","2018","150","TP HCM","lắp ráp trong nước","trắng","xăng","1.4","tay","5","86000","https://bonbanh.com/oto/generic"
"6967840","Mercedes Benz C class C300 AMG - 2021","Mercedes","cũ","2021","1350","TP HCM","nhập khẩu","trắng","xăng","2","tự động","5","60000","https://bonbanh.com/oto/generic"
"6967789","BMW 3 Series 320i - 2013","BMW","cũ","2013","365","TP HCM","nhập khẩu","trắng","xăng","2","tự động","5","120000","https://bonbanh.com/oto/generic"
"6967788","VinFast Fadil 1.4 AT Plus - 2021","VinFast","cũ","2021","289","Hải Phòng","lắp ráp trong nước","đỏ","xăng","1.4","tự động","5","50000","https://bonbanh.com/oto/generic"
"6967773","Toyota Fortuner 2.7V 4x2 AT - 2014","Toyota","cũ","2014","365","TP HCM","lắp ráp trong nước","bạc","xăng","2.7","tự động","7","112000","https://bonbanh.com/oto/generic"
"6967721","Toyota Venza 2.7 AWD - 2009","Toyota","cũ","2009","340","TP HCM","nhập khẩu","trắng","xăng","2.7","tự động","5","110000","https://bonbanh.com/oto/generic"
"6967667","Chevrolet Cruze LT 1.6 MT - 2016","Chevrolet","cũ","2016","195","Lâm Đồng","lắp ráp trong nước","trắng","xăng","1.6","tay","5","148000","https://bonbanh.com/oto/chevrolet"
"6967566","Mercedes Benz GLC 300 4Matic - 2018","Mercedes","cũ","2018","969","Hà Nội","lắp ráp trong nước","đen","xăng","2","tự động","5","33000","https://bonbanh.com/oto/generic"
"6967514","Hyundai Tucson 1.6 AT Turbo - 2019","Hyundai","cũ","2019","605","Hà Nội","lắp ráp trong nước","trắng","xăng","1.6","tự động","5","55000","https://bonbanh.com/oto/generic"
"6967480","Kia Carens SX 2.0 AT - 2010","Kia","cũ","2010","195","Hà Nội","lắp ráp trong nước","bạc","xăng","2","tự động","7","145000","https://bonbanh.com/oto/generic"
"6967475","Honda HRV RS - 2023","Honda","cũ","2023","728","TP HCM","nhập khẩu","trắng","xăng","1.5","tự động","5","22000","https://bonbanh.com/oto/generic"
"6967428","Lexus RX 300 - 2022","Lexus","cũ","2022","2620","Hà Nội","nhập khẩu","xanh","xăng","2","tự động","5","42000","https://bonbanh.com/oto/generic"
"6967236","Suzuki Swift GLX 1.2 AT - 2021","Suzuki","cũ","2021","445","Hà Nội","nhập khẩu","trắng","xăng","1.2","tự động","5","25000","https://bonbanh.com/oto/generic"
"6967206","Mercedes Benz S class S400L - 2016","Mercedes","cũ","2016","1200","Hà Nội","lắp ráp trong nước","nâu","xăng","3","tự động","5","64000","https://bonbanh.com/oto/generic"
"6967203","Mercedes Benz GL 400 4Matic - 2014","Mercedes","cũ","2014","700","Hà Nội","nhập khẩu","đỏ","xăng","3","tự động","7","160000","https://bonbanh.com/oto/generic"
"6967202","Lexus LX 570 - 2014","Lexus","cũ","2014","2800","Hà Nội","nhập khẩu","đen","xăng","5.7","tự động","7","160000","https://bonbanh.com/oto/generic"
"6967201","Lexus LX 570 - 2008","Lexus","cũ","2008","1700","Hà Nội","nhập khẩu","đen","xăng","5.7","tự động","7","230000","https://bonbanh.com/oto/generic"
"6967196","Mitsubishi Mirage 1.2 CVT - 2018","Mitsubishi","cũ","2018","210","Hà Nội","nhập khẩu","đỏ","xăng","1.2","tự động","5","100000","https://bonbanh.com/oto/generic"
"6967188","Kia Sonet Premium 1.5 AT - 2024","Kia","cũ","2024","535","Hải Phòng","lắp ráp trong nước","trắng","xăng","1.5","tự động","5","26589","https://bonbanh.com/oto/generic"
"6967115","Honda HRV RS - 2022","Honda","cũ","2022","639","Hải Phòng","nhập khẩu","đen","xăng","1.5","tự động","5",,"https://bonbanh.com/oto/generic"
"6967091","Porsche Cayenne Platinum Edition - 2022","Porsche","cũ","2022","4100","Hà Nội","nhập khẩu","trắng","xăng","3","tự động","5","30000","https://bonbanh.com/oto/generic"
"6966973","Mitsubishi Destinator Ultimate - 2026","Mitsubishi","cũ","2026","809","Hà Nội","nhập khẩu","đỏ","xăng","1.5","tự động","7","10000","https://bonbanh.com/oto/generic"
"6966866","Toyota Veloz Cross Top 1.5 CVT - 2023","Toyota","cũ","2023","480","Hà Nội","lắp ráp trong nước","đen","xăng","1.5","tự động","7","79000","https://bonbanh.com/oto/generic"
"6966861","Kia Sedona 2.2 DAT Luxury - 2021","Kia","cũ","2021","680","TP HCM","lắp ráp trong nước","đen","dầu","2.2","tự động","7","95000","https://bonbanh.com/oto/generic"
"6966810","Kia Cerato 2.0 AT Premium - 2019","Kia","cũ","2019","439","TP HCM","lắp ráp trong nước","xanh","xăng","2","tự động","5","23000","https://bonbanh.com/oto/generic"
"6966779","Ford Everest Titanium 2.0L 4x2 AT - 2019","Ford","cũ","2019","655","Đăk Lăk","nhập khẩu","trắng","dầu","2","tự động","7",,"https://bonbanh.com/oto/generic"
"6966776","Toyota Innova E 2.0 MT - 2022","Toyota","cũ","2022","525","Hà Nội","lắp ráp trong nước","đen","xăng","2","tay","8","25000","https://bonbanh.com/oto/generic"
"6966747","Mercedes Benz GLC 200 - 2020","Mercedes","cũ","2020","1099","Hà Nội","lắp ráp trong nước","trắng","xăng","2","tự động","5","72000","https://bonbanh.com/oto/generic"
"6966740","Mercedes Benz C class C200 Avantgarde Plus - 2021","Mercedes","cũ","2021","1140","Hà Nội","lắp ráp trong nước","đen","xăng","1.5","tự động","5","13000","https://bonbanh.com/oto/generic"
"6966703","LandRover Range Rover Vogue 4.4 SDV8 - 2013","LandRover","cũ","2013","1500","TP HCM","nhập khẩu","đen","dầu","4.4","tự động","5","110000","https://bonbanh.com/oto/generic"
"6966479","Mitsubishi Destinator Ultimate - 2026","Mitsubishi","cũ","2026","805","Hà Nội","nhập khẩu","đỏ","xăng","1.5","tự động","7","10000","https://bonbanh.com/oto/mitsubishi"
"6966460","Kia K5 Premium 2.0 AT - 2024","Kia","cũ","2024","739","TP HCM","lắp ráp trong nước","đen","xăng","2","tự động","5","19000","https://bonbanh.com/oto/generic"
"6966445","Ford Everest Sport 2.0L 4x2 AT - 2023","Ford","cũ","2023","939","Thái Bình","nhập khẩu","trắng","dầu","2","tự động","7","40000","https://bonbanh.com/oto/generic"
"6966405","Mercedes Benz GLC 300 4Matic - 2024","Mercedes","cũ","2024","2190","TP HCM","lắp ráp trong nước","trắng","hybrid","2","tự động","5","16000","https://bonbanh.com/oto/generic"
"6966326","Ford Ranger XLS 2.0L 4x4 AT - 2024","Ford","cũ","2024","596","Hà Nội","lắp ráp trong nước","đỏ","dầu","2","tự động","5","86000","https://bonbanh.com/oto/generic"
"6966307","Mazda CX8 Luxury - 2021","Mazda","cũ","2021","693","Hà Nội","lắp ráp trong nước","trắng","xăng","2.5","tự động","7","70000","https://bonbanh.com/oto/generic"
"6966246","Toyota Fortuner 2.7V 4x4 AT - 2011","Toyota","cũ","2011","305","TP HCM","lắp ráp trong nước","bạc","xăng","2.7","tự động","7","120000","https://bonbanh.com/oto/generic"
"6966161","Toyota Camry 2.5Q - 2017","Toyota","cũ","2017","599","Hà Nội","lắp ráp trong nước","đen","xăng","2.5","tự động","5","80000","https://bonbanh.com/oto/generic"
"6966147","Kia Pride Beta - 2001","Kia","cũ","2001","28","Hà Nội","lắp ráp trong nước","trắng","xăng","1.3","tay","5","250000","https://bonbanh.com/oto/generic"
"6966115","Mercedes Benz GL 500 4Matic - 2015","Mercedes","cũ","2015","950","Hà Nội","nhập khẩu","đen","xăng","4.7","tự động","7","101000","https://bonbanh.com/oto/generic"
"6966090","Mazda CX8 Luxury - 2021","Mazda","cũ","2021","700","Hà Nội","lắp ráp trong nước","trắng","xăng","2.5","tự động","7","72000","https://bonbanh.com/oto/generic"
"6966073","Honda City 1.5 - 2018","Honda","cũ","2018","305","Hà Nội","lắp ráp trong nước","xanh","xăng","1.5","tự động","5","97000","https://bonbanh.com/oto/generic"
"6965978","Toyota Corolla altis 2.0V - 2013","Toyota","cũ","2013","365","Hà Nội","lắp ráp trong nước","đen","xăng","2","tự động","5","57000","https://bonbanh.com/oto/generic"
"6965956","Mercedes Benz GLC 300 4Matic - 2016","Mercedes","cũ","2016","745","TP HCM","lắp ráp trong nước","đen","xăng","2","tự động","5","86000","https://bonbanh.com/oto/generic"
"6965955","Kia Morning Si AT - 2016","Kia","cũ","2016","215","Bình Dương","lắp ráp trong nước","trắng","xăng","1.25","tự động","5","140000","https://bonbanh.com/oto/generic"
"6965937","Kia Sedona 2.2 DAT Luxury - 2020","Kia","cũ","2020","695","TP HCM","lắp ráp trong nước","trắng","dầu","2.2","tự động","7","95000","https://bonbanh.com/oto/generic"
"6965936","Kia Morning MT - 2015","Kia","cũ","2015","123","Hải Phòng","lắp ráp trong nước","đỏ","xăng","1.25","tay","5",,"https://bonbanh.com/oto/generic"
"6965901","Ford Everest Titanium Plus 2.0L 4x4 AT - 2025","Ford","cũ","2025","1360","Quảng Ninh","nhập khẩu","trắng","dầu","2","tự động","7","30000","https://bonbanh.com/oto/generic"
"6965874","Mercedes Benz GL 500 4Matic - 2016","Mercedes","cũ","2016","1600","TP HCM","nhập khẩu","nâu","xăng","4.7","tự động","7","80000","https://bonbanh.com/oto/generic"
"6965836","Hyundai SantaFe Cao cấp 2.2L HTRAC - 2022","Hyundai","cũ","2022","995","Hưng Yên","lắp ráp trong nước","trắng","dầu","2.2","tự động","7","490000","https://bonbanh.com/oto/generic"
"6965829","Mazda CX5 Luxury 2.0 AT - 2024","Mazda","cũ","2024","698","Bắc Ninh","lắp ráp trong nước","trắng","xăng","2","tự động","5","11000","https://bonbanh.com/oto/generic"
"6965826","Audi A4 2.0T Quattro - 2010","Audi","cũ","2010","279","Hà Nội","nhập khẩu","trắng","xăng","2","tự động","5","150000","https://bonbanh.com/oto/generic"
"6965802","Audi Q8 55 TFSI S-Line Quattro - 2023","Audi","cũ","2023","2839","TP HCM","nhập khẩu",,"xăng","3","tự động","5","25000","https://bonbanh.com/oto/audi"
"6965759","Mazda CX5 2.0 AT - 2017","Mazda","cũ","2017","440","Đồng Nai","lắp ráp trong nước","trắng","xăng","2","tự động","5","200000","https://bonbanh.com/oto/generic"
"6965672","Honda City RS 1.5 AT - 2022","Honda","cũ","2022","450","Đà Nẵng","lắp ráp trong nước","xanh","xăng","1.5","tự động","5","7378","https://bonbanh.com/oto/generic"
"6965623","Audi Q8 55 TFSI S-Line Quattro - 2023","Audi","cũ","2023","2838","TP HCM","nhập khẩu","nâu","xăng","3","tự động","5","25000","https://bonbanh.com/oto/generic"
"6965518","Ford Everest Platinum 2.0L 4x4 AT - 2025","Ford","cũ","2025","1490","Hà Nội","nhập khẩu","trắng","dầu","2","tự động","7","20000","https://bonbanh.com/oto/generic"
"6965510","Hyundai Creta Tiêu chuẩn 1.5 AT - 2022","Hyundai","cũ","2022","485","Hải Phòng","nhập khẩu","xám","xăng","1.5","tự động","5","40000","https://bonbanh.com/oto/generic"
"6965498","Honda CRV L - 2022","Honda","cũ","2022","825","Hà Nội","lắp ráp trong nước","đỏ","xăng","1.5","tự động","7","70000","https://bonbanh.com/oto/generic"
"6965405","Mitsubishi Xpander 1.5 MT - 2021","Mitsubishi","cũ","2021","372","Hà Nội","nhập khẩu","trắng","xăng","1.5","tay","7","70000","https://bonbanh.com/oto/generic"
"6965397","Suzuki XL7 1.5 AT - 2023","Suzuki","cũ","2023","422","Hà Nội","nhập khẩu","trắng","xăng","1.5","tự động","7","78000","https://bonbanh.com/oto/generic"
"6965373","Toyota Camry 2.5Q - 2019","Toyota","cũ","2019","755","Hà Nội","nhập khẩu","trắng","xăng","2.5","tự động","5","80000","https://bonbanh.com/oto/generic"
"6965225","Mazda CX5 Deluxe 2.0 AT - 2023","Mazda","cũ","2023","655","TP HCM","lắp ráp trong nước","đỏ","xăng","2","tự động","5","11000","https://bonbanh.com/oto/generic"
"6965041","BMW X4 xDrive20i - 2019","BMW","cũ","2019","1100","Hà Nội","nhập khẩu","xanh","xăng","2","tự động","5","80484","https://bonbanh.com/oto/generic"
"6965032","Audi Q7 2.0 TFSI Quattro - 2016","Audi","cũ","2016","768","TP HCM","nhập khẩu","trắng","xăng","2","tự động","7",,"https://bonbanh.com/oto/generic"
"6964919","Mercedes Benz C class C300 AMG - 2022","Mercedes","cũ","2022","1499","TP HCM","lắp ráp trong nước","trắng","xăng","2","tự động","5","33000","https://bonbanh.com/oto/generic"
"6964913","BMW i8 1.5L Hybrid - 2015","BMW","cũ","2015","2099","TP HCM","nhập khẩu","trắng","hybrid","1.5","tự động","4","43000","https://bonbanh.com/oto/generic"
"6964871","Honda CRV L - 2024","Honda","cũ","2024","976","Hà Nội","lắp ráp trong nước","trắng","xăng","1.5","tự động","7","17000","https://bonbanh.com/oto/generic"
"6964849","Mitsubishi Xpander Premium 1.5 AT - 2023","Mitsubishi","cũ","2023","439","TP HCM","nhập khẩu","bạc","xăng","1.5","tự động","7","72000","https://bonbanh.com/oto/generic"
"6964846","Toyota Innova 2.0E - 2016","Chevrolet","cũ","2016","325","Hà Nội","lắp ráp trong nước","bạc","xăng","2","tay","8","13000","https://bonbanh.com/oto/chevrolet"
"6964787","Toyota Innova 2.0E - 2016","Toyota","cũ","2016","319","Hà Nội","lắp ráp trong nước","bạc","xăng","2","tay","8","13000","https://bonbanh.com/oto/generic"
"6964781","Toyota Venza 2.7 - 2009","Toyota","cũ","2009","365","TP HCM","nhập khẩu","đen","xăng","2.7","tự động","5","75000","https://bonbanh.com/oto/generic"
"6964693","Toyota Fortuner 2.7V 4x2 AT - 2014","Toyota","cũ","2014","355","Hải Phòng","lắp ráp trong nước","bạc","xăng","2.7","tự động","7","90000","https://bonbanh.com/oto/generic"
"6964686","Ford Ranger Raptor 2.0L 4x4 AT - 2023","Ford","cũ","2023","999","Hà Nội","nhập khẩu","xám","dầu","2","tự động","5","42016","https://bonbanh.com/oto/generic"
"6964558","VinFast VF6 Eco - 2025","VinFast","cũ","2025","545","Hà Nội","lắp ráp trong nước","xám","điện",,"tự động","5","39000","https://bonbanh.com/oto/generic"
"6964496","Toyota Yaris Cross HEV 1.5 CVT - 2025","Toyota","cũ","2025","660","Hà Nội","nhập khẩu","trắng","hybrid","1.5","tự động","5","55000","https://bonbanh.com/oto/generic"
"6964489","BMW 3 Series 320i Sport Line - 2023","BMW","cũ","2023","1099","TP HCM","lắp ráp trong nước","đen","xăng","2","tự động","5","46000","https://bonbanh.com/oto/generic"
"6964392","Porsche Cayenne GTS - 2008","Porsche","cũ","2008","480","Hà Nội","nhập khẩu","đen","xăng","4.8","tự động","5","100000","https://bonbanh.com/oto/generic"
"6964379","Kia Carnival Signature 2.2D - 2024","Kia","cũ","2024","1099","Hà Nội","lắp ráp trong nước","xanh","dầu","2.2","tự động","7","56000","https://bonbanh.com/oto/generic"
"6964365","Mercedes Benz S class S450 4Matic Maybach - 2018","Mercedes","cũ","2018","3200","TP HCM","nhập khẩu","xanh","xăng","3","tự động","4","36000","https://bonbanh.com/oto/generic"
"6964361","Mazda CX5 Premium 2.0 AT - 2024","Mazda","cũ","2024","700","Quảng Ngãi","lắp ráp trong nước","đen","xăng","2","tự động","5","22000","https://bonbanh.com/oto/generic"
"6964356","Hyundai Accent 1.4 AT Đặc Biệt - 2022","Hyundai","cũ","2022","399","Hải Phòng","lắp ráp trong nước","đen","xăng","1.4","tự động","5","69999","https://bonbanh.com/oto/generic"
"6964355","Hyundai SantaFe Cao cấp 2.2L HTRAC - 2021","Hyundai","cũ","2021","895","Hà Nội","lắp ráp trong nước","trắng","dầu","2.2","tự động","7","96000","https://bonbanh.com/oto/generic"
"6964348","Mercedes Benz GLC 300 4Matic - 2020","Mercedes","cũ","2020","1260","Hà Nội","nhập khẩu","đỏ","xăng","2","tự động","5","110000","https://bonbanh.com/oto/generic"
"6964295","Hyundai i10 Grand 1.0 AT - 2016","Hyundai","cũ","2016","208","Vĩnh Phúc","nhập khẩu","đồng","xăng","1","tự động","5","120000","https://bonbanh.com/oto/generic"
"6964292","Hyundai Tucson 2.0 AT Đặc biệt - 2023","Hyundai","cũ","2023","715","Hà Nội","lắp ráp trong nước","đỏ","xăng","2","tự động","5","39000","https://bonbanh.com/oto/generic"
"6964275","Suzuki Swift RS - 2017","Suzuki","cũ","2017","295","Hà Nội","lắp ráp trong nước","trắng","xăng","1.4","tự động","5","90000","https://bonbanh.com/oto/generic"
"6964211","Mazda CX5 Premium Sport 2.0 AT - 2024","Mazda","cũ","2024","720","Đà Nẵng","lắp ráp trong nước","đỏ","xăng","2","tự động","5","38000","https://bonbanh.com/oto/generic"
"6964204","Mazda 3 1.5 AT - 2017","Mazda","cũ","2017","360","Hà Nội","lắp ráp trong nước","đỏ","xăng","1.5","tự động","5","90000","https://bonbanh.com/oto/generic"
"6964074","Volkswagen Tiguan Allspace Luxury - 2019","Volkswagen","cũ","2019","839","TP HCM","nhập khẩu","trắng","xăng","2","tự động","7","43890","https://bonbanh.com/oto/volkswagen"
"6964013","BMW 3 Series 330i - 2015","BMW","cũ","2015","400","Hà Nội","nhập khẩu","trắng","xăng","2","tự động","5","77000","https://bonbanh.com/oto/generic"
"6964001","Toyota Raize G 1.0 CVT - 2023","Toyota","cũ","2023","458","Hà Nội","nhập khẩu","trắng","xăng","1","tự động","5","43000","https://bonbanh.com/oto/generic"
"6963994","Lexus LX 570 Black Edition S - 2019","Lexus","cũ","2019","5890","Hà Nội","nhập khẩu","đen","xăng","5.7","tự động","7","80000","https://bonbanh.com/oto/generic"
"6963613","Toyota Land Cruiser GX 4.5 - 2006","Toyota","cũ","2006","560","TP HCM","lắp ráp trong nước","xám","xăng","4.5","tay","8",,"https://bonbanh.com/oto/generic"
"6963601","Ford Territory Titanium 1.5 AT - 2023","Ford","cũ","2023","670","Cần Thơ","lắp ráp trong nước","đỏ","xăng","1.5","tự động","5","26000","https://bonbanh.com/oto/generic"
"6963563","Audi Q8 55 TFSI S-Line Quattro - 2023","Audi","cũ","2023","2838","TP HCM","nhập khẩu","nâu","xăng","3","tự động","5","25200","https://bonbanh.com/oto/generic"
"6963520","Ford Everest Titanium 2.0L 4x2 AT - 2024","Ford","cũ","2024","1168","Hà Nội","nhập khẩu","đen","dầu","2","tự động","7","28000","https://bonbanh.com/oto/generic"
"6963477","Kia Morning Luxury - 2020","Kia","cũ","2020","285","Nghệ An","lắp ráp trong nước","đỏ","xăng","1.25","tự động","5","39000","https://bonbanh.com/oto/generic"
"6963454","Ford Territory Titanium X 1.5 AT - 2022","Ford","cũ","2022","589","TP HCM","lắp ráp trong nước","đỏ","xăng","1.5","tự động","5","126000","https://bonbanh.com/oto/generic"
"6963453","VinFast VF5 Plus - 2026","VinFast","mới","2026","410","Hà Nội","lắp ráp trong nước","xám","điện",,"tự động","5",,"https://bonbanh.com/oto/generic"
"6963452","Ford Everest Titanium 2.0L 4x2 AT - 2023","Ford","cũ","2023","1099","Hà Nội","nhập khẩu","trắng","dầu","2","tự động","7","58000","https://bonbanh.com/oto/generic"
"6963445","VinFast VF5 Plus - 2026","VinFast","mới","2026","410","Hà Nội","lắp ráp trong nước","xám","điện",,"tự động","5",,"https://bonbanh.com/oto/generic"
"6963442","VinFast VF5 Plus - 2026","VinFast","mới","2026","410","Hà Nội","lắp ráp trong nước","trắng","điện",,"tự động","5",,"https://bonbanh.com/oto/generic"
"6963438","Honda CRV L - 2019","Honda","cũ","2019","699","Hà Nội","nhập khẩu","trắng","xăng","1.5","tự động","7","100000","https://bonbanh.com/oto/generic"
"6963425","Mazda 6 Premium 2.0 AT - 2024","Mazda","cũ","2024","660","TP HCM","lắp ráp trong nước","đỏ","xăng","2","tự động","5","32168","https://bonbanh.com/oto/generic"
"6963421","Toyota Fortuner 2.8V 4x4 AT - 2019","Toyota","cũ","2019","818","Hà Nội","nhập khẩu","đen","dầu","2.8","tự động","7","87000","https://bonbanh.com/oto/generic"
"6963375","Ford EcoSport Trend 1.5L AT - 2019","Ford","cũ","2019","285","Bình Dương","lắp ráp trong nước","trắng","xăng","1.5","tự động","5","84000","https://bonbanh.com/oto/generic"
"6963327","Toyota Innova E 2.0 MT - 2023","Toyota","cũ","2023","510","TP HCM","lắp ráp trong nước","bạc","xăng","2","tay","8","128867","https://bonbanh.com/oto/generic"
"6963321","Ford Everest Sport 2.0L 4x2 AT - 2024","Ford","cũ","2024","1020","TP HCM","nhập khẩu","đen","dầu","2","tự động","7",,"https://bonbanh.com/oto/generic"
"6963238","Toyota Camry 2.0E - 2015","Toyota","cũ","2015","490","Hà Nội","lắp ráp trong nước","đen","xăng","2","tự động","5","150000","https://bonbanh.com/oto/generic"
"6963207","Mercedes Benz S class S450L - 2019","Mercedes","cũ","2019","1899","TP HCM","lắp ráp trong nước","trắng","xăng","3","tự động","5","45000","https://bonbanh.com/oto/generic"
"6963100","Toyota Corolla Cross 1.8V - 2021","Toyota","cũ","2021","599","Hà Nội","nhập khẩu","xanh","xăng","1.8","tự động","5","60000","https://bonbanh.com/oto/generic"
"6963095","Lexus RX 300 - 2020","Lexus","cũ","2020","2850","Hà Nội","nhập khẩu","trắng","xăng","2","tự động","5","74077","https://bonbanh.com/oto/generic"
"6963059","Mercedes Benz C class C300 AMG - 2016","Mercedes","cũ","2016","545","Hà Nội","lắp ráp trong nước","xanh","xăng","2","tự động","5","87000","https://bonbanh.com/oto/generic"
"6963054","Hyundai SantaFe 2.2L HTRAC - 2019","Hyundai","cũ","2019","725","Hà Nội","lắp ráp trong nước","đen","dầu","2.2","tự động","7","50000","https://bonbanh.com/oto/generic"
"6963007","Ford Ranger Stormtrak 2.0L 4x4 AT - 2024","Ford","cũ","2024","899","Hà Nội","nhập khẩu","xám","dầu","2","tự động","5","29000","https://bonbanh.com/oto/generic"
"6962925","Hyundai Tucson 1.6 AT Turbo HTRAC Đặc biệt - 2024","Hyundai","cũ","2024","845","Hà Nội","lắp ráp trong nước","trắng","xăng","1.6","tự động","5","40000","https://bonbanh.com/oto/generic"
"6962796","Ssangyong Rexton 2.7 AT - 2008","Ssangyong","cũ","2008","220","Hà Nội","nhập khẩu","ghi","dầu","2.7","tự động","7",,"https://bonbanh.com/oto/generic"
"6962794","Honda CRV L - 2023","Honda","cũ","2023","858","Hà Nội","lắp ráp trong nước","đen","xăng","1.5","tự động","7","30000","https://bonbanh.com/oto/generic"
"6962791","Toyota Innova 2.0E - 2017","Toyota","cũ","2017","315","Hải Phòng","lắp ráp trong nước","đồng","xăng","2","tay","8",,"https://bonbanh.com/oto/generic"
"6962765","Toyota Prado VX 2.7L - 2017","Toyota","cũ","2017","1598","Hà Nội","nhập khẩu","trắng","xăng","2.7","tự động","7","120000","https://bonbanh.com/oto/generic"
"6962722","VinFast Fadil 1.4 AT Plus - 2021","VinFast","cũ","2021","305","Hà Nội","lắp ráp trong nước","trắng","xăng","1.4","tự động","5","36000","https://bonbanh.com/oto/generic"
"6962718","Mazda CX8 Signature 2.5 AT AWD - 2026","Mazda","cũ","2026","1110","Hà Nội","lắp ráp trong nước","trắng","xăng","2.5","tự động","7","8000","https://bonbanh.com/oto/generic"
"6962694","VinFast President 6.2 V8 - 2020","VinFast","cũ","2020","695","Hà Nội","lắp ráp trong nước","xanh","xăng","6.2","tự động","7","50000","https://bonbanh.com/oto/generic"
"6962648","Toyota Corolla altis 2.0V Sport - 2018","Toyota","cũ","2018","395","Hà Nội","lắp ráp trong nước","đen","xăng","2","tự động","5",,"https://bonbanh.com/oto/generic"
"6962642","Mercedes Benz GLC 300 4Matic - 2020","Mercedes","cũ","2020","1265","Hà Nội","lắp ráp trong nước","đỏ","xăng","2","tự động","5","100000","https://bonbanh.com/oto/generic"
"6962637","Mercedes Benz C class C200 - 2018","Mercedes","cũ","2018","595","Hà Nội","lắp ráp trong nước","đen","xăng","2","tự động","5","100000","https://bonbanh.com/oto/generic"
"6962593","Mitsubishi Xforce Premium - 2025","Mitsubishi","cũ","2025","598","TP HCM","nhập khẩu","trắng","xăng","1.5","tự động","5","9000","https://bonbanh.com/oto/generic"
"6962561","Mazda 3 1.5L Luxury - 2023","Mazda","cũ","2023","539","Hà Nội","lắp ráp trong nước","trắng","xăng","1.5","tự động","5","8000","https://bonbanh.com/oto/generic"
"6962557","Toyota Raize G 1.0 CVT - 2023","Toyota","cũ","2023","460","Hà Nội","nhập khẩu","trắng","xăng","1","tự động","5","35000","https://bonbanh.com/oto/generic"
"6962364","Honda City L 1.5 AT - 2021","Honda","cũ","2021","380","TP HCM","lắp ráp trong nước","xám","xăng","1.5","tự động","5","72000","https://bonbanh.com/oto/generic"
"6962347","Hyundai i10 Grand 1.2 MT - 2017","Hyundai","cũ","2017","173","Đăk Lăk","lắp ráp trong nước","trắng","xăng","1.2","tay","5",,"https://bonbanh.com/oto/generic"
"6962338","Toyota Raize G 1.0 CVT - 2024","Toyota","cũ","2024","469","Hà Nội","nhập khẩu","trắng","xăng","1","tự động","5","32000","https://bonbanh.com/oto/generic"
"6962294","Toyota Camry 2.4G - 2007","Toyota","cũ","2007","215","Đồng Nai","lắp ráp trong nước","đen","xăng","2.4","tự động","5",,"https://bonbanh.com/oto/generic"
"6962285","Toyota Innova G - 2006","Toyota","cũ","2006","125","Đồng Nai","lắp ráp trong nước","bạc","xăng","2","tay","8",,"https://bonbanh.com/oto/generic"
"6962282","Kia Morning Si AT - 2017","Kia","cũ","2017","210","Đồng Nai","lắp ráp trong nước","nâu","xăng","1.25","tự động","5",,"https://bonbanh.com/oto/generic"
"6962267","Kia Frontier K250 Thùng Kín - 2020","Kia","cũ","2020","280","Cần Thơ","lắp ráp trong nước","xanh","dầu","2.5","tay","3",,"https://bonbanh.com/oto/generic"
"6962263","Toyota Fortuner 2.5G - 2014","Toyota","cũ","2014","365","Cần Thơ","lắp ráp trong nước","bạc","dầu","2.5","tay","7",,"https://bonbanh.com/oto/generic"
"6962260","Mazda 3 1.5L Luxury - 2019","Mazda","cũ","2019","375","TP HCM","lắp ráp trong nước","trắng","xăng","1.5","tự động","5",,"https://bonbanh.com/oto/generic"
"6962256","Toyota Vios 1.5G - 2019","Toyota","cũ","2019","335","Cần Thơ","lắp ráp trong nước","đỏ","xăng","1.5","tự động","5",,"https://bonbanh.com/oto/generic"
"6962244","Honda Civic RS 1.5 AT - 2023","Honda","cũ","2023","728","TP HCM","nhập khẩu","đỏ","xăng","1.5","tự động","5","49038","https://bonbanh.com/oto/generic"
"6962238","Toyota Alphard Luxury Executive Lounge - 2019","Toyota","cũ","2019","2560","Hà Nội","nhập khẩu","đen","xăng","3.5","tự động","7","60000","https://bonbanh.com/oto/generic"
"6962232","Peugeot 3008 Allure 1.6 AT - 2020","Peugeot","cũ","2020","550","Hà Nội","lắp ráp trong nước","đen","xăng","1.6","tự động","5","60000","https://bonbanh.com/oto/generic"
"6962219","Lexus NX 300 - 2017","Lexus","cũ","2017","1350","TP HCM","nhập khẩu","trắng","xăng","2","tự động","5","95000","https://bonbanh.com/oto/generic"
"6962196","Kia Carnival Signature 2.2D - 2023","Kia","cũ","2023","1199","TP HCM","lắp ráp trong nước","trắng","dầu","2.2","tự động","7","24000","https://bonbanh.com/oto/generic"
"6962186","Toyota Innova 2.0G - 2017","Toyota","cũ","2017","465","TP HCM","lắp ráp trong nước","trắng","xăng","2","tự động","8","84000","https://bonbanh.com/oto/generic"
"6962167","Toyota Wigo 1.2G MT - 2018","Toyota","cũ","2018","135","Hà Nội","nhập khẩu","trắng","xăng","1.2","tay","5","170000","https://bonbanh.com/oto/generic"
"6962164","Toyota Innova E 2.0 MT - 2022","Toyota","cũ","2022","486","TP HCM","lắp ráp trong nước","đen","xăng","2","tay","8","24000","https://bonbanh.com/oto/generic"
"6962142","Peugeot 5008 1.6 AT - 2018","Peugeot","cũ","2018","499","Bà Rịa Vũng Tàu","lắp ráp trong nước","trắng","xăng","1.6","tự động","7",,"https://bonbanh.com/oto/peugeot"
"6962132","BMW X1 sDrive20i - 2016","BMW","cũ","2016","568","Bà Rịa Vũng Tàu","nhập khẩu","đen","xăng","2","tự động","5","70000","https://bonbanh.com/oto/generic"
"6962117","Mercedes Benz SLK class SLK 350 - 2009","Mercedes","cũ","2009","799","TP HCM","nhập khẩu","bạc","xăng","3.5","tự động","2","33000","https://bonbanh.com/oto/generic"
"6962112","Volkswagen Tiguan Allspace - 2019","Volkswagen","cũ","2019","715","Bà Rịa Vũng Tàu","nhập khẩu","trắng","xăng","2","tự động","7","74000","https://bonbanh.com/oto/generic"
"6962103","Mazda CX5 2.5 AT 2WD - 2018","Mazda","cũ","2018","550","Bà Rịa Vũng Tàu","lắp ráp trong nước","đỏ","xăng","2.5","tự động","5","105000","https://bonbanh.com/oto/generic"
"6962091","Kia Carens SX 2.0 AT - 2010","Kia","cũ","2010","222","Bà Rịa Vũng Tàu","lắp ráp trong nước","bạc","xăng","2","tự động","7","120000","https://bonbanh.com/oto/generic"
"6962086","Mini Cooper S 5 Door - 2023","Mini","cũ","2023","1535","TP HCM","nhập khẩu","đen","xăng","2","tự động","5","18000","https://bonbanh.com/oto/generic"
"6962075","Toyota Raize G 1.0 CVT - 2023","Toyota","cũ","2023","455","Hà Nội","nhập khẩu","trắng","xăng","1","tự động","5","43000","https://bonbanh.com/oto/generic"
"6962067","Mercedes Benz GLS 450 4Matic - 2020","Mercedes","cũ","2020","3190","Hà Nội","nhập khẩu","đen","xăng","3","tự động","7","90000","https://bonbanh.com/oto/generic"
"6962051","BMW 5 Series 520i - 2019","BMW","cũ","2019","895","TP HCM","nhập khẩu","trắng","xăng","1.6","tự động","5","54000","https://bonbanh.com/oto/generic"
"6961981","Mazda 6 Deluxe 2.0 AT - 2019","Mazda","cũ","2019","479","TP HCM","lắp ráp trong nước","đỏ","xăng","2","tự động","5","89000","https://bonbanh.com/oto/generic"
"6961966","Mercedes Benz GLC 300 4Matic - 2026","Mercedes","mới","2026","2359","TP HCM","lắp ráp trong nước","trắng","hybrid","2","tự động","5",,"https://bonbanh.com/oto/generic"
"6961959","Mercedes Benz GLC 300 4Matic - 2026","Mercedes","mới","2026","2359","TP HCM","lắp ráp trong nước","đen","hybrid","2","tự động","5",,"https://bonbanh.com/oto/generic"
"6961954","Mitsubishi Outlander 2.0 CVT - 2019","Mitsubishi","cũ","2019","485","Nghệ An","lắp ráp trong nước","trắng","xăng","2","tự động","7","110000","https://bonbanh.com/oto/generic"
"6961922","Toyota Fortuner 2.7V 4x2 AT - 2017","Toyota","cũ","2017","580","TP HCM","nhập khẩu","trắng","xăng","2.7","tự động","7","132000","https://bonbanh.com/oto/generic"
"6961909","Honda CRV L - 2021","Honda","cũ","2021","815","Hà Nội","lắp ráp trong nước","trắng","xăng","1.5","tự động","7","34000","https://bonbanh.com/oto/generic"
"6961904","Toyota Yaris Cross 1.5 D-CVT - 2024","Toyota","cũ","2024","590","Hà Nội","nhập khẩu","trắng","xăng","1.5","tự động","5","45000","https://bonbanh.com/oto/generic"
"6961894","Audi Q7 2.0 TFSI S-line - 2018","Audi","cũ","2018","1100","TP HCM","nhập khẩu","đen","xăng","2","tự động","7","136890","https://bonbanh.com/oto/generic"
"6961893","Kia Morning GT-Line - 2022","Kia","cũ","2022","335","Đăk Lăk","lắp ráp trong nước","đỏ","xăng","1.25","tự động","5","33000","https://bonbanh.com/oto/generic"
"6961888","Ford Ranger XLS 2.0L 4x4 AT - 2024","Ford","cũ","2024","655","Đăk Lăk","lắp ráp trong nước","đen","dầu","2","tự động","5","39500","https://bonbanh.com/oto/generic"
"6961884","Toyota Innova Cross HEV 2.0 CVT - 2025","Toyota","cũ","2025","960","Hà Nội","nhập khẩu","trắng","hybrid","2","tự động","7","34000","https://bonbanh.com/oto/generic"
"6961880","Nissan Navara EL 2.3 AT 2WD - 2023","Nissan","cũ","2023","510","Đăk Lăk","nhập khẩu","xám","dầu","2.3","tự động","5","25000","https://bonbanh.com/oto/generic"
"6961828","Honda CRV L AWD - 2025","Honda","cũ","2025","1095","Hà Nội","lắp ráp trong nước","xanh","xăng","1.5","tự động","7","10000","https://bonbanh.com/oto/generic"
"6961801","Hyundai Tucson 2.0 AT 4WD - 2010","Hyundai","cũ","2010","255","Hà Nội","nhập khẩu","trắng","xăng","2","tự động","5","20000","https://bonbanh.com/oto/generic"
"6961784","Mitsubishi Xpander 1.5 AT - 2020","Mitsubishi","cũ","2020","333","TP HCM","nhập khẩu","đen","xăng","1.5","tự động","7",,"https://bonbanh.com/oto/generic"
"6961769","Kia Carnival Signature 2.2D - 2023","Kia","cũ","2023","1045","TP HCM","lắp ráp trong nước","xám","dầu","2.2","tự động","7","68000","https://bonbanh.com/oto/generic"
"6961709","Toyota Sienna Platinum 2.5 AT - 2021","Toyota","cũ","2021","3148","TP HCM","nhập khẩu","xám","hybrid","2.5","tự động","7","100000","https://bonbanh.com/oto/generic"
"6961702","Hyundai Elantra 1.6 AT - 2019","Hyundai","cũ","2019","395","Đăk Lăk","lắp ráp trong nước","đỏ","xăng","1.6","tự động","5","97000","https://bonbanh.com/oto/generic"
"6961687","Hyundai i10 Grand 1.2 MT - 2020","Hyundai","cũ","2020","255","Đăk Lăk","lắp ráp trong nước","trắng","xăng","1.2","tay","5","60000","https://bonbanh.com/oto/generic"
"6961644","Mitsubishi Xpander 1.5 AT - 2020","Mitsubishi","cũ","2020","410","Gia Lai","nhập khẩu","trắng","xăng","1.5","tự động","7",,"https://bonbanh.com/oto/generic"
"6961633","Mitsubishi Xpander Cross 1.5 AT - 2023","Mitsubishi","cũ","2023","495","TP HCM","nhập khẩu","trắng","xăng","1.5","tự động","7","45000","https://bonbanh.com/oto/generic"
"6961629","Peugeot 3008 Allure 1.6 AT - 2020","Peugeot","cũ","2020","550","Hà Nội","lắp ráp trong nước","đen","xăng","1.6","tự động","5","60000","https://bonbanh.com/oto/peugeot"
"6961559","Mazda CX8 Premium - 2020","Mazda","cũ","2020","665","TP HCM","lắp ráp trong nước","trắng","xăng","2.5","tự động","7","72000","https://bonbanh.com/oto/generic"
"6961520","Toyota Fortuner 2.4G 4x2 AT - 2019","Toyota","cũ","2019","750","Đăk Lăk","lắp ráp trong nước","trắng","dầu","2.4","tự động","7","79000","https://bonbanh.com/oto/generic"
"6961515","Mitsubishi Xpander 1.5 MT - 2021","Mitsubishi","cũ","2021","338","Hà Nội","nhập khẩu","nâu","xăng","1.5","tay","7","100000","https://bonbanh.com/oto/generic"
"6961480","Kia Morning SLX 1.0 AT - 2011","Kia","cũ","2011","135","Đăk Lăk","nhập khẩu","đỏ","xăng","1","tự động","5",,"https://bonbanh.com/oto/generic"
"6961477","Kia Cerato 1.6 MT - 2018","Kia","cũ","2018","305","Đăk Lăk","lắp ráp trong nước","trắng","xăng","1.6","tay","5",,"https://bonbanh.com/oto/generic"
"6961474","Honda City 1.5TOP - 2018","Honda","cũ","2018","315","Đăk Lăk","lắp ráp trong nước","bạc","xăng","1.5","tự động","5",,"https://bonbanh.com/oto/generic"
"6961424","Kia Morning MT - 2018","Kia","cũ","2018","165","Đăk Lăk","lắp ráp trong nước","trắng","xăng","1.25","tay","5",,"https://bonbanh.com/oto/generic"
"6961348","Mercedes Benz G class G63 AMG - 2021","Mercedes","cũ","2021","6900","Hà Nội","nhập khẩu","đen","xăng","4","tự động","5","35000","https://bonbanh.com/oto/generic"
"6961245","Mercedes Benz C class C200 Avantgarde Plus - 2025","Mercedes","cũ","2025","1579","TP HCM","lắp ráp trong nước","đen","xăng","1.5","tự động","5","37","https://bonbanh.com/oto/generic"
"6961200","Mazda BT50 2.2L 4x2 AT - 2015","Mazda","cũ","2015","299","Hà Nội","nhập khẩu","bạc","dầu","2.2","tự động","5","120000","https://bonbanh.com/oto/generic"
"6961119","VinFast Fadil 1.4 AT - 2021","VinFast","cũ","2021","276","Hải Phòng","lắp ráp trong nước","xám","xăng","1.4","tự động","5","68000","https://bonbanh.com/oto/generic"
"6961100","Lexus ES 350 - 2007","Lexus","cũ","2007","338","TP HCM","nhập khẩu","bạc","xăng","3.5","tự động","5","92000","https://bonbanh.com/oto/generic"
"6960923","Porsche 718 Cayman 2.0 AT - 2020","Porsche","cũ","2020","2099","TP HCM","nhập khẩu","vàng","xăng","2","tự động","2",,"https://bonbanh.com/oto/generic"
"6960912","Porsche Cayenne Coupe - 2022","Porsche","cũ","2022","4199","TP HCM","nhập khẩu","trắng","xăng","3","tự động","5","30000","https://bonbanh.com/oto/generic"
"6960891","Hyundai Tucson 2.0 ATH - 2018","Hyundai","cũ","2018","500","TP HCM","lắp ráp trong nước","đỏ","xăng","2","tự động","5","75000","https://bonbanh.com/oto/generic"
"6960883","Kia Rondo GAT - 2016","Kia","cũ","2016","339","Hải Phòng","lắp ráp trong nước","đen","xăng","2","tự động","7","101000","https://bonbanh.com/oto/generic"
"6960879","Hyundai Custin Tiêu Chuẩn 1.5T - 2026","Hyundai","cũ","2026","776","TP HCM","lắp ráp trong nước","đen","xăng","1.5","tự động","7","30000","https://bonbanh.com/oto/generic"
"6960866","Hyundai Stargazer X Cao cấp 1.5 AT - 2024","Hyundai","cũ","2024","463","TP HCM","nhập khẩu","đỏ","xăng","1.5","tự động","7","35000","https://bonbanh.com/oto/generic"
"6960863","Kia Seltos Luxury 1.5 AT - 2026","Kia","cũ","2026","596","TP HCM","lắp ráp trong nước","trắng","xăng","1.5","tự động","5","4000","https://bonbanh.com/oto/generic"
"6960833","VinFast VF5 Plus - 2025","VinFast","cũ","2025","386","Hà Nội","lắp ráp trong nước","trắng","điện",,"tự động","5","60000","https://bonbanh.com/oto/vinfast"
"6960797","BMW 4 Series 430i Convertible M Sport - 2025","Kia","mới","2025","3199","Hà Nội","nhập khẩu","trắng","xăng","2","tự động","4",,"https://bonbanh.com/oto/kia"
"6960777","Ford Everest Titanium 2.0L 4x2 AT - 2019","BMW","cũ","2019","730","TP HCM","nhập khẩu","vàng","dầu","2","tự động","7","60000","https://bonbanh.com/oto/bmw"
"6960772","Kia Carnival Signature 1.6 Turbo HEV 7S - 2025","Kia","cũ","2025","1620","Hà Nội","lắp ráp trong nước","trắng","hybrid","1.6","tự động","7","26000","https://bonbanh.com/oto/generic"
"6960749","Kia Sorento DATH - 2017","Kia","cũ","2017","450","TP HCM","lắp ráp trong nước","xám","dầu","2.2","tự động","7",,"https://bonbanh.com/oto/generic"
"6960744","Toyota Fortuner 2.7V 4x2 AT - 2012","Toyota","cũ","2012","345","TP HCM","lắp ráp trong nước","bạc","xăng","2.7","tự động","7",,"https://bonbanh.com/oto/generic"
"6960691","Mazda CX5 2.0 Premium - 2020","Mazda","cũ","2020","600","Đà Nẵng","lắp ráp trong nước","xanh","xăng","2","tự động","5","86000","https://bonbanh.com/oto/generic"
"6960689","Mazda 3 1.5L Luxury - 2024","Mazda","cũ","2024","586","Đà Nẵng","lắp ráp trong nước","đỏ","xăng","1.5","tự động","5","9666","https://bonbanh.com/oto/generic"
"6960684","Hyundai Custin Tiêu Chuẩn 1.5T - 2023","Hyundai","cũ","2023","709","Đà Nẵng","lắp ráp trong nước","trắng","xăng","1.5","tự động","7","50000","https://bonbanh.com/oto/generic"
"6960664","Honda CRV L - 2020","Honda","cũ","2020","719","Hà Nội","lắp ráp trong nước","xám","xăng","1.5","tự động","7","68000","https://bonbanh.com/oto/generic"
"6960662","Hyundai i10 Grand 1.2 AT - 2020","Hyundai","cũ","2020","286","Đà Nẵng","lắp ráp trong nước","đỏ","xăng","1.2","tự động","5","32000","https://bonbanh.com/oto/generic"
"6960601","Kia Frontier K250 Thùng Kín - 2020","Kia","cũ","2020","260","Đồng Nai","lắp ráp trong nước","trắng","dầu","2.5","tay","3",,"https://bonbanh.com/oto/generic"
"6960532","Kia Seltos Luxury 1.4 AT - 2021","Kia","cũ","2021","515","Đà Nẵng","lắp ráp trong nước","trắng","xăng","1.4","tự động","5",,"https://bonbanh.com/oto/generic"
"6960521","Hyundai Creta Tiêu chuẩn 1.5 AT - 2025","Hyundai","cũ","2025","545","Đà Nẵng","lắp ráp trong nước","đỏ","xăng","1.5","tự động","5",,"https://bonbanh.com/oto/generic"
"6960510","Mazda 3 1.5L Luxury - 2025","Mazda","cũ","2025","579","Đà Nẵng","lắp ráp trong nước","đỏ","xăng","1.5","tự động","5","20000","https://bonbanh.com/oto/generic"
"6960440","Mazda 3 1.5L Sport Luxury - 2022","Mazda","cũ","2022","495","Hà Nội","lắp ráp trong nước","trắng","xăng","1.5","tự động","5","31000","https://bonbanh.com/oto/generic"
"6960429","Mazda CX5 2.5 AT 2WD - 2017","Mazda","cũ","2017","485","Đồng Nai","lắp ráp trong nước","nâu","xăng","2.5","tự động","5","133000","https://bonbanh.com/oto/generic"
"6960364","VinFast Fadil Tiêu chuẩn 1.4 AT - 2022","VinFast","cũ","2022","295","Hà Nội","lắp ráp trong nước","trắng","xăng","1.4","tự động","5","35000","https://bonbanh.com/oto/generic"
"6960362","Kia Sorento Signature 2.5 AT AWD - 2022","Kia","cũ","2022","866","Hà Nội","lắp ráp trong nước","trắng","xăng","2.5","tự động","7","40000","https://bonbanh.com/oto/generic"
"6960357","Toyota Camry 2.5Q - 2015","Toyota","cũ","2015","535","Hà Nội","lắp ráp trong nước","đen","xăng","2.5","tự động","5","110000","https://bonbanh.com/oto/generic"
"6960356","Porsche Cayenne Coupe - 2022","Porsche","cũ","2022","4399","Hà Nội","nhập khẩu","đỏ","xăng","3","tự động","5","27000","https://bonbanh.com/oto/generic"
"6960351","Lexus RX 350 AWD - 2015","Lexus","cũ","2015","1380","Hà Nội","nhập khẩu","trắng","xăng","3.5","tự động","5","10000","https://bonbanh.com/oto/generic"
"6960344","Suzuki Swift 1.4 AT - 2013","Suzuki","cũ","2013","225","Hà Nội","nhập khẩu","xanh","xăng","1.4","tự động","5","11000","https://bonbanh.com/oto/generic"
"6960271","Hyundai SantaFe Calligraphy 2.5L HTRAC 7S - 2026","Hyundai","mới","2026","1169","Đà Nẵng","lắp ráp trong nước","trắng","xăng","2.5","tự động","7",,"https://bonbanh.com/oto/generic"
"6960256","Hyundai SantaFe Prestige 2.5L HTRAC - 2026","Hyundai","mới","2026","1085","Đà Nẵng","lắp ráp trong nước","trắng","xăng","2.5","tự động","7",,"https://bonbanh.com/oto/generic"
"6960249","Hyundai Palisade Prestige 2.2 AT HTRAC - 2024","Hyundai","cũ","2024","1189","Hà Nội","lắp ráp trong nước","trắng","dầu","2.2","tự động","6","40000","https://bonbanh.com/oto/generic"
"6960246","Hyundai Tucson 2.0 AT Đặc biệt - 2026","Hyundai","mới","2026","758","Đà Nẵng","lắp ráp trong nước","trắng","xăng","2","tự động","5",,"https://bonbanh.com/oto/generic"
"6960240","Ford Ranger XLS 2.0L 4x2 AT - 2023","Ford","cũ","2023","565","Hà Nội","lắp ráp trong nước","đen","dầu","2","tự động","5","50000","https://bonbanh.com/oto/generic"
"6960238","Mitsubishi Destinator Ultimate - 2026","Mitsubishi","mới","2026","765","Đà Nẵng","nhập khẩu","đỏ","xăng","1.5","tự động","7",,"https://bonbanh.com/oto/generic"
"6960230","Suzuki Vitara 1.6 AT - 2016","Suzuki","cũ","2016","365","Hà Nội","nhập khẩu","kem","xăng","1.6","tự động","5","80000","https://bonbanh.com/oto/generic"
"6960207","Mitsubishi Xforce GLX - 2026","Mitsubishi","mới","2026","528","Đà Nẵng","nhập khẩu","trắng","xăng","1.5","tự động","5",,"https://bonbanh.com/oto/generic"
"6960182","Honda CRV L - 2020","Honda","cũ","2020","720","Hà Nội","lắp ráp trong nước","xám","xăng","1.5","tự động","7","68000","https://bonbanh.com/oto/generic"
"6960170","Honda CRV G - 2026","Honda","mới","2026","987","Đà Nẵng","lắp ráp trong nước","trắng","xăng","1.5","tự động","7",,"https://bonbanh.com/oto/generic"
"6960164","Mercedes Benz S class S500L - 2013","Mercedes","cũ","2013","868","Hà Nội","nhập khẩu","đen","xăng","4.7","tự động","5","90000","https://bonbanh.com/oto/generic"
"6960152","Toyota Corolla Cross 1.8V - 2022","Toyota","cũ","2022","660","Hà Nội","nhập khẩu","trắng","xăng","1.8","tự động","5","90000","https://bonbanh.com/oto/generic"
"6960106","MG ZS Luxury 1.5 AT 2WD - 2025","MG","mới","2025","438","Đà Nẵng","nhập khẩu","đỏ","xăng","1.5","tự động","5",,"https://bonbanh.com/oto/generic"
"6960102","MG ZS Luxury 1.5 AT 2WD - 2025","MG","mới","2025","438","Đà Nẵng","nhập khẩu","đen","xăng","1.5","tự động","5",,"https://bonbanh.com/oto/generic"
"6960087","MG ZS Standard 1.5 AT 2WD - 2025","MG","mới","2025","378","Đà Nẵng","nhập khẩu","đen","xăng","1.5","tự động","5",,"https://bonbanh.com/oto/generic"
"6960046","VinFast Limo Green AT - 2026","VinFast","mới","2026","665","Đà Nẵng","lắp ráp trong nước","trắng","điện",,"tự động","7",,"https://bonbanh.com/oto/generic"
"6960040","Hyundai SantaFe Premium 2.4L HTRAC - 2019","Hyundai","cũ","2019","655","Hà Nội","lắp ráp trong nước","đen","xăng","2.4","tự động","7","70000","https://bonbanh.com/oto/generic"
"6960036","Nissan Kicks e-Power V - 2023","Nissan","cũ","2023","575","TP HCM","nhập khẩu","xanh","hybrid","1.2","tự động","5","64000","https://bonbanh.com/oto/nissan"
"6960024","Kia Morning LX 1.1 MT - 2008","Kia","cũ","2008","108","TP HCM","lắp ráp trong nước","xanh","xăng","1.1","tay","5","111000","https://bonbanh.com/oto/generic"
"6960023","Toyota Camry 2.5Q - 2021","Toyota","cũ","2021","845","Hà Nội","nhập khẩu","trắng","xăng","2.5","tự động","5","78000","https://bonbanh.com/oto/generic"
"6960010","Toyota Camry 2.5Q - 2016","Toyota","cũ","2016","560","Hà Nội","lắp ráp trong nước","cát","xăng","2.5","tự động","5","80000","https://bonbanh.com/oto/generic"
"6959959","Toyota Fortuner 2.4G 4x2 MT - 2017","Toyota","cũ","2017","479","Cần Thơ","nhập khẩu","trắng","dầu","2.4","tay","7",,"https://bonbanh.com/oto/generic"
"6959938","Daewoo Matiz Super 0.8 AT - 2005","Daewoo","cũ","2005","85","TP HCM","nhập khẩu","bạc","xăng","0.8","tự động","5",,"https://bonbanh.com/oto/generic"
"6959932","Chevrolet Captiva LTZ 2.4 AT - 2008","Chevrolet","cũ","2008","139","TP HCM","lắp ráp trong nước","bạc","xăng","2.4","tự động","7",,"https://bonbanh.com/oto/chevrolet"
"6959923","Mitsubishi Xpander Premium 1.5 AT - 2022","Mitsubishi","cũ","2022","469","Đăk Lăk","nhập khẩu","đen","xăng","1.5","tự động","7","31000","https://bonbanh.com/oto/generic"
"6959913","Hyundai i10 1.2 AT - 2023","Hyundai","cũ","2023","362","Đăk Lăk","lắp ráp trong nước","đỏ","xăng","1.2","tự động","5","33800","https://bonbanh.com/oto/generic"
"6959910","Kia Seltos Premium 1.4 AT - 2021","Kia","cũ","2021","510","Đăk Lăk","lắp ráp trong nước","đỏ","xăng","1.4","tự động","5","31000","https://bonbanh.com/oto/generic"
"6959898","Mercedes Benz GLC 300 4Matic - 2023","Mercedes","cũ","2023","2099","Hà Nội","lắp ráp trong nước","trắng","xăng","2","tự động","5","12000","https://bonbanh.com/oto/generic"
"6959868","Hyundai Stargazer Đặc biệt 1.5 AT - 2022","Hyundai","cũ","2022","363","Hà Nội","nhập khẩu","trắng","xăng","1.5","tự động","7","91000","https://bonbanh.com/oto/generic"
"6959840","Toyota Sienna LE 3.5 - 2007","Toyota","cũ","2007","298","TP HCM","nhập khẩu","vàng","xăng","3.5","tự động","7","95000","https://bonbanh.com/oto/generic"
"6959822","Hyundai Tucson 1.6 AT Turbo HTRAC Đặc biệt - 2024","Hyundai","cũ","2024","790","Tây Ninh","lắp ráp trong nước","đen","xăng","1.6","tự động","5","52000","https://bonbanh.com/oto/generic"
"6959813","Kia Sedona 2.2 DAT Luxury - 2021","Kia","cũ","2021","595","Thái Bình","lắp ráp trong nước","đen","dầu","2.2","tự động","7","1000000","https://bonbanh.com/oto/generic"
"6959653","Ford Everest Platinum 2.0L 4x4 AT - 2025","Ford","cũ","2025","1490","Hà Nội","nhập khẩu","trắng","dầu","2","tự động","7","22000","https://bonbanh.com/oto/generic"
"6959603","Toyota Camry 2.5Q - 2017","Toyota","cũ","2017","599","Hà Nội","lắp ráp trong nước","đen","xăng","2.5","tự động","5","88000","https://bonbanh.com/oto/generic"
"6959421","Kia Sorento DATH - 2018","Kia","cũ","2018","465","Hà Nội","lắp ráp trong nước","trắng","dầu","2.2","tự động","7","110000","https://bonbanh.com/oto/generic"
"6959416","Hyundai Kona Đặc Biệt 2.0 AT - 2021","Hyundai","cũ","2021","410","Gia Lai","lắp ráp trong nước","đen","xăng","2","tự động","5",,"https://bonbanh.com/oto/generic"
"6959387","Mercedes Benz C class C180 - 2020","Mercedes","cũ","2020","685","TP HCM","lắp ráp trong nước","xám","xăng","1.5","tự động","5","56000","https://bonbanh.com/oto/generic"
"6959382","Mercedes Benz GLC 200 - 2019","Mercedes","cũ","2019","810","Hà Nội","lắp ráp trong nước","trắng","xăng","2","tự động","5",,"https://bonbanh.com/oto/generic"
"6959369","Hyundai Tucson 2.0 ATH - 2020","Hyundai","cũ","2020","585","Gia Lai","lắp ráp trong nước","đỏ","xăng","2","tự động","5",,"https://bonbanh.com/oto/generic"
"6959353","Honda CRV L AWD - 2025","Honda","cũ","2025","1135","Hà Nội","lắp ráp trong nước","trắng","xăng","1.5","tự động","7","10000","https://bonbanh.com/oto/generic"
"6959337","Ford EcoSport Titanium 1.5L AT - 2018","Ford","cũ","2018","385","TP HCM","lắp ráp trong nước","trắng","xăng","1.5","tự động","5","36000","https://bonbanh.com/oto/generic"
"6959336","Ford Ranger Wildtrak 2.0L 4x4 AT - 2022","Ford","cũ","2022","695","TP HCM","lắp ráp trong nước","cam","dầu","2","tự động","5","16700","https://bonbanh.com/oto/generic"
"6959321","Toyota Fortuner 2.7V 4x2 AT - 2015","Toyota","cũ","2015","450","Hà Nội","lắp ráp trong nước","xám","xăng","2.7","tự động","7","125000","https://bonbanh.com/oto/generic"
"6959310","Ford Ranger XLS 2.0L 4x2 AT - 2023","Ford","cũ","2023","598","TP HCM","lắp ráp trong nước","xám","dầu","2","tự động","5","65500","https://bonbanh.com/oto/generic"
"6959307","Ford Mustang Mach-E Premium AWD - 2025","Ford","cũ","2025","1435","TP HCM","nhập khẩu","đỏ","điện",,"tự động","5","5200","https://bonbanh.com/oto/generic"
"6959264","Lexus RX 200t - 2016","Lexus","cũ","2016","1500","Hà Nội","nhập khẩu","trắng","xăng","2","tự động","5","100000","https://bonbanh.com/oto/generic"
"6959257","Mercedes Benz C class C200 - 2019","Mercedes","cũ","2019","659","Hà Nội","lắp ráp trong nước","đen","xăng","1.5","tự động","5","79000","https://bonbanh.com/oto/generic"
"6959251","Toyota Innova 2.0E - 2018","Toyota","cũ","2018","360","Trà Vinh","lắp ráp trong nước","xám","xăng","2","tay","8",,"https://bonbanh.com/oto/generic"
"6959232","Kia Morning MT - 2018","Kia","cũ","2018","168","Trà Vinh","lắp ráp trong nước","bạc","xăng","1.25","tay","5",,"https://bonbanh.com/oto/generic"
"6959221","Kia Morning Luxury - 2019","Kia","cũ","2019","260","Trà Vinh","lắp ráp trong nước","trắng","xăng","1.25","tự động","5",,"https://bonbanh.com/oto/generic"
"6959217","Ford Territory Titanium X 1.5 AT - 2026","Ford","mới","2026","799","TP HCM","lắp ráp trong nước","đen","xăng","1.5","tự động","5",,"https://bonbanh.com/oto/generic"
"6959215","Mazda CX8 Premium - 2024","Mazda","cũ","2024","860","TP HCM","lắp ráp trong nước","vàng","xăng","2.5","tự động","7","65000","https://bonbanh.com/oto/generic"
"6959214","Ford Territory Titanium X 1.5 AT - 2026","Ford","mới","2026","799","TP HCM","lắp ráp trong nước","trắng","xăng","1.5","tự động","5",,"https://bonbanh.com/oto/generic"
"6959198","Lexus RX 300 - 2021","Lexus","cũ","2021","2480","Hà Nội","nhập khẩu","trắng","xăng","2","tự động","5","60000","https://bonbanh.com/oto/generic"
"6959180","Ford Territory Platinum 1.5 AT - 2026","Ford","mới","2026","879","TP HCM","lắp ráp trong nước","xanh","xăng","1.5","tự động","5",,"https://bonbanh.com/oto/generic"
"6959169","Isuzu QKR QMR77HE5A Cool Express - 2026","Isuzu","mới","2026","996","TP HCM","lắp ráp trong nước","trắng","dầu","3","tay","3",,"https://bonbanh.com/oto/generic"
"6959151","Ford Everest 2.6L 4x2 MT - 2005","Ford","cũ","2005","105","Lâm Đồng","lắp ráp trong nước","đen","xăng","2.6","tay","7",,"https://bonbanh.com/oto/generic"
"6959131","Kia Cerato Koup 2.0 AT - 2015","Kia","cũ","2015","325","TP HCM","nhập khẩu","trắng","xăng","2","tự động","5","65000","https://bonbanh.com/oto/generic"
"6959115","Kia Cerato 2.0 AT Premium - 2019","Kia","cũ","2019","410","Gia Lai","lắp ráp trong nước","xanh","xăng","2","tự động","5",,"https://bonbanh.com/oto/generic"
"6959110","VinFast VF7 Plus AWD - 2024","VinFast","cũ","2024","700","Gia Lai","lắp ráp trong nước","xanh","điện",,"tự động","5",,"https://bonbanh.com/oto/generic"
"6959076","VinFast VF9 Plus 7S - 2026","VinFast","mới","2026","1350","TP HCM","lắp ráp trong nước","trắng","điện",,"tự động","7",,"https://bonbanh.com/oto/generic"
"6959073","VinFast VF9 Plus 7S - 2026","VinFast","mới","2026","1350","TP HCM","lắp ráp trong nước","bạc","điện",,"tự động","7",,"https://bonbanh.com/oto/generic"
"6959059","Hyundai SantaFe Cao cấp 2.5L HTRAC - 2022","Hyundai","cũ","2022","945","Hà Nội","lắp ráp trong nước","đen","xăng","2.5","tự động","7","55","https://bonbanh.com/oto/generic"
"6959055","Ford Everest Titanium 2.0L 4x2 AT - 2022","Ford","cũ","2022","859","Hà Nội","nhập khẩu","trắng","dầu","2","tự động","7","60000","https://bonbanh.com/oto/generic"
"6959020","Toyota Yaris Cross 1.5 D-CVT - 2025","Toyota","cũ","2025","635","Hà Nội","nhập khẩu","trắng","xăng","1.5","tự động","5","900","https://bonbanh.com/oto/generic"
"6959013","Kia Sedona 3.3L GATH - 2016","Kia","cũ","2016","430","Trà Vinh","lắp ráp trong nước","trắng","xăng","3.3","tự động","7",,"https://bonbanh.com/oto/generic"
"6959009","Toyota Fortuner SR5 2.7 AT - 2007","Toyota","cũ","2007","278","Đăk Lăk","nhập khẩu","cát","xăng","2.7","tự động","7",,"https://bonbanh.com/oto/generic"
"6958989","Toyota Corolla Cross 1.8V - 2021","Toyota","cũ","2021","630","Hà Nội","nhập khẩu","đen","xăng","1.8","tự động","5","53000","https://bonbanh.com/oto/generic"
"6958981","Hyundai Elantra 1.6 AT Tiêu chuẩn - 2022","Hyundai","cũ","2022","448","Đăk Lăk","lắp ráp trong nước","trắng","xăng","1.6","tự động","5",,"https://bonbanh.com/oto/generic"
"6958963","Ford Focus Sport 1.5L - 2015","Ford","cũ","2015","285","Hà Nội","lắp ráp trong nước","xám","xăng","1.5","tự động","5","97000","https://bonbanh.com/oto/generic"
"6958947","Hyundai SantaFe Calligraphy 2.5L Turbo HTRAC - 2024","Hyundai","cũ","2024","1090","Hà Nội","lắp ráp trong nước","trắng","xăng","2.5","tự động","6","30000","https://bonbanh.com/oto/hyundai"
"6958943","Toyota Corolla altis 1.8G AT - 2021","Toyota","cũ","2021","530","Hà Nội","lắp ráp trong nước","trắng","xăng","1.8","tự động","5","68000","https://bonbanh.com/oto/generic"
"6958926","BMW X6 xDrive35i - 2009","BMW","cũ","2009","290","TP HCM","nhập khẩu","đen","xăng","3","tự động","5","98600","https://bonbanh.com/oto/generic"
"6958875","Audi A7 3.0 TFSI - 2013","Audi","cũ","2013","545","TP HCM","nhập khẩu","đen","xăng","3","tự động","5","89500","https://bonbanh.com/oto/generic"
"6958868","Ford Everest Titanium 2.0L 4x4 AT - 2020","Ford","cũ","2020","750","TP HCM","nhập khẩu","trắng","dầu","2","tự động","7","89000","https://bonbanh.com/oto/generic"
"6958865","Kia Carnival Luxury 2.2D - 2022","Kia","cũ","2022","798","TP HCM","lắp ráp trong nước","trắng","dầu","2.2","tự động","8","79000","https://bonbanh.com/oto/generic"
"6958862","Mitsubishi Xpander 1.5 AT - 2021","Mitsubishi","cũ","2021","386","TP HCM","nhập khẩu","bạc","xăng","1.5","tự động","7","94000","https://bonbanh.com/oto/generic"
"6958857","Kia Carnival Luxury 2.2D - 2022","Kia","cũ","2022","775","TP HCM","lắp ráp trong nước","đen","dầu","2.2","tự động","8","87000","https://bonbanh.com/oto/generic"
"6958822","Kia Seltos Luxury 1.5 AT - 2025","Kia","cũ","2025","599","Hà Nội","lắp ráp trong nước","trắng","xăng","1.5","tự động","5","15000","https://bonbanh.com/oto/kia"
"6958772","Ford Explorer Limited 2.3L EcoBoost - 2022","Ford","cũ","2022","1399","TP HCM","nhập khẩu","trắng","xăng","2.3","tự động","7","103000","https://bonbanh.com/oto/generic"
"6958766","Honda HRV L - 2019","Honda","cũ","2019","488","TP HCM","nhập khẩu","trắng","xăng","1.8","tự động","5","32000","https://bonbanh.com/oto/generic"
"6958745","Mercedes Benz C class C200 Exclusive - 2018","Mercedes","cũ","2018","779","TP HCM","lắp ráp trong nước","trắng","hybrid","1.5","tự động","5","90000","https://bonbanh.com/oto/generic"
"6958742","Mazda 3 1.5L Premium - 2019","Mazda","cũ","2019","400","Trà Vinh","lắp ráp trong nước","đỏ","xăng","1.5","tự động","5",,"https://bonbanh.com/oto/generic"
"6958731","Mercedes Benz C class C300 AMG - 2021","Mercedes","cũ","2021","1099","TP HCM","lắp ráp trong nước","trắng","xăng","2","tự động","5","51000","https://bonbanh.com/oto/generic"
"6958715","Hyundai Accent 1.4 AT Đặc Biệt - 2023","Hyundai","cũ","2023","423","Hà Nội","lắp ráp trong nước","trắng","xăng","1.4","tự động","5","50000","https://bonbanh.com/oto/generic"
"6958689","Mercedes Benz GLE Class GLE 53 4Matic+ Coupe AMG - 2022","Mercedes","cũ","2022","2990","Hà Nội","nhập khẩu","đen","hybrid","3","tự động","5","29000","https://bonbanh.com/oto/generic"
"6958669","Hyundai Custin Cao Cấp 2.0T - 2023","Hyundai","cũ","2023","768","Hà Nội","lắp ráp trong nước","trắng","xăng","2","tự động","7","67000","https://bonbanh.com/oto/generic"
"6958668","Volkswagen Viloran Luxury - 2024","Volkswagen","cũ","2024","1790","Hưng Yên","nhập khẩu","đen","xăng","2","tự động","7","56000","https://bonbanh.com/oto/generic"
"6958653","VinFast VF8 Plus AWD - 2023","VinFast","cũ","2023","640","Hà Nội","lắp ráp trong nước","đỏ","điện",,"tự động","5","50000","https://bonbanh.com/oto/generic"
"6958652","Ford Territory Titanium X 1.5 AT - 2024","Ford","cũ","2024","750","Hưng Yên","lắp ráp trong nước","đỏ","xăng","1.5","tự động","5","41000","https://bonbanh.com/oto/generic"
"6958647","MG ZS Standard 1.5 AT 2WD - 2024","MG","cũ","2024","365","Hưng Yên","nhập khẩu","trắng","xăng","1.5","tự động","5","22000","https://bonbanh.com/oto/generic"
"6958595","Ford Ranger Wildtrak 3.2L 4x4 AT - 2015","Ford","cũ","2015","430","Gia Lai","nhập khẩu","trắng","dầu","3.2","tự động","5","120000","https://bonbanh.com/oto/generic"
"6958592","Hyundai Kona Đặc Biệt 2.0 AT - 2021","Hyundai","cũ","2021","475","Hà Nội","lắp ráp trong nước","trắng","xăng","2","tự động","5","118000","https://bonbanh.com/oto/generic"
"6958587","Hyundai Accent 1.4 AT - 2022","Hyundai","cũ","2022","385","Hà Nội","lắp ráp trong nước","cát","xăng","1.4","tự động","5","58000","https://bonbanh.com/oto/generic"
"6958574","Toyota Yaris 1.5G - 2019","Toyota","cũ","2019","418","Hà Nội","nhập khẩu","trắng","xăng","1.5","tự động","5","68000","https://bonbanh.com/oto/generic"
"6958569","Toyota Innova E 2.0 MT - 2022","Toyota","cũ","2022","458","Hà Nội","lắp ráp trong nước","trắng","xăng","2","tay","8","63000","https://bonbanh.com/oto/generic"
"6958561","Mercedes Benz GLE Class GLE 53 4Matic+ Coupe AMG - 2022","Mercedes","cũ","2022","2989","TP HCM","nhập khẩu","đen","hybrid","3","tự động","5","28888","https://bonbanh.com/oto/generic"
"6958554","Toyota Camry 2.5 HEV Top - 2025","Toyota","cũ","2025","1415","Hà Nội","nhập khẩu","đen","hybrid","2.5","tự động","5","27000","https://bonbanh.com/oto/generic"
"6958553","Ford Everest Titanium 2.0L 4x2 AT - 2019","Ford","cũ","2019","725","Hà Nội","nhập khẩu","trắng","dầu","2","tự động","7","100000","https://bonbanh.com/oto/generic"
"6958550","Ford Everest Titanium 2.0L 4x2 AT - 2019","Ford","cũ","2019","725","Hà Nội","nhập khẩu","trắng","dầu","2","tự động","7","100000","https://bonbanh.com/oto/generic"
"6958537","Kia Sedona 2.2 DAT Luxury - 2020","Kia","cũ","2020","715","Gia Lai","lắp ráp trong nước","xanh","dầu","2.2","tự động","7","100000","https://bonbanh.com/oto/generic"
"6958520","Nissan Sunny XV - 2014","Nissan","cũ","2014","189","Bình Dương","lắp ráp trong nước","xanh","xăng","1.5","tự động","5","122000","https://bonbanh.com/oto/generic"
"6958517","Kia K3 Premium 1.6 AT - 2023","Kia","cũ","2023","539","Hà Nội","lắp ráp trong nước","trắng","xăng","1.6","tự động","5","30000","https://bonbanh.com/oto/generic"
"6958487","VinFast VF6 Plus - 2025","VinFast","cũ","2025","595","Hà Nội","lắp ráp trong nước","trắng","điện",,"tự động","5","39000","https://bonbanh.com/oto/generic"
"6958484","Mercedes Benz GLC 300 4Matic - 2016","Mercedes","cũ","2016","650","Hà Nội","lắp ráp trong nước","trắng","xăng","2","tự động","5","190000","https://bonbanh.com/oto/generic"
"6958453","Thaco Towner 990A - 2017","Thaco","cũ","2017","110","Đồng Nai","lắp ráp trong nước","xanh","xăng",,"tay","2","100000","https://bonbanh.com/oto/generic"
"6958445","Toyota Camry 2.0E - 2016","Toyota","cũ","2016","515","Hải Dương","lắp ráp trong nước","đen","xăng","2","tự động","5",,"https://bonbanh.com/oto/generic"
"6958416","Toyota Camry 2.0E - 2018","Toyota","cũ","2018","550","Hải Dương","lắp ráp trong nước","đen","xăng","2","tự động","5",,"https://bonbanh.com/oto/generic"
"6958409","Lexus RX 350 - 2016","Lexus","cũ","2016","1790","Hà Nội","nhập khẩu","trắng","xăng","3.5","tự động","5","98000","https://bonbanh.com/oto/generic"
"6958397","Ford Ranger Wildtrak 2.0L 4x4 AT - 2021","Ford","cũ","2021","620","TP HCM","lắp ráp trong nước","trắng","dầu","2","tự động","5","91000","https://bonbanh.com/oto/generic"
"6958391","Mazda CX5 2.0 AT - 2018","Mazda","cũ","2018","515","Hà Nội","lắp ráp trong nước","xanh","xăng","2","tự động","5","78800","https://bonbanh.com/oto/generic"
"6958389","Toyota Camry 2.5Q - 2013","Toyota","cũ","2013","415","Hải Dương","lắp ráp trong nước","cát","xăng","2.5","tự động","5",,"https://bonbanh.com/oto/generic"
"6958371","Hyundai Accent 1.4 AT Đặc Biệt - 2023","Hyundai","cũ","2023","415","Đà Nẵng","lắp ráp trong nước","đen","xăng","1.4","tự động","5","53000","https://bonbanh.com/oto/generic"
"6958368","Mazda CX5 Premium 2.0 AT - 2022","Mazda","cũ","2022","669","TP HCM","lắp ráp trong nước","trắng","xăng","2","tự động","5","40000","https://bonbanh.com/oto/generic"
"6958343","Toyota Fortuner 2.8V 4x4 AT - 2018","Toyota","cũ","2018","780","TP HCM","nhập khẩu","trắng","dầu","2.8","tự động","7","62147","https://bonbanh.com/oto/generic"
"6958302","Toyota Innova E 2.0 MT - 2021","Toyota","cũ","2021","485","Bình Dương","lắp ráp trong nước","đen","xăng","2","tay","8","65000","https://bonbanh.com/oto/generic"
"6958269","VinFast Fadil 1.4 AT - 2021","VinFast","cũ","2021","276","Hải Phòng","lắp ráp trong nước","xám","xăng","1.4","tự động","5","73000","https://bonbanh.com/oto/generic"
"6958244","VinFast Lux SA 2.0 Premium 2.0 AT - 2020","VinFast","cũ","2020","525","Hà Nội","lắp ráp trong nước","đen","xăng","2","tự động","7","140000","https://bonbanh.com/oto/generic"
"6958232","Hyundai SantaFe Cao cấp 2.2L HTRAC - 2024","Hyundai","cũ","2024","1100","Hà Nội","lắp ráp trong nước","trắng","dầu","2.2","tự động","7","64000","https://bonbanh.com/oto/generic"
"6958188","VinFast Fadil 1.4 AT Plus - 2021","VinFast","cũ","2021","290","Hà Nội","lắp ráp trong nước","đỏ","xăng","1.4","tự động","5","37000","https://bonbanh.com/oto/generic"
"6958174","Mercedes Benz GLC 200 4Matic - 2023","Mercedes","cũ","2023","1598","TP HCM","lắp ráp trong nước","trắng","hybrid","2","tự động","5","32000","https://bonbanh.com/oto/generic"
"6958072","Kia Sedona Platinum G - 2018","Kia","cũ","2018","579","Hà Nội","lắp ráp trong nước","trắng","xăng","3.3","tự động","7","98000","https://bonbanh.com/oto/generic"
"6957990","Hyundai Accent 1.4 AT Đặc Biệt - 2022","Hyundai","cũ","2022","430","Đăk Lăk","lắp ráp trong nước","cát","xăng","1.4","tự động","5","15500","https://bonbanh.com/oto/generic"
"6957987","Mercedes Benz C class C200 Avantgarde Plus - 2021","Mercedes","cũ","2021","1140","Hà Nội","lắp ráp trong nước","đen","xăng","1.5","tự động","5","14000","https://bonbanh.com/oto/generic"
"6957984","Hyundai i10 Grand 1.2 MT - 2021","Hyundai","cũ","2021","265","Đăk Lăk","lắp ráp trong nước","trắng","xăng","1.2","tay","5","34000","https://bonbanh.com/oto/generic"
"6957969","Hyundai Accent 1.5 AT - 2026","Hyundai","cũ","2026","455","Đăk Lăk","lắp ráp trong nước","trắng","xăng","1.5","tự động","5","2500","https://bonbanh.com/oto/generic"
"6957966","Kia K3 Premium 1.6 AT - 2022","Kia","cũ","2022","475","Đăk Lăk","lắp ráp trong nước","xanh","xăng","1.6","tự động","5","49600","https://bonbanh.com/oto/generic"
"6957947","Kia Cerato 1.6 AT - 2018","Kia","cũ","2018","375","Hải Phòng","lắp ráp trong nước","trắng","xăng","1.6","tự động","5",,"https://bonbanh.com/oto/generic"
"6957923","Toyota Yaris Cross 1.5 D-CVT - 2025","Toyota","cũ","2025","620","Đồng Nai","nhập khẩu","xanh","xăng","1.5","tự động","5","4000","https://bonbanh.com/oto/generic"
"6957912","Toyota Wigo G 1.2 AT - 2024","Toyota","cũ","2024","375","Đồng Nai","nhập khẩu","đỏ","xăng","1.2","tự động","5","11000","https://bonbanh.com/oto/generic"
"6957906","LandRover Defender 110 P300 2.0 AT - 2021","LandRover","cũ","2021","3390","Hà Nội","nhập khẩu","xanh","xăng","2","tự động","4",,"https://bonbanh.com/oto/generic"
"6957858","Volkswagen ID Era 9X EREV AWD - 2026","Volkswagen","mới","2026","2999","TP HCM","nhập khẩu","xanh","điện",,"tự động","6",,"https://bonbanh.com/oto/volkswagen"
"6957806","VinFast VF3 Plus - 2025","VinFast","cũ","2025","239","Hà Nội","lắp ráp trong nước","đỏ","điện",,"tự động","4",,"https://bonbanh.com/oto/generic"
"6957741","Toyota Innova E 2.0 MT - 2021","Toyota","cũ","2021","470","TP HCM","lắp ráp trong nước","nâu","xăng","2","tay","8","93000","https://bonbanh.com/oto/generic"
"6957721","Mercedes Benz GLS 600 4Matic Maybach - 2021","Mercedes","cũ","2021","6860","Hà Nội","nhập khẩu","đen","hybrid","4","tự động","4",,"https://bonbanh.com/oto/generic"
"6957717","Mercedes Benz S class S450L Luxury - 2019","Mercedes","cũ","2019","1999","TP HCM","lắp ráp trong nước","xanh","xăng","3","tự động","5","70000","https://bonbanh.com/oto/generic"
"6957702","Toyota Corolla altis 1.8G AT - 2021","Toyota","cũ","2021","530","Hà Nội","lắp ráp trong nước","trắng","xăng","1.8","tự động","5","60000","https://bonbanh.com/oto/generic"
"6957699","Porsche Cayenne 3.6 V6 - 2013","Porsche","cũ","2013","1199","TP HCM","nhập khẩu","nâu","xăng","3.6","tự động","5","147000","https://bonbanh.com/oto/generic"
"6957654","VinFast Lux SA 2.0 Base 2.0 AT - 2019","VinFast","cũ","2019","459","Hà Nội","lắp ráp trong nước","đỏ","xăng","2","tự động","7","100000","https://bonbanh.com/oto/generic"
"6957610","Lexus RX 350h Premium - 2025","Lexus","cũ","2025","3290","Hà Nội","nhập khẩu","xám","hybrid","2.5","tự động","5","30000","https://bonbanh.com/oto/generic"
"6957590","Toyota Innova G - 2007","Toyota","cũ","2007","148","Đồng Nai","lắp ráp trong nước","cát","xăng","2","tay","8",,"https://bonbanh.com/oto/generic"
"6957585","Hyundai Accent 1.4 AT Đặc Biệt - 2024","Hyundai","cũ","2024","440","Đồng Nai","lắp ráp trong nước","đen","xăng","1.4","tự động","5",,"https://bonbanh.com/oto/generic"
"6957573","VinFast VF6 Plus - 2025","VinFast","cũ","2025","565","Hà Nội","lắp ráp trong nước","xám","điện",,"tự động","5","83000","https://bonbanh.com/oto/generic"
"6957572","Daewoo Lacetti CDX 1.6 AT - 2009","Daewoo","cũ","2009","115","Sơn La","nhập khẩu","đen","xăng","1.6","tự động","5",,"https://bonbanh.com/oto/generic"
"6957568","Nissan Navara LE 2.5MT 4WD - 2013","Nissan","cũ","2013","228","Sơn La","nhập khẩu","trắng","dầu","2.5","tay","5",,"https://bonbanh.com/oto/generic"
"6957566","Honda CRV 2.4 AT - 2016","Honda","cũ","2016","490","Đồng Nai","lắp ráp trong nước","trắng","xăng","2.4","tự động","5",,"https://bonbanh.com/oto/generic"
"6957561","Hyundai Grand Starex 2.5 MT - 2013","Hyundai","cũ","2013","365","TP HCM","nhập khẩu","ghi","dầu","2.5","tay","9",,"https://bonbanh.com/oto/generic"
"6957555","Hyundai i10 1.2 AT - 2021","Hyundai","cũ","2021","299","Đồng Nai","lắp ráp trong nước","bạc","xăng","1.2","tự động","5","80000","https://bonbanh.com/oto/generic"
"6957549","Kia Seltos Deluxe 1.4 AT - 2020","Kia","cũ","2020","435","Đăk Lăk","lắp ráp trong nước","trắng","xăng","1.4","tự động","5","37000","https://bonbanh.com/oto/generic"
"6957479","Toyota Camry 2.5Q - 2015","Toyota","cũ","2015","525","Hải Dương","lắp ráp trong nước","cát","xăng","2.5","tự động","5","525","https://bonbanh.com/oto/generic"
"6957452","Kia K3 Premium 1.6 AT - 2022","Kia","cũ","2022","499","Hà Nội","lắp ráp trong nước","đỏ","xăng","1.6","tự động","5","57000","https://bonbanh.com/oto/generic"
"6957432","Mercedes Benz C class C300 AMG - 2017","Mercedes","cũ","2017","630","Hà Nội","lắp ráp trong nước","trắng","xăng","2","tự động","5","129000","https://bonbanh.com/oto/generic"
"6957430","Ford Transit Trend - 2024","Ford","cũ","2024","595","Hải Phòng","lắp ráp trong nước","đen","dầu","2.3","tay","16","68000","https://bonbanh.com/oto/generic"
"6957414","Ford Ranger Wildtrak 3.0L 4x4 AT - 2026","Ford","mới","2026","1028","Hà Nội","lắp ráp trong nước","cam","dầu","3","tự động","5",,"https://bonbanh.com/oto/generic"
"6957398","Mercedes Benz C class C200 Exclusive - 2021","Mercedes","cũ","2021","898","Hà Nội","lắp ráp trong nước","trắng","xăng","2","tự động","5","48000","https://bonbanh.com/oto/generic"
"6957392","Rolls Royce Ghost 6.6 V12 - 2010","Rolls","cũ","2010","4299","TP HCM","nhập khẩu","đen","xăng","6.6","tự động","4",,"https://bonbanh.com/oto/generic"
"6957391","VinFast VF5 Plus - 2026","VinFast","mới","2026","395","TP HCM","lắp ráp trong nước","xanh","điện",,"tự động","5",,"https://bonbanh.com/oto/generic"
"6957390","VinFast VF5 Plus - 2026","VinFast","mới","2026","395","TP HCM","lắp ráp trong nước","đỏ","điện",,"tự động","5",,"https://bonbanh.com/oto/generic"
"6957384","Toyota Fortuner 2.7V 4x4 AT - 2016","Toyota","cũ","2016","425","Bình Dương","lắp ráp trong nước","đen","xăng","2.7","tự động","7","120000","https://bonbanh.com/oto/generic"
"6957379","Hyundai SantaFe Cao cấp 2.2L HTRAC - 2023","Hyundai","cũ","2023","1020","Hà Nội","lắp ráp trong nước","đỏ","dầu","2.2","tự động","7","57000","https://bonbanh.com/oto/hyundai"
"6957375","Lexus NX 300 - 2021","Lexus","cũ","2021","1999","TP HCM","nhập khẩu","đen","xăng","2","tự động","5","45000","https://bonbanh.com/oto/generic"
"6957363","Ford Everest 2.5L 4x2 AT - 2013","Ford","cũ","2013","320","Đăk Lăk","lắp ráp trong nước","bạc","dầu","2.5","tự động","7","170000","https://bonbanh.com/oto/generic"
"6957357","BMW 4 Series 420i Convertible - 2018","BMW","cũ","2018","1599","TP HCM","nhập khẩu","cam","xăng","2","tự động","4","52000","https://bonbanh.com/oto/generic"
"6957342","Mercedes Benz GLC 300 4Matic - 2023","Mercedes","cũ","2023","1999","TP HCM","lắp ráp trong nước","trắng","hybrid","2","tự động","5","25000","https://bonbanh.com/oto/generic"
"6957332","Mazda CX5 2.5 AT 2WD - 2018","Mazda","cũ","2018","529","Hà Nội","lắp ráp trong nước","xanh","xăng","2.5","tự động","5","70000","https://bonbanh.com/oto/generic"
"6957297","VinFast VF5 Plus - 2025","VinFast","cũ","2025","386","Hà Nội","lắp ráp trong nước","trắng","điện",,"tự động","5","33000","https://bonbanh.com/oto/generic"
"6957285","Mazda CX3 Luxury 1.5 AT - 2025","Mazda","cũ","2025","555","Hà Nội","lắp ráp trong nước","đỏ","xăng","1.5","tự động","5","5000","https://bonbanh.com/oto/generic"
"6957276","Ford Everest Titanium 2.0L 4x2 AT - 2025","Ford","cũ","2025","1200","Tây Ninh","nhập khẩu","trắng","dầu","2","tự động","7","12000","https://bonbanh.com/oto/generic"
"6957248","Mercedes Benz C class C300 AMG - 2021","Mercedes","cũ","2021","1368","TP HCM","nhập khẩu","xám","xăng","2","tự động","5","61000","https://bonbanh.com/oto/generic"
"6957177","Lexus RX 350 - 2019","Lexus","cũ","2019","2099","TP HCM","nhập khẩu","nâu","xăng","3.5","tự động","5","159000","https://bonbanh.com/oto/generic"
"6957159","Hyundai SantaFe 2.4L 4WD - 2018","Hyundai","cũ","2018","565","Hà Nội","lắp ráp trong nước","đen","xăng","2.4","tự động","7","100000","https://bonbanh.com/oto/generic"
"6957153","Mercedes Benz C class C200 Avantgarde Plus - 2022","Mercedes","cũ","2022","1199","TP HCM","lắp ráp trong nước","đen","xăng","1.5","tự động","5","68000","https://bonbanh.com/oto/generic"
"6957126","Ford Ranger Raptor 2.0L 4x4 AT - 2023","Volkswagen","cũ","2023","955","Hà Nội","nhập khẩu","xám","dầu","2","tự động","5","70000","https://bonbanh.com/oto/volkswagen"
"6957104","Lexus LS 460L - 2008","Lexus","cũ","2008","560","TP HCM","nhập khẩu","vàng","xăng","4.6","tự động","5",,"https://bonbanh.com/oto/generic"
"6957068","Hyundai Accent 1.4 AT - 2023","Hyundai","cũ","2023","375","Hà Nội","lắp ráp trong nước","đen","xăng","1.4","tự động","5","70000","https://bonbanh.com/oto/generic"
"6957067","Hyundai Accent 1.5 AT - 2026","Hyundai","mới","2026","456","Hà Nội","lắp ráp trong nước","trắng","xăng","1.5","tự động","5",,"https://bonbanh.com/oto/generic"
"6957055","Hyundai Accent 1.5 AT - 2026","Hyundai","mới","2026","456","Hà Nội","lắp ráp trong nước","đỏ","xăng","1.5","tự động","5",,"https://bonbanh.com/oto/generic"
"6957035","Ford Everest Titanium Plus 2.0L 4x4 AT - 2025","Ford","cũ","2025","1339","Hà Nội","nhập khẩu","trắng","dầu","2","tự động","7","9000","https://bonbanh.com/oto/generic"
"6957026","Toyota Corolla altis 1.8V - 2022","Toyota","cũ","2022","635","Hà Nội","nhập khẩu","đen","xăng","1.8","tự động","5","50000","https://bonbanh.com/oto/generic"
"6957013","Mercedes Benz S class S450L Luxury - 2019","Mercedes","cũ","2019","1899","Hà Nội","lắp ráp trong nước","đen","xăng","3","tự động","5","49000","https://bonbanh.com/oto/generic"
"6957009","Hyundai Accent 1.5 MT - 2026","Hyundai","mới","2026","408","Hà Nội","lắp ráp trong nước","bạc","xăng","1.5","tay","5",,"https://bonbanh.com/oto/generic"
"6957005","Hyundai SantaFe Calligraphy 2.5L HTRAC 7S - 2026","Hyundai","mới","2026","1169","Hà Nội","lắp ráp trong nước","đỏ","xăng","2.5","tự động","7",,"https://bonbanh.com/oto/generic"
"6956992","Hyundai SantaFe Cao cấp 2.2L HTRAC - 2022","Hyundai","cũ","2022","1025","TP HCM","lắp ráp trong nước","trắng","dầu","2.2","tự động","7","30000","https://bonbanh.com/oto/generic"
"6956980","BMW X6 xDrive35i - 2008","BMW","cũ","2008","299","Hà Nội","nhập khẩu","trắng","xăng","3","tự động","5","130000","https://bonbanh.com/oto/generic"
"6956966","Hyundai Kona Đặc Biệt 2.0 AT - 2019","Hyundai","cũ","2019","435","Hà Nội","lắp ráp trong nước","trắng","xăng","2","tự động","5","87000","https://bonbanh.com/oto/generic"
"6956927","Mazda 3 1.5L Deluxe - 2022","Mazda","cũ","2022","455","Hà Nội","lắp ráp trong nước","xanh","xăng","1.5","tự động","5","41000","https://bonbanh.com/oto/generic"
"6956917","Mitsubishi Grandis 2.4 AT - 2005","Mitsubishi","cũ","2005","175","TP HCM","lắp ráp trong nước","bạc","xăng","2.4","tự động","7","85000","https://bonbanh.com/oto/generic"
"6956886","Toyota Alphard Luxury Executive Lounge - 2019","Toyota","cũ","2019","2550","Hà Nội","nhập khẩu","đen","xăng","3.5","tự động","7","110000","https://bonbanh.com/oto/generic"
"6956880","Suzuki Swift GLX 1.2 AT - 2021","Suzuki","cũ","2021","439","Hà Nội","nhập khẩu","trắng","xăng","1.2","tự động","5","48000","https://bonbanh.com/oto/generic"
"6956856","Hyundai Tucson 1.6 AT Turbo HTRAC Đặc biệt - 2026","Hyundai","mới","2026","883","Hà Nội","lắp ráp trong nước","đỏ","xăng","1.6","tự động","5",,"https://bonbanh.com/oto/generic"
"6956854","Ford Ranger XLS 2.2L 4x2 AT - 2021","Ford","cũ","2021","518","Đồng Nai","nhập khẩu","xanh","dầu","2.2","tự động","5",,"https://bonbanh.com/oto/generic"
"6956843","Nissan Navara VL Premium R - 2019","Nissan","cũ","2019","505","Đồng Nai","nhập khẩu","xám","dầu","2.5","tự động","5","79000","https://bonbanh.com/oto/generic"
"6956829","Volkswagen Teramont X Platinum 2.0 AT - 2025","Volkswagen","cũ","2025","1839","Hà Nội","nhập khẩu","trắng","xăng","2","tự động","5",,"https://bonbanh.com/oto/generic"
"6956794","Mazda CX5 Luxury 2.0 AT - 2022","Mazda","cũ","2022","645","Hà Nội","lắp ráp trong nước","trắng","xăng","2","tự động","5","66000","https://bonbanh.com/oto/generic"
"6956752","Kia Morning Si AT - 2017","Kia","cũ","2017","235","Đồng Nai","lắp ráp trong nước","đỏ","xăng","1.25","tự động","5","30000","https://bonbanh.com/oto/generic"
"6956739","Toyota Fortuner Legender 2.4L 4x2 AT - 2022","Toyota","cũ","2022","949","TP HCM","lắp ráp trong nước","đen","dầu","2.4","tự động","7","80000","https://bonbanh.com/oto/generic"
"6956676","VinFast VF3 Plus - 2025","VinFast","cũ","2025","235","Đăk Lăk","lắp ráp trong nước","xanh","điện",,"tự động","4",,"https://bonbanh.com/oto/generic"
"6956661","Toyota Innova G - 2011","Toyota","cũ","2011","145","Hà Nội","lắp ráp trong nước","vàng","xăng","2","tay","8","19000","https://bonbanh.com/oto/generic"
"6956658","Honda City L 1.5 AT - 2022","Honda","cũ","2022","405","Hà Nội","lắp ráp trong nước","đen","xăng","1.5","tự động","5","45000","https://bonbanh.com/oto/generic"
"6956645","Toyota Fortuner 2.5G - 2016","Toyota","cũ","2016","415","Bình Dương","lắp ráp trong nước","bạc","dầu","2.5","tay","7",,"https://bonbanh.com/oto/generic"
"6956535","Mitsubishi Xpander 1.5 MT - 2021","Mitsubishi","cũ","2021","365","Hà Nội","nhập khẩu","bạc","xăng","1.5","tay","7","97000","https://bonbanh.com/oto/generic"
"6956362","Lexus RX 350 Premium - 2023","Lexus","cũ","2023","2750","TP HCM","nhập khẩu","đồng","xăng","2.4","tự động","5","46000","https://bonbanh.com/oto/generic"
"6956182","Hyundai Veloster 1.6 AT - 2011","Hyundai","cũ","2011","295","Bình Dương","nhập khẩu","đỏ","xăng","1.6","tự động","5",,"https://bonbanh.com/oto/generic"
"6956177","Mercedes Benz S class S450 4Matic Maybach - 2019","Mercedes","cũ","2019","3380","Hà Nội","nhập khẩu","đen","xăng","3","tự động","4","70000","https://bonbanh.com/oto/generic"
"6956149","Audi A4 2.0 TFSI - 2016","Audi","cũ","2016","565","Hà Nội","nhập khẩu","đen","xăng","2","tự động","5","95000","https://bonbanh.com/oto/generic"
"6956112","Lotus Eletre 600 - 2026","Lotus","mới","2026","5796","Hà Nội","nhập khẩu","đen","điện",,"tự động","5",,"https://bonbanh.com/oto/generic"
"6956105","Lexus LX 570 - 2009","Lexus","cũ","2009","1480","TP HCM","nhập khẩu","vàng","xăng","5.7","tự động","7",,"https://bonbanh.com/oto/generic"
"6956104","Mazda CX8 Premium - 2024","Mazda","cũ","2024","909","Hà Nội","lắp ráp trong nước","trắng","xăng","2.5","tự động","7","51000","https://bonbanh.com/oto/generic"
"6956089","Toyota Fortuner Legender 2.7L 4x4 AT - 2025","Toyota","cũ","2025","1099","TP HCM","nhập khẩu","bạc","xăng","2.7","tự động","7","39000","https://bonbanh.com/oto/generic"
"6956078","Lotus Emeya 600 - 2026","Lotus","mới","2026","5684","Hà Nội","nhập khẩu","trắng","điện",,"tay","5",,"https://bonbanh.com/oto/generic"
"6956050","Mitsubishi Pajero 3.0 - 2008","Mitsubishi","cũ","2008","185","Hưng Yên","nhập khẩu","xanh","xăng","3","tay","5",,"https://bonbanh.com/oto/generic"
"6956042","Toyota Fortuner 2.8V 4x4 AT - 2018","Toyota","cũ","2018","779","TP HCM","nhập khẩu","trắng","dầu","2.8","tự động","7","62000","https://bonbanh.com/oto/generic"
"6956032","Hyundai Custin Cao Cấp 2.0T - 2024","Hyundai","cũ","2024","805","Hà Nội","lắp ráp trong nước","trắng","xăng","2","tự động","7","35000","https://bonbanh.com/oto/generic"
"6956029","Lexus RX 350 F Sport - 2021","Lexus","cũ","2021","2999","TP HCM","nhập khẩu","xám","xăng","3.5","tự động","5","58200","https://bonbanh.com/oto/generic"
"6956028","Audi TT 2.0 TFSI - 2016","Audi","cũ","2016","1068","TP HCM","nhập khẩu","xanh","xăng","2","tự động","4","25000","https://bonbanh.com/oto/generic"
"6956022","Porsche 718 Cayman 2.0 AT - 2021","Porsche","cũ","2021","3379","TP HCM","nhập khẩu","vàng","xăng","2","tự động","2","13000","https://bonbanh.com/oto/generic"
"6956017","Toyota Fortuner 2.8V 4x4 AT - 2018","Toyota","cũ","2018","779","TP HCM","nhập khẩu","trắng","dầu","2.8","tự động","7","62147","https://bonbanh.com/oto/generic"
"6956016","Porsche Macan 2.0 - 2021","Porsche","cũ","2021","2638","TP HCM","nhập khẩu","trắng","xăng","2","tự động","5","16000","https://bonbanh.com/oto/generic"
"6956003","Mercedes Benz S class S450 4Matic - 2022","Mercedes","cũ","2022","3250","TP HCM","nhập khẩu","xanh","xăng","3","tự động","5","16000","https://bonbanh.com/oto/generic"
"6955999","Kia Soluto 1.4 MT Deluxe - 2020","Kia","cũ","2020","252","Bình Dương","lắp ráp trong nước","trắng","xăng","1.4","tay","5",,"https://bonbanh.com/oto/generic"
"6955984","Toyota Corolla altis 1.8G AT - 2021","Toyota","cũ","2021","529","Hà Nội","lắp ráp trong nước","trắng","xăng","1.8","tự động","5","68000","https://bonbanh.com/oto/generic"
"6955955","Ford Transit Tiêu chuẩn - 2023","Ford","cũ","2023","545","TP HCM","lắp ráp trong nước","bạc","dầu","2.2","tay","16","100000","https://bonbanh.com/oto/generic"
"6955927","Honda City RS 1.5 AT - 2023","Honda","cũ","2023","479","Hà Nội","lắp ráp trong nước","trắng","xăng","1.5","tự động","5","38000","https://bonbanh.com/oto/generic"
"6955884","Mazda CX5 Luxury 2.0 AT - 2024","Mazda","cũ","2024","699","Đà Nẵng","lắp ráp trong nước","trắng","xăng","2","tự động","5","40000","https://bonbanh.com/oto/generic"
"6955883","Kia Cerato 1.6 AT Deluxe - 2020","Kia","cũ","2020","415","Đà Nẵng","lắp ráp trong nước","trắng","xăng","1.6","tự động","5","50000","https://bonbanh.com/oto/generic"
"6955876","Kia Morning AT - 2014","Kia","cũ","2014","182","Đồng Nai","lắp ráp trong nước","bạc","xăng","1.25","tự động","5",,"https://bonbanh.com/oto/generic"
"6955859","Mercedes Benz E class E300 AMG - 2019","Mercedes","cũ","2019","1268","TP HCM","lắp ráp trong nước","xanh","xăng","2","tự động","5","16000","https://bonbanh.com/oto/generic"
"6955858","Mitsubishi Xforce Premium - 2025","Mitsubishi","cũ","2025","609","TP HCM","nhập khẩu","xám","xăng","1.5","tự động","5","6500","https://bonbanh.com/oto/generic"
"6955848","Toyota Vios 1.5E MT - 2018","Toyota","cũ","2018","265","TP HCM","lắp ráp trong nước","bạc","xăng","1.5","tay","5",,"https://bonbanh.com/oto/generic"
"6955846","Mitsubishi Xpander 1.5 AT - 2024","Mitsubishi","cũ","2024","485","TP HCM","nhập khẩu","đen","xăng","1.5","tự động","7","35000","https://bonbanh.com/oto/generic"
"6955835","Mazda 2 1.5 AT - 2023","Mazda","cũ","2023","358","Đồng Nai","nhập khẩu","đỏ","xăng","1.5","tự động","5","50000","https://bonbanh.com/oto/generic"
"6955821","Mitsubishi Xpander 1.5 AT - 2025","Mitsubishi","cũ","2025","515","TP HCM","lắp ráp trong nước","trắng","xăng","1.5","tự động","7","48000","https://bonbanh.com/oto/generic"
"6955799","Toyota Camry 2.0E - 2018","Toyota","cũ","2018","605","Hà Nội","lắp ráp trong nước","trắng","xăng","2","tự động","5","76000","https://bonbanh.com/oto/generic"
"6955787","Kia Sportage Signature X-Line 2.0D - 2025","Kia","cũ","2025","860","TP HCM","lắp ráp trong nước","trắng","dầu","2","tự động","5","8000","https://bonbanh.com/oto/generic"
"6955775","Honda CRV L - 2025","Honda","cũ","2025","1005","Hà Nội","lắp ráp trong nước","trắng","xăng","1.5","tự động","7","14000","https://bonbanh.com/oto/honda"
"6955765","Toyota Hilux Pro 2.8L 4x2 AT - 2026","Toyota","mới","2026","671","Hà Nội","nhập khẩu","cam","dầu","2.8","tự động","5",,"https://bonbanh.com/oto/generic"
"6955733","Toyota Veloz Cross Top 1.5 CVT - 2024","Toyota","cũ","2024","520","Hà Nội","lắp ráp trong nước","trắng","xăng","1.5","tự động","7","75000","https://bonbanh.com/oto/generic"
"6955723","Toyota Corolla Cross 1.8HEV - 2026","Toyota","mới","2026","825","Hà Nội","nhập khẩu","đỏ","hybrid","1.8","tự động","5",,"https://bonbanh.com/oto/generic"
"6955717","Toyota Corolla Cross 1.8HEV - 2026","Toyota","mới","2026","828","Hà Nội","nhập khẩu","trắng","hybrid","1.8","tự động","5",,"https://bonbanh.com/oto/generic"
"6955704","Peugeot 3008 GT - 2022","Peugeot","cũ","2022","725","Hà Nội","lắp ráp trong nước","trắng","xăng","1.6","tự động","5","43000","https://bonbanh.com/oto/peugeot"
"6955699","Toyota Corolla Cross 1.8V - 2026","Toyota","mới","2026","770","Hà Nội","nhập khẩu","trắng","xăng","1.8","tự động","5",,"https://bonbanh.com/oto/generic"
"6955693","Peugeot 3008 AL - 2021","Peugeot","cũ","2021","615","Hà Nội","lắp ráp trong nước","đen","xăng","1.6","tự động","5","60000","https://bonbanh.com/oto/generic"
"6955678","Hyundai Accent 1.4 AT Đặc Biệt - 2021","Hyundai","cũ","2021","395","Hà Nội","lắp ráp trong nước","đen","xăng","1.4","tự động","5","60000","https://bonbanh.com/oto/generic"
"6955675","Honda City RS 1.5 AT - 2021","Honda","cũ","2021","396","TP HCM","lắp ráp trong nước","trắng","xăng","1.5","tự động","5","21000","https://bonbanh.com/oto/generic"
"6955672","Kia Carnival Signature 2.2D - 2024","Kia","cũ","2024","1140","Bắc Ninh","lắp ráp trong nước","trắng","dầu","2.2","tự động","7","42000","https://bonbanh.com/oto/generic"
"6955665","Ford Territory Titanium X 1.5 AT - 2023","Ford","cũ","2023","699","Hà Nội","lắp ráp trong nước","đen","xăng","1.5","tự động","5","57000","https://bonbanh.com/oto/generic"
"6955492","Isuzu Dmax Prestige 1.9L 4x2 AT - 2026","Isuzu","mới","2026","641","TP HCM","nhập khẩu","trắng","dầu","1.9","tự động","5",,"https://bonbanh.com/oto/generic"
"6955487","BMW X7 xDrive40i - 2023","BMW","cũ","2023","4368","TP HCM","nhập khẩu","xanh","xăng","3","tự động","7","17979","https://bonbanh.com/oto/generic"
"6955473","MG HS Trophy 1.5 AT 2WD - 2021","MG","cũ","2021","400","Bình Dương","nhập khẩu","đen","xăng","1.5","tự động","5","36000","https://bonbanh.com/oto/generic"
"6955427","Ford Everest Titanium 2.0L 4x4 AT - 2021","Ford","cũ","2021","855","Hà Nội","nhập khẩu","đen","dầu","2","tự động","7","77000","https://bonbanh.com/oto/generic"
"6955426","Suzuki Swift 1.4 AT - 2016","Suzuki","cũ","2016","245","Phú Thọ","lắp ráp trong nước","trắng","xăng","1.4","tự động","5","100000","https://bonbanh.com/oto/generic"
"6955367","Kia Carnival Signature 2.2D - 2022","Kia","cũ","2022","958","TP HCM","lắp ráp trong nước","xanh","dầu","2.2","tự động","7","70000","https://bonbanh.com/oto/generic"
"6955363","Kia Sonet Premium 1.5 AT - 2021","Kia","cũ","2021","519","TP HCM","lắp ráp trong nước","vàng","xăng","1.5","tự động","5","42000","https://bonbanh.com/oto/generic"
"6955358","Toyota Innova Cross 2.0V CVT - 2025","Toyota","cũ","2025","793","TP HCM","nhập khẩu","đồng","xăng","2","tự động","8","29600","https://bonbanh.com/oto/generic"
"6955356","Toyota Camry 2.5Q - 2022","Toyota","cũ","2022","968","TP HCM","nhập khẩu","đỏ","xăng","2.5","tự động","5","60000","https://bonbanh.com/oto/generic"
"6955345","Toyota Vios E CVT - 2026","Toyota","mới","2026","426","TP HCM","lắp ráp trong nước","trắng","xăng","1.5","tự động","5",,"https://bonbanh.com/oto/generic"
"6955310","Porsche 718 Boxster 2.0 AT - 2017","Porsche","cũ","2017","2990","TP HCM","nhập khẩu","đỏ","xăng","2","tự động","2","43000","https://bonbanh.com/oto/generic"
"6955269","Ford Ranger Wildtrak 2.0L 4x4 AT - 2022","Ford","cũ","2022","635","Ninh Bình","lắp ráp trong nước","trắng","dầu","2","tự động","5","92000","https://bonbanh.com/oto/generic"
"6955263","Ford Ranger Wildtrak 3.2L 4x4 AT - 2015","Ford","cũ","2015","360","Ninh Bình","nhập khẩu","đỏ","dầu","3.2","tự động","5","160000","https://bonbanh.com/oto/generic"
"6955253","Kia Sorento Signature 2.5 AT AWD - 2022","Kia","cũ","2022","845","Hà Nội","lắp ráp trong nước","trắng","xăng","2.5","tự động","6","60000","https://bonbanh.com/oto/generic"
"6955231","Porsche Macan 2.0 - 2017","Porsche","cũ","2017","1590","Hà Nội","nhập khẩu","trắng","xăng","2","tự động","5","80000","https://bonbanh.com/oto/generic"
"6955228","Lexus RX 300 - 2021","Lexus","cũ","2021","2480","Hà Nội","nhập khẩu","trắng","xăng","2","tự động","5","62000","https://bonbanh.com/oto/generic"
"6955222","Toyota Land Cruiser VX 4.6 V8 - 2016","Toyota","cũ","2016","2990","Hà Nội","nhập khẩu","đen","xăng","4.6","tự động","8","90000","https://bonbanh.com/oto/generic"
"6955218","Mazda 3 1.5L Deluxe - 2025","Mazda","cũ","2025","550","Hà Nội","lắp ráp trong nước","trắng","xăng","1.5","tự động","5","10000","https://bonbanh.com/oto/generic"
"6955215","Mazda 3 1.5L Luxury - 2021","Mazda","cũ","2021","489","Bình Dương","lắp ráp trong nước","đỏ","xăng","1.5","tự động","5","26000","https://bonbanh.com/oto/generic"
"6955212","Toyota Land Cruiser VX 4.6 V8 - 2014","Toyota","cũ","2014","1690","Hà Nội","nhập khẩu","đen","xăng","4.6","tự động","8","170000","https://bonbanh.com/oto/generic"
"6955209","Hyundai SantaFe Calligraphy 2.5L Turbo HTRAC - 2024","Hyundai","cũ","2024","1100","Hà Nội","lắp ráp trong nước","trắng","xăng","2.5","tự động","6","30000","https://bonbanh.com/oto/generic"
"6955207","Hyundai SantaFe Cao cấp 2.5L HTRAC - 2022","Hyundai","cũ","2022","955","Hà Nội","lắp ráp trong nước","đen","xăng","2.5","tự động","7","55000","https://bonbanh.com/oto/generic"
"6955201","Hyundai SantaFe Premium 2.4L HTRAC - 2020","Hyundai","cũ","2020","809","Hà Nội","lắp ráp trong nước","đen","xăng","2.4","tự động","7","41000","https://bonbanh.com/oto/generic"
"6955197","Lexus GX 460 - 2009","Lexus","cũ","2009","1150","Hà Nội","nhập khẩu","cát","xăng","4.6","tự động","7","193000","https://bonbanh.com/oto/generic"
"6955194","Hyundai SantaFe Cao cấp 2.2L HTRAC - 2023","Hyundai","cũ","2023","1090","Hà Nội","lắp ráp trong nước","đen","dầu","2.2","tự động","7","52000","https://bonbanh.com/oto/generic"
"6955181","Mitsubishi Zinger GLS 2.4 MT - 2009","Mitsubishi","cũ","2009","170","Tây Ninh","lắp ráp trong nước","vàng","xăng","2.4","tay","8",,"https://bonbanh.com/oto/generic"
"6955140","BMW 7 Series 730Li - 2018","BMW","cũ","2018","1399","TP HCM","nhập khẩu","trắng","xăng","2","tự động","5","48000","https://bonbanh.com/oto/generic"
"6955137","Mercedes Benz GLK Class 280 4Matic - 2009","Mercedes","cũ","2009","239","TP HCM","nhập khẩu","xám","xăng","3","tự động","5","100000","https://bonbanh.com/oto/generic"
"6955123","Porsche Macan 2.0 - 2014","Porsche","cũ","2014","949","TP HCM","nhập khẩu","xanh","xăng","2","tự động","5","64000","https://bonbanh.com/oto/generic"
"6955078","Toyota Innova Cross 2.0V CVT - 2026","Toyota","cũ","2026","815","TP HCM","nhập khẩu","trắng","xăng","2","tự động","8","18000","https://bonbanh.com/oto/generic"
"6954981","BMW X7 xDrive40i - 2024","BMW","cũ","2024","4500","TP HCM","nhập khẩu","xanh","xăng","3","tự động","7","11000","https://bonbanh.com/oto/generic"
"6954827","VinFast VF5 Plus - 2025","VinFast","cũ","2025","348","TP HCM","lắp ráp trong nước","trắng","điện",,"tự động","5","90000","https://bonbanh.com/oto/generic"
"6954818","VinFast Nerio Green AT - 2025","VinFast","cũ","2025","456","TP HCM","lắp ráp trong nước","đen","điện",,"tự động","5","46000","https://bonbanh.com/oto/generic"
"6954813","VinFast VF5 Plus - 2024","VinFast","cũ","2024","328","TP HCM","lắp ráp trong nước","đỏ","điện",,"tự động","5","100000","https://bonbanh.com/oto/generic"
"6954798","BMW Z4 sDrive30i M Sport - 2020","BMW","cũ","2020","1779","TP HCM","nhập khẩu","trắng","xăng","2","tự động","2","48000","https://bonbanh.com/oto/generic"
"6954789","Mazda CX5 2.5 Signature Premium 2WD - 2020","Mazda","cũ","2020","589","Hà Nội","lắp ráp trong nước","đỏ","xăng","2.5","tự động","5","79000","https://bonbanh.com/oto/generic"
"6954777","Toyota Avanza Premio 1.5 AT - 2022","Toyota","cũ","2022","370","Thừa Thiên Huế","lắp ráp trong nước","bạc","xăng","1.5","tự động","7",,"https://bonbanh.com/oto/generic"
"6954735","Toyota Fortuner Legender 2.4L 4x2 AT - 2022","Toyota","cũ","2022","975","Đăk Lăk","lắp ráp trong nước","bạc","dầu","2.4","tự động","7","26000","https://bonbanh.com/oto/generic"
"6954672","Chevrolet Colorado High Country 2.5L 4x4 AT - 2018","Chevrolet","cũ","2018","435","Đăk Lăk","nhập khẩu","đỏ","dầu","2.5","tự động","5","77000","https://bonbanh.com/oto/chevrolet"
"6954669","Ford Ranger Wildtrak 2.0L 4x4 AT - 2022","Ford","cũ","2022","695","Gia Lai","lắp ráp trong nước","cam","dầu","2","tự động","5",,"https://bonbanh.com/oto/generic"
"6954643","Toyota Veloz Cross Top 1.5 CVT - 2024","Toyota","cũ","2024","525","Gia Lai","lắp ráp trong nước","trắng","xăng","1.5","tự động","7","45000","https://bonbanh.com/oto/generic"
"6954588","LandRover Range Rover Sport HSE - 2016","LandRover","cũ","2016","1400","Hà Nội","nhập khẩu","trắng","xăng","3","tự động","5","65000","https://bonbanh.com/oto/generic"
"6954504","Ford Everest 2.5L 4x2 MT - 2013","Ford","cũ","2013","280","Hà Giang","lắp ráp trong nước","trắng","dầu","2.5","tay","7","200000","https://bonbanh.com/oto/generic"
"6954475","Kia Sorento 2.4 GAT Deluxe - 2020","Kia","cũ","2020","468","TP HCM","lắp ráp trong nước","trắng","xăng","2.4","tự động","7","66000","https://bonbanh.com/oto/generic"
"6954407","Mazda 6 2.0 AT - 2015","Mazda","cũ","2015","359","Hà Nội","lắp ráp trong nước","trắng","xăng","2","tự động","5","120000","https://bonbanh.com/oto/generic"
"6954403","Ford Everest Limited 2.5L 4x2 AT - 2009","Ford","cũ","2009","220","Hà Giang","lắp ráp trong nước","đen","dầu","2.5","tự động","7","220000","https://bonbanh.com/oto/generic"
"6954394","Hyundai Kona Đặc Biệt 2.0 AT - 2021","Hyundai","cũ","2021","455","Hà Nội","lắp ráp trong nước","đen","xăng","2","tự động","5","60000","https://bonbanh.com/oto/generic"
"6954382","Toyota Camry 2.5Q - 2013","Toyota","cũ","2013","408","Thái Nguyên","lắp ráp trong nước","đen",,,"tự động","5","159600","https://bonbanh.com/oto/generic"
"6954363","VinFast VF9 Plus 7S - 2024","VinFast","cũ","2024","1160","Hà Nội","lắp ráp trong nước","xanh","điện",,"tự động","7","19000","https://bonbanh.com/oto/generic"
"6954302","Hyundai SantaFe Cao cấp 2.5L HTRAC - 2024","Hyundai","cũ","2024","1135","Hà Nội","lắp ráp trong nước","trắng","xăng","2.5","tự động","7","19000","https://bonbanh.com/oto/generic"
"6954266","Toyota Prado LC250 2.4L - 2025","Toyota","cũ","2025","3498","TP HCM","nhập khẩu","trắng","xăng","2.4","tự động","7","5000","https://bonbanh.com/oto/generic"
"6954222","Toyota Yaris 1.5 AT - 2011","Toyota","cũ","2011","235","Hà Nội","nhập khẩu","đỏ","xăng","1.5","tự động","5","110000","https://bonbanh.com/oto/generic"
"6954132","Mercedes Benz GLS 450 4Matic - 2021","Mercedes","cũ","2021","3489","Hà Nội","nhập khẩu","đen","xăng","3","tự động","7","35900","https://bonbanh.com/oto/generic"
"6954077","Mercedes Benz GLC 200 4Matic - 2021","Mercedes","cũ","2021","1185","Hà Nội","lắp ráp trong nước","đen","xăng","2","tự động","5","64000","https://bonbanh.com/oto/generic"
"6954068","Ford Everest Titanium Plus 2.0L 4x4 AT - 2023","Ford","cũ","2023","1230","Hà Nội","nhập khẩu","trắng","dầu","2","tự động","7","30000","https://bonbanh.com/oto/generic"
"6954059","Hyundai Tucson 1.6 AT Turbo HTRAC Đặc biệt - 2022","Hyundai","cũ","2022","810","Hà Nội","lắp ráp trong nước","trắng","xăng","1.6","tự động","5","1600","https://bonbanh.com/oto/generic"
"6954020","Mercedes Benz S class S500L - 2013","VinFast","cũ","2013","1050","Hà Nội","nhập khẩu","đen","xăng","4.7","tự động","5","57000","https://bonbanh.com/oto/vinfast"
"6953973","Mitsubishi Pajero Sport 2.4D 4x2 AT - 2018","Mitsubishi","cũ","2018","665","Gia Lai","nhập khẩu","nâu","dầu","2.4","tự động","7","115000","https://bonbanh.com/oto/generic"
"6953967","Toyota Vios 1.5E MT - 2018","Toyota","cũ","2018","265","Gia Lai","lắp ráp trong nước","ghi","xăng","1.5","tay","5","117000","https://bonbanh.com/oto/generic"
"6953964","Kia K3 Premium 2.0 AT - 2022","Kia","cũ","2022","525","Hà Nội","lắp ráp trong nước","trắng","xăng","2","tự động","5","42000","https://bonbanh.com/oto/generic"
"6953951","Hyundai Accent 1.4 AT Đặc Biệt - 2021","Hyundai","cũ","2021","395","Hà Nội","lắp ráp trong nước","đen","xăng","1.4","tự động","5","62000","https://bonbanh.com/oto/generic"
"6953948","BMW X7 xDrive40i - 2024","BMW","cũ","2024","4200","TP HCM","nhập khẩu","xanh","xăng","3","tự động","7","11000","https://bonbanh.com/oto/generic"
"6953865","Mercedes Benz GLC 250 4Matic - 2016","Mercedes","cũ","2016","699","TP HCM","lắp ráp trong nước","trắng","xăng","2","tự động","5","84000","https://bonbanh.com/oto/generic"
"6953765","Ford Everest Titanium 2.0L 4x4 AT - 2019","Ford","cũ","2019","739","Hà Nội","nhập khẩu","trắng","dầu","2","tự động","7","55000","https://bonbanh.com/oto/generic"
"6953758","Hyundai Accent 1.4 MT - 2018","Hyundai","cũ","2018","275","Hà Nội","lắp ráp trong nước","đen","xăng","1.4","tay","5","43000","https://bonbanh.com/oto/generic"
"6953686","Mitsubishi Xpander 1.5 AT - 2019","Mitsubishi","cũ","2019","338","TP HCM","nhập khẩu","đen","xăng","1.5","tự động","7","95000","https://bonbanh.com/oto/generic"
"6953592","Hyundai Accent 1.4 AT Đặc Biệt - 2021","Hyundai","cũ","2021","393","Hà Nội","lắp ráp trong nước","đen","xăng","1.4","tự động","5","62000","https://bonbanh.com/oto/generic"
"6953471","Suzuki XL7 1.5 AT - 2022","Suzuki","cũ","2022","406","Hà Nội","nhập khẩu","trắng","xăng","1.5","tự động","7","80000","https://bonbanh.com/oto/generic"
"6953421","Mitsubishi Xforce GLX - 2024","Mitsubishi","cũ","2024","470","Lâm Đồng","nhập khẩu","trắng","xăng","1.5","tự động","5","36700","https://bonbanh.com/oto/generic"
"6953337","Chevrolet Captiva LTZ 2.4 AT - 2008","Chevrolet","cũ","2008","185","TP HCM","lắp ráp trong nước","đen","xăng","2.4","tự động","7",,"https://bonbanh.com/oto/chevrolet"
"6953321","Ford Fiesta Trend 1.5 AT - 2015","Ford","cũ","2015","225","TP HCM","lắp ráp trong nước","trắng","xăng","1.5","tự động","5",,"https://bonbanh.com/oto/generic"
"6953315","Chevrolet Captiva LT 2.4 MT - 2008","Chevrolet","cũ","2008","155","TP HCM","lắp ráp trong nước","bạc","xăng","2.4","tay","7",,"https://bonbanh.com/oto/generic"
"6953290","Ford Everest Platinum 2.0L 4x2 AT - 2026","Ford","mới","2026","1390","TP HCM","nhập khẩu","trắng","dầu","2","tự động","7",,"https://bonbanh.com/oto/generic"
"6953257","Kia Rio 1.4 AT - 2016","Kia","cũ","2016","200","Bình Dương","nhập khẩu","trắng","xăng","1.4","tự động","5",,"https://bonbanh.com/oto/generic"
"6953243","Toyota Innova E 2.0 MT - 2021","Toyota","cũ","2021","450","Bình Dương","lắp ráp trong nước","trắng","xăng","2","tay","8",,"https://bonbanh.com/oto/generic"
"6953232","Kia Cerato 1.6 AT - 2009","Kia","cũ","2009","195","Bình Dương","nhập khẩu","đỏ","xăng","1.6","tự động","5",,"https://bonbanh.com/oto/generic"
"6953223","Honda City 1.5 - 2018","Honda","cũ","2018","299","Bình Dương","lắp ráp trong nước","bạc","xăng","1.5","tự động","5",,"https://bonbanh.com/oto/generic"
"6953211","Toyota Avanza Premio 1.5 AT - 2023","Toyota","cũ","2023","365","Bình Dương","lắp ráp trong nước","bạc","xăng","1.5","tự động","7",,"https://bonbanh.com/oto/generic"
"6953195","Jaguar XJ series XJL 3.0 Portfolio - 2015","Jaguar","cũ","2015","880","TP HCM","nhập khẩu","đen","xăng","3","tự động","5","62000","https://bonbanh.com/oto/generic"
"6953174","Mazda BT50 Standard 2.2L 4x4 MT - 2020","Mazda","cũ","2020","365","Lâm Đồng","nhập khẩu","trắng","dầu","2.2","tay","5",,"https://bonbanh.com/oto/generic"
"6953171","Kia Morning MT - 2015","Kia","cũ","2015","119","Lâm Đồng","lắp ráp trong nước","trắng","xăng","1.25","tay","5",,"https://bonbanh.com/oto/generic"
"6953170","Toyota Camry 2.5Q - 2021","Toyota","cũ","2021","840","Hà Nội","nhập khẩu","đen","xăng","2.5","tự động","5","60000","https://bonbanh.com/oto/generic"
"6953147","Honda CRV L - 2025","Honda","cũ","2025","1015","Hà Nội","lắp ráp trong nước","trắng","xăng","1.5","tự động","7","14000","https://bonbanh.com/oto/generic"
"6953136","Mitsubishi Xpander Cross 1.5 AT - 2020","Mitsubishi","cũ","2020","430","TP HCM","nhập khẩu","trắng","xăng","1.5","tự động","7","84000","https://bonbanh.com/oto/generic"
"6953125","Hyundai Sonata 2.0 AT - 2010","Hyundai","cũ","2010","230","Lâm Đồng","nhập khẩu","trắng","xăng","2","tự động","5",,"https://bonbanh.com/oto/generic"
"6953121","Peugeot 2008 Allure 1.2 AT - 2025","Peugeot","cũ","2025","585","TP HCM","lắp ráp trong nước","xám","xăng","1.2","tự động","5","18000","https://bonbanh.com/oto/generic"
"6953046","Toyota Corolla Cross 1.8V - 2021","Toyota","cũ","2021","629","TP HCM","nhập khẩu","xám","xăng","1.8","tự động","5","35226","https://bonbanh.com/oto/generic"
"6953039","Toyota Corolla Cross 1.8V - 2021","Toyota","cũ","2021","630","TP HCM","nhập khẩu","xám","xăng","1.8","tự động","5","35000","https://bonbanh.com/oto/generic"
"6953013","Toyota Corolla Cross 1.8V - 2021","Toyota","cũ","2021","630","TP HCM","nhập khẩu","xanh","xăng","1.8","tự động","5","35226","https://bonbanh.com/oto/generic"
"6953003","VinFast VF3 Plus - 2024","VinFast","cũ","2024","215","Hà Nội","lắp ráp trong nước","vàng","điện",,"tự động","4","17000","https://bonbanh.com/oto/generic"
"6952958","BMW 5 Series 530i Luxury Line - 2019","BMW","cũ","2019","1099","TP HCM","nhập khẩu","đen","xăng","2","tự động","5","42000","https://bonbanh.com/oto/generic"
"6952955","Lexus LX 570 Super Sport - 2019","Lexus","cũ","2019","5386","Hà Nội","nhập khẩu","đen","xăng","5.7","tự động","7","92000","https://bonbanh.com/oto/generic"
"6952951","Toyota Camry 2.5 HEV Top - 2025","Toyota","cũ","2025","1399","Bình Dương","nhập khẩu","đen","hybrid","2.5","tự động","5","14000","https://bonbanh.com/oto/generic"
"6952936","Toyota Vios E CVT - 2021","Toyota","cũ","2021","370","Hà Nội","lắp ráp trong nước","trắng","xăng","1.5","tự động","5","110000","https://bonbanh.com/oto/generic"
"6952910","Mercedes Benz S class S450L - 2019","Mercedes","cũ","2019","1899","TP HCM","lắp ráp trong nước","trắng","xăng","3","tự động","5","45000","https://bonbanh.com/oto/generic"
"6952864","Toyota Innova Cross 2.0 CVT - 2024","Toyota","cũ","2024","750","TP HCM","nhập khẩu","đồng","xăng","2","tự động","8","30000","https://bonbanh.com/oto/generic"
"6952835","Ford Ranger XLS 2.0L 4x2 AT - 2025","Ford","cũ","2025","625","Quảng Ninh","lắp ráp trong nước","trắng","dầu","2","tự động","5","20000","https://bonbanh.com/oto/generic"
"6952824","Mitsubishi Xpander Premium 1.5 AT - 2025","Mitsubishi","cũ","2025","580","Quảng Ninh","nhập khẩu","đỏ","xăng","1.5","tự động","7","12000","https://bonbanh.com/oto/generic"
"6952807","Mazda CX5 2.0 AT - 2018","Mazda","cũ","2018","525","Hà Nội","lắp ráp trong nước","xanh","xăng","2","tự động","5","78000","https://bonbanh.com/oto/generic"
"6952798","Ford Ranger XLS 2.0L 4x2 AT - 2023","Ford","cũ","2023","585","Quảng Ninh","lắp ráp trong nước","đen","dầu","2","tự động","5","31000","https://bonbanh.com/oto/generic"
"6952767","Mazda 2 1.5 AT - 2016","Mazda","cũ","2016","275","Hà Nội","lắp ráp trong nước","trắng","xăng","1.5","tự động","5","80000","https://bonbanh.com/oto/generic"
"6952753","Kia Carnival Signature 2.2D - 2022","Kia","cũ","2022","938","TP HCM","lắp ráp trong nước","vàng","dầu","2.2","tự động","7",,"https://bonbanh.com/oto/generic"
"6952748","Kia Carnival Signature 2.2D - 2022","Kia","cũ","2022","958","TP HCM","lắp ráp trong nước","xanh","dầu","2.2","tự động","7","70000","https://bonbanh.com/oto/generic"
"6952744","VinFast Fadil Tiêu chuẩn 1.4 AT - 2022","VinFast","cũ","2022","288","Quảng Ninh","lắp ráp trong nước","xám","xăng","1.4","tự động","5","68000","https://bonbanh.com/oto/generic"
"6952717","MG RX5 1.5T LUX - 2023","MG","cũ","2023","495","Hà Nội","nhập khẩu","trắng","xăng","1.5","tự động","5","36000","https://bonbanh.com/oto/generic"
"6952710","Hyundai SantaFe Calligraphy 2.5L Turbo HTRAC - 2024","Hyundai","cũ","2024","1115","Hà Nội","lắp ráp trong nước","đen","xăng","2.5","tự động","6","30000","https://bonbanh.com/oto/generic"
"6952706","Toyota Hilux 2.4E 4x2 AT - 2018","Toyota","cũ","2018","545","Gia Lai","nhập khẩu","bạc","dầu","2.4","tự động","5",,"https://bonbanh.com/oto/generic"
"6952678","Mercedes Benz C class C300 AMG - 2021","Mercedes","cũ","2021","1380","Hà Nội","lắp ráp trong nước","trắng","xăng","2","tự động","5","49000","https://bonbanh.com/oto/generic"
"6952675","Mitsubishi Triton 4x2 AT - 2019","Mitsubishi","cũ","2019","365","Hà Nội","nhập khẩu","ghi","dầu","2.5","tự động","5","120000","https://bonbanh.com/oto/generic"
"6952670","Ford Ranger Wildtrak 2.0L 4x4 AT - 2022","Ford","cũ","2022","640","Quảng Ninh","lắp ráp trong nước","trắng","dầu","2","tự động","5","75000","https://bonbanh.com/oto/generic"
"6952654","Mercedes Benz GLE Class GLE 400 4Matic Coupe - 2018","Mercedes","cũ","2018","1568","Hà Nội","nhập khẩu","trắng","xăng","3","tự động","5","80000","https://bonbanh.com/oto/generic"
"6952643","Hyundai SantaFe 2.4L - 2017","Hyundai","cũ","2017","480","Bình Định","lắp ráp trong nước","đen","xăng","2.4","tự động","7",,"https://bonbanh.com/oto/generic"
"6952638","Hyundai Tucson 2.0 ATH - 2016","Hyundai","cũ","2016","475","TP HCM","nhập khẩu","đỏ","xăng","2","tự động","5","73000","https://bonbanh.com/oto/generic"
"6952628","Toyota Yaris Cross 1.5 D-CVT - 2025","Toyota","cũ","2025","590","Ninh Bình","nhập khẩu","xanh","xăng","1.5","tự động","5","10538","https://bonbanh.com/oto/generic"
"6952556","Toyota Innova E 2.0 MT - 2021","Toyota","cũ","2021","490","TP HCM","lắp ráp trong nước","bạc","xăng","2","tay","8","167817","https://bonbanh.com/oto/generic"
"6952467","Mercedes Benz GLC 300 4Matic - 2019","Mercedes","cũ","2019","969","TP HCM","lắp ráp trong nước","đen","xăng","2","tự động","5","61000","https://bonbanh.com/oto/generic"
"6952459","Hyundai SantaFe Cao cấp 2.5L HTRAC - 2021","Hyundai","cũ","2021","905","Hà Nội","lắp ráp trong nước","trắng","xăng","2.5","tự động","7","54000","https://bonbanh.com/oto/generic"
"6952399","Honda Civic 1.8 E - 2018","Honda","cũ","2018","410","Phú Thọ","nhập khẩu","bạc","xăng","1.8","tự động","5","120000","https://bonbanh.com/oto/generic"
"6952396","Audi A6 1.8 TFSI - 2017","Audi","cũ","2017","660","TP HCM","nhập khẩu","trắng","xăng","1.8","tự động","5","72000","https://bonbanh.com/oto/audi"
"6952395","Mercedes Benz C class C200 - 2017","Mercedes","cũ","2017","599","Hà Nội","lắp ráp trong nước","trắng","xăng","2","tự động","5",,"https://bonbanh.com/oto/generic"
"6952365","Honda City RS 1.5 AT - 2023","Honda","cũ","2023","415","Thái Bình","lắp ráp trong nước","xanh","xăng","1.5","tự động","5","130000","https://bonbanh.com/oto/generic"
"6952357","Toyota Hilux 2.4L 4x2 AT - 2020","Toyota","cũ","2020","535","Hà Nội","nhập khẩu","đen","dầu","2.4","tự động","5","100000","https://bonbanh.com/oto/generic"
"6952043","Chevrolet Colorado High Country 2.5L 4x4 AT - 2019","Chevrolet","cũ","2019","496","TP HCM","nhập khẩu","đỏ","dầu","2.5","tự động","5","39068","https://bonbanh.com/oto/chevrolet"
"6952027","Mercedes Benz S class S450 4Matic Maybach - 2019","Mercedes","cũ","2019","3390","Hà Nội","nhập khẩu","đen","xăng","3","tự động","4","70000","https://bonbanh.com/oto/generic"
"6951993","Toyota Innova 2.0E - 2019","Toyota","cũ","2019","360","Hà Nội","lắp ráp trong nước","bạc","xăng","2","tay","8","15000","https://bonbanh.com/oto/generic"
"6951978","Mercedes Benz G class G55 AMG - 2010","Mercedes","cũ","2010","459","TP HCM","nhập khẩu","xám","xăng","5.4","tự động","5","100000","https://bonbanh.com/oto/generic"
"6951955","Hyundai Creta Cao cấp 1.5 AT - 2022","Hyundai","cũ","2022","559","Hà Nội","nhập khẩu","đỏ","xăng","1.5","tự động","5","55000","https://bonbanh.com/oto/generic"
"6951942","Jaecoo J7 PHEV 1.5T AT - 2025","Jaecoo","cũ","2025","795","TP HCM","nhập khẩu","trắng","hybrid","1.5","tự động","5","21000","https://bonbanh.com/oto/generic"
"6951924","Porsche Cayenne Coupe - 2022","Porsche","cũ","2022","4378","TP HCM","nhập khẩu","đỏ","xăng","3","tự động","5","16000","https://bonbanh.com/oto/generic"
"6951923","Hyundai SantaFe Premium 2.2L HTRAC - 2020","Hyundai","cũ","2020","650","Vĩnh Phúc","lắp ráp trong nước","trắng","dầu","2.2","tự động","7","80000","https://bonbanh.com/oto/generic"
"6951920","Toyota Camry 2.5Q - 2022","Toyota","cũ","2022","988","TP HCM","nhập khẩu","đỏ","xăng","2.5","tự động","5","45000","https://bonbanh.com/oto/generic"
"6951918","Toyota Camry 2.0E - 2016","Toyota","cũ","2016","420","Vĩnh Phúc","lắp ráp trong nước","đen","xăng","2","tự động","5","250000","https://bonbanh.com/oto/generic"
"6951916","Mitsubishi Xforce Ultimate - 2024","Mitsubishi","cũ","2024","598","TP HCM","nhập khẩu","trắng","xăng","1.5","tự động","5","18000","https://bonbanh.com/oto/generic"
"6951905","Ford Explorer Limited 2.3L EcoBoost - 2017","Ford","cũ","2017","750","TP HCM","nhập khẩu","trắng","xăng","2.3","tự động","7","134000","https://bonbanh.com/oto/generic"
"6951899","Hyundai SantaFe 2.2L 4WD - 2017","Hyundai","cũ","2017","595","Thái Bình","lắp ráp trong nước","nâu","dầu","2.2","tự động","7","130000","https://bonbanh.com/oto/generic"
"6951878","Hyundai Kona Đặc Biệt 2.0 AT - 2021","Hyundai","cũ","2021","482","TP HCM","lắp ráp trong nước","đỏ","xăng","2","tự động","5","43000","https://bonbanh.com/oto/generic"
"6951854","Ford Transit Standard MID - 2013","Ford","cũ","2013","200","Hà Nội","lắp ráp trong nước","vàng","dầu","2.4","tay","16","20000","https://bonbanh.com/oto/ford"
"6951851","Toyota Corolla Cross 1.8V - 2023","Toyota","cũ","2023","695","Hà Nội","nhập khẩu","trắng","xăng","1.8","tự động","5","50000","https://bonbanh.com/oto/generic"
"6951833","Ford Focus Titanium 2.0 AT - 2014","Ford","cũ","2014","268","Bình Dương","lắp ráp trong nước","bạc","xăng","2","tự động","5","68000","https://bonbanh.com/oto/generic"
"6951814","Scion Xd 1.8 AT - 2010","Scion","cũ","2010","399","Đà Nẵng","nhập khẩu","xanh","xăng","1.8","tự động","5","80000","https://bonbanh.com/oto/generic"
"6951788","Honda City RS 1.5 AT - 2021","Honda","cũ","2021","425","TP HCM","lắp ráp trong nước","đen","xăng","1.5","tự động","5","63000","https://bonbanh.com/oto/generic"
"6951779","Suzuki Ertiga GLX 1.5 AT - 2019","Suzuki","cũ","2019","355","TP HCM","nhập khẩu","trắng","xăng","1.5","tự động","7",,"https://bonbanh.com/oto/generic"
"6951776","Toyota Veloz Cross 1.5 CVT - 2022","Toyota","cũ","2022","445","TP HCM","nhập khẩu","bạc","xăng","1.5","tự động","7",,"https://bonbanh.com/oto/generic"
"6951771","Toyota Innova 2.0E - 2017","Toyota","cũ","2017","370","TP HCM","lắp ráp trong nước","bạc","xăng","2","tay","8",,"https://bonbanh.com/oto/generic"
"6951763","Ford Territory Titanium 1.5 AT - 2024","Ford","cũ","2024","725","TP HCM","lắp ráp trong nước","đen","xăng","1.5","tự động","5","12000","https://bonbanh.com/oto/generic"
"6951750","Toyota Camry 2.5Q - 2015","Toyota","cũ","2015","519","Cần Thơ","lắp ráp trong nước","đen","xăng","2.5","tự động","5",,"https://bonbanh.com/oto/generic"
"6951734","Lexus GX 470 - 2008","Lexus","cũ","2008","620","Cần Thơ","nhập khẩu","đen","xăng","4.7","tự động","7","204800","https://bonbanh.com/oto/generic"
"6951730","Toyota Hilux 2.4E 4x2 AT - 2019","Toyota","cũ","2019","490","Cần Thơ","nhập khẩu","đen","dầu","2.4","tự động","5","73000","https://bonbanh.com/oto/generic"
"6951722","Toyota Camry 2.5Q - 2017","Toyota","cũ","2017","650","Cần Thơ","lắp ráp trong nước","đen","xăng","2.5","tự động","5",,"https://bonbanh.com/oto/generic"
"6951705","VinFast Lux SA 2.0 Premium 2.0 AT - 2019","VinFast","cũ","2019","535","Hà Nội","lắp ráp trong nước","đỏ","xăng","2","tự động","7","80000","https://bonbanh.com/oto/generic"
"6951676","Kia K3 Premium 2.0 AT - 2024","Kia","cũ","2024","575","Hà Nội","lắp ráp trong nước","trắng","xăng","2","tự động","5","30000","https://bonbanh.com/oto/generic"
"6951649","Kia Rio 1.4 MT - 2016","Kia","cũ","2016","168","Đồng Nai","nhập khẩu","trắng","xăng","1.4","tay","5",,"https://bonbanh.com/oto/generic"
"6951624","Toyota Yaris 1.5G - 2017","Toyota","cũ","2017","355","Hà Nội","nhập khẩu","trắng","xăng","1.5","tự động","5","100000","https://bonbanh.com/oto/generic"
"6951617","Lexus LX 570 - 2015","Lexus","cũ","2015","4488","TP HCM","nhập khẩu","trắng","xăng","5.7","tự động","7","130000","https://bonbanh.com/oto/generic"
"6951615","Honda CRV L - 2021","Honda","cũ","2021","789","Hà Nội","lắp ráp trong nước","xanh","xăng","1.5","tự động","7","70000","https://bonbanh.com/oto/generic"
"6951611","Ford Ranger Raptor 2.0L 4x4 AT - 2022","Ford","cũ","2022","750","Vĩnh Phúc","nhập khẩu","xanh","dầu","2","tự động","5",,"https://bonbanh.com/oto/generic"
"6951557","Subaru Crosstrek 2.0 i-S EyeSight e-Boxer Hybrid - 2024","Subaru","cũ","2024","899","TP HCM","nhập khẩu","xám","hybrid","2","tự động","5","12600","https://bonbanh.com/oto/generic"
"6951550","Peugeot 3008 Premium - 2026","Peugeot","cũ","2026","800","Vĩnh Phúc","lắp ráp trong nước","trắng","xăng","1.6","tự động","5","3000","https://bonbanh.com/oto/peugeot"
"6951545","Ford Everest Titanium 2.0L 4x2 AT - 2025","Ford","cũ","2025","1190","Hà Nội","nhập khẩu","trắng","dầu","2","tự động","7","30000","https://bonbanh.com/oto/generic"
"6951541","Mercedes Benz C class C300 AMG - 2017","Mercedes","cũ","2017","738","TP HCM","lắp ráp trong nước","trắng","xăng","2","tự động","5","78000","https://bonbanh.com/oto/generic"
"6951529","Mercedes Benz S class S450L Luxury - 2019","Mercedes","cũ","2019","1999","TP HCM","lắp ráp trong nước","xanh","xăng","3","tự động","5","70000","https://bonbanh.com/oto/generic"
"6951428","Toyota Yaris 1.5G - 2017","Toyota","cũ","2017","355","Hà Nội","nhập khẩu","trắng","xăng","1.5","tự động","5","100000","https://bonbanh.com/oto/toyota"
"6951398","Lexus ES 250 - 2016","Lexus","cũ","2016","1068","Hà Nội","nhập khẩu","đen","xăng","2.5","tự động","5","100000","https://bonbanh.com/oto/generic"
"6951375","Ford Ranger Stormtrak 2.0L 4x4 AT - 2025","Ford","cũ","2025","890","Hà Nội","nhập khẩu","đen","dầu","2","tự động","5","27000","https://bonbanh.com/oto/generic"
"6951343","Mercedes Benz E class E200 - 2019","Mercedes","cũ","2019","999","Hà Nội","lắp ráp trong nước","đen","xăng","2","tự động","5","50000","https://bonbanh.com/oto/generic"
"6951310","Toyota Land Cruiser VX 4.6 V8 - 2015","Toyota","cũ","2015","2599","Hà Nội","nhập khẩu","đen","xăng","4.6","tự động","8","19","https://bonbanh.com/oto/generic"
"6951309","Toyota Fortuner 2.4L 4x2 AT - 2022","Toyota","cũ","2022","885","Long An","lắp ráp trong nước","nâu","dầu","2.4","tự động","7",,"https://bonbanh.com/oto/generic"
"6951301","Toyota Fortuner 2.8V 4x4 AT - 2019","Toyota","cũ","2019","860","Long An","nhập khẩu","nâu","dầu","2.8","tự động","7",,"https://bonbanh.com/oto/generic"
"6951292","Toyota Innova 2.0E - 2014","Toyota","cũ","2014","285","Long An","lắp ráp trong nước","bạc","xăng","2","tay","8",,"https://bonbanh.com/oto/generic"
"6951280","VinFast VF6 Plus - 2024","VinFast","cũ","2024","575","Hà Nội","lắp ráp trong nước","xám","điện",,"tự động","5","30000","https://bonbanh.com/oto/generic"
"6951234","Hyundai SantaFe Cao cấp 2.5L HTRAC - 2022","Hyundai","cũ","2022","968","Hà Nội","lắp ráp trong nước","đen","xăng","2.5","tự động","7","48000","https://bonbanh.com/oto/generic"
"6951217","Toyota Innova 2.0E - 2015","Toyota","cũ","2015","285","TP HCM","lắp ráp trong nước","cát","xăng","2","tay","8","100000","https://bonbanh.com/oto/generic"
"6951205","Ford Ranger Wildtrak 2.0L 4x4 AT - 2022","Ford","cũ","2022","695","TP HCM","lắp ráp trong nước","cam","dầu","2","tự động","5","16000","https://bonbanh.com/oto/generic"
"6951198","Honda CRV L - 2018","Honda","cũ","2018","635","Hà Nội","nhập khẩu","trắng","xăng","1.5","tự động","7",,"https://bonbanh.com/oto/generic"
"6951194","Hyundai Custin Đặc Biệt 1.5T - 2024","Hyundai","cũ","2024","779","Hà Nội","lắp ráp trong nước","trắng","xăng","1.5","tự động","7","32000","https://bonbanh.com/oto/generic"
"6951187","Toyota Corolla altis 1.8V - 2022","Toyota","cũ","2022","655","Hà Nội","nhập khẩu","đen","xăng","1.8","tự động","5","38000","https://bonbanh.com/oto/generic"
"6951175","VinFast VF8 Plus AWD - 2023","VinFast","cũ","2023","660","Hà Nội","lắp ráp trong nước","đen","điện",,"tự động","5","60000","https://bonbanh.com/oto/generic"
"6951162","Hyundai i10 Grand 1.2 MT - 2020","Hyundai","cũ","2020","215","Hà Nội","lắp ráp trong nước","đỏ","xăng","1.2","tay","5","89000","https://bonbanh.com/oto/generic"
"6951123","Toyota Raize G 1.0 CVT - 2023","Toyota","cũ","2023","300","Hà Nội","nhập khẩu","xanh","xăng","1","tự động","5",,"https://bonbanh.com/oto/generic"
"6951105","Honda HRV L - 2019","Honda","cũ","2019","479","Hà Nội","nhập khẩu","cam","xăng","1.8","tự động","5","60000","https://bonbanh.com/oto/generic"
"6951097","Volkswagen Viloran Luxury - 2024","Volkswagen","cũ","2024","1999","Hà Nội","nhập khẩu","trắng","xăng","2","tự động","7","33000","https://bonbanh.com/oto/generic"
"6951079","Isuzu MU-X B7 1.9 4X2 MT - 2025","Isuzu","mới","2025","880","TP HCM","nhập khẩu","bạc","dầu","1.9","tay","7",,"https://bonbanh.com/oto/generic"
"6951044","Toyota Land Cruiser VX 4.6 V8 - 2011","Toyota","cũ","2011","1460","Hà Nội","nhập khẩu","đen","xăng","4.6","tự động","8","120000","https://bonbanh.com/oto/generic"
"6951040","Honda CRV e:HEV RS - 2026","Honda","cũ","2026","1265","Hà Nội","lắp ráp trong nước","trắng","hybrid","2","tự động","5","10000","https://bonbanh.com/oto/generic"
"6951039","Ford Everest Titanium 2.0L 4x2 AT - 2020","Ford","cũ","2020","820","TP HCM","nhập khẩu","đen","dầu","2","tự động","7","73105","https://bonbanh.com/oto/generic"
"6951033","Honda City RS 1.5 AT - 2026","Honda","cũ","2026","535","Hà Nội","lắp ráp trong nước","trắng","xăng","1.5","tự động","5","4000","https://bonbanh.com/oto/generic"
"6951029","Ford Ranger Wildtrak 2.0L 4x4 AT - 2025","Ford","cũ","2025","860","TP HCM","lắp ráp trong nước","đen","dầu","2","tự động","5","9100","https://bonbanh.com/oto/generic"
"6950924","Mercedes Benz E class E250 - 2016","Mercedes","cũ","2016","789","Hà Nội","lắp ráp trong nước","trắng","xăng","2","tự động","5",,"https://bonbanh.com/oto/generic"
"6950923","Mercedes Benz GLC 300 4Matic - 2017","Mercedes","cũ","2017","865","Hà Nội","lắp ráp trong nước","trắng","xăng","2","tự động","5","80000","https://bonbanh.com/oto/generic"
"6950922","Mercedes Benz GLC 200 - 2018","Mercedes","cũ","2018","839","Hà Nội","lắp ráp trong nước","trắng","xăng","2","tự động","5","64000","https://bonbanh.com/oto/generic"
"6950921","Mercedes Benz C class C200 Avantgarde - 2022","Mercedes","cũ","2022","1190","Hà Nội","lắp ráp trong nước","trắng","xăng","1.5","tự động","5","20800","https://bonbanh.com/oto/generic"
"6950739","Mitsubishi Jolie MB - 2003","Mitsubishi","cũ","2003","48","Hà Nội","lắp ráp trong nước","xanh","xăng","2","tay","8","250000","https://bonbanh.com/oto/generic"
"6950663","Mercedes Benz GLC 300 4Matic - 2021","Mercedes","cũ","2021","1379","TP HCM","lắp ráp trong nước","đen","xăng","2","tự động","5","50000","https://bonbanh.com/oto/generic"
"6950607","Mercedes Benz GLC 200 4Matic - 2021","Mercedes","cũ","2021","1179","Hà Nội","lắp ráp trong nước","đen","xăng","2","tự động","5","63000","https://bonbanh.com/oto/generic"
"6950576","Ford Ranger Wildtrak 2.0L 4x4 AT - 2020","Ford","cũ","2020","565","Hà Nội","nhập khẩu","trắng","dầu","2","tự động","5","100000","https://bonbanh.com/oto/generic"
"6950523","Hyundai SantaFe Cao cấp 2.5L HTRAC - 2022","Hyundai","cũ","2022","968","Hà Nội","lắp ráp trong nước","đen","xăng","2.5","tự động","7","48000","https://bonbanh.com/oto/generic"
"6950484","Toyota Yaris 1.5G - 2017","Toyota","cũ","2017","355","TP HCM","nhập khẩu","trắng","xăng","1.5","tự động","5","65000","https://bonbanh.com/oto/generic"
"6950481","Mitsubishi Xpander Cross 1.5 AT - 2022","Mitsubishi","cũ","2022","460","Hà Nội","nhập khẩu","trắng","xăng","1.5","tự động","7","69000","https://bonbanh.com/oto/generic"
"6950455","Ford Everest 2.5L 4x4 MT - 2010","Ford","cũ","2010","225","Lâm Đồng","lắp ráp trong nước","đen","dầu","2.5","tay","7",,"https://bonbanh.com/oto/generic"
"6950442","Ford Ranger Wildtrak 2.0L 4x4 AT - 2020","Ford","cũ","2020","599","Đồng Nai","nhập khẩu","cam","dầu","2","tự động","5","70000","https://bonbanh.com/oto/generic"
"6950411","Ford Ranger XLS 2.0L 4x2 AT - 2023","Ford","cũ","2023","595","Đồng Nai","lắp ráp trong nước","trắng","dầu","2","tự động","5","48000","https://bonbanh.com/oto/generic"
"6950348","Kia Cerato 1.6 AT Luxury - 2019","Kia","cũ","2019","410","Vĩnh Phúc","lắp ráp trong nước","đỏ","xăng","1.6","tự động","5","80000","https://bonbanh.com/oto/generic"
"6950332","Toyota Vios E CVT - 2022","Toyota","cũ","2022","335","Hải Dương","lắp ráp trong nước","trắng","xăng","1.5","tự động","5",,"https://bonbanh.com/oto/generic"
"6950283","Mazda 2 Sport Luxury - 2021","Mazda","cũ","2021","350","Đà Nẵng","nhập khẩu","xanh","xăng","1.5","tự động","5","78000","https://bonbanh.com/oto/generic"
"6950280","Mitsubishi Xforce Ultimate - 2025","Mitsubishi","cũ","2025","615","Đà Nẵng","nhập khẩu","trắng","xăng","1.5","tự động","5","19000","https://bonbanh.com/oto/generic"
"6950278","Honda Civic RS 1.5 AT - 2026","Honda","mới","2026","805","Hải Phòng","nhập khẩu","đen","xăng","1.5","tự động","5",,"https://bonbanh.com/oto/generic"
"6950272","BMW 3 Series 330i M Sport - 2026","BMW","mới","2026","1996","TP HCM","lắp ráp trong nước","trắng","xăng","2","tự động","5",,"https://bonbanh.com/oto/generic"
"6950271","Honda HRV G - 2025","Honda","cũ","2025","630","Đà Nẵng","nhập khẩu","đỏ","xăng","1.5","tự động","5","9000","https://bonbanh.com/oto/generic"
"6950260","Nissan X trail 2.0 SL 2WD - 2016","Nissan","cũ","2016","395","Hà Nội","lắp ráp trong nước","đen","xăng","2","tự động","7","91000","https://bonbanh.com/oto/generic"
"6950255","Kia Sedona 2.2L DATH - 2017","Kia","cũ","2017","499","Hà Nội","lắp ráp trong nước","nâu","dầu","2.2","tự động","7","168000","https://bonbanh.com/oto/generic"
"6950239","Kia Carnival Signature 2.2D - 2023","Kia","cũ","2023","1070","TP HCM","lắp ráp trong nước","đen","dầu","2.2","tự động","7","70000","https://bonbanh.com/oto/generic"
"6950229","Toyota Innova Cross 2.0 CVT - 2024","Toyota","cũ","2024","785","Tây Ninh","nhập khẩu","trắng","xăng","2","tự động","8","42821","https://bonbanh.com/oto/generic"
"6950165","Toyota Wigo G 1.2 AT - 2025","Toyota","cũ","2025","399","TP HCM","nhập khẩu","trắng","xăng","1.2","tự động","5","11000","https://bonbanh.com/oto/generic"
"6950152","Toyota Innova Cross 2.0 CVT - 2024","Toyota","cũ","2024","795","TP HCM","nhập khẩu","nâu","xăng","2","tự động","8","51302","https://bonbanh.com/oto/generic"
"6950148","Toyota Wigo G 1.2 AT - 2025","Toyota","cũ","2025","400","TP HCM","nhập khẩu","trắng","xăng","1.2","tự động","5","11603","https://bonbanh.com/oto/generic"
"6950145","Mercedes Benz GLC 300 4Matic - 2025","Mercedes","cũ","2025","2266","TP HCM","lắp ráp trong nước","xám","hybrid","2","tự động","5","8333","https://bonbanh.com/oto/generic"
"6950131","Hyundai Accent 1.4 MT - 2020","Hyundai","cũ","2020","306","Bình Dương","lắp ráp trong nước","đỏ","xăng","1.4","tay","5","56000","https://bonbanh.com/oto/generic"
"6950120","Mercedes Benz E class E300 AMG - 2024","Mercedes","cũ","2024","1888","TP HCM","lắp ráp trong nước","đỏ","xăng","2","tự động","5","7500","https://bonbanh.com/oto/generic"
"6950047","Toyota Fortuner 2.5G - 2016","Toyota","cũ","2016","465","Đăk Lăk","lắp ráp trong nước","bạc","dầu","2.5","tay","7",,"https://bonbanh.com/oto/generic"
"6949997","Hyundai Accent 1.5 AT - 2024","Hyundai","cũ","2024","429","Hà Nội","lắp ráp trong nước","đỏ","xăng","1.5","tự động","5","27000","https://bonbanh.com/oto/generic"
"6949906","Toyota Land Cruiser 3.5 V6 - 2023","Toyota","cũ","2023","4650","Hà Nội","nhập khẩu","đen","xăng","3.4","tự động","7","62000","https://bonbanh.com/oto/generic"
"6949898","Kia Soluto 1.4 AT Deluxe - 2019","Kia","cũ","2019","280","Đăk Lăk","lắp ráp trong nước","xanh","xăng","1.4","tự động","5","71000","https://bonbanh.com/oto/generic"
"6949876","Ford Laser GHIA 1.8 AT - 2004","Ford","cũ","2004","125","Cần Thơ","lắp ráp trong nước","đen","xăng","1.8","tự động","5",,"https://bonbanh.com/oto/generic"
"6949869","Toyota Vios 1.5E MT - 2019","Toyota","cũ","2019","275","Cần Thơ","lắp ráp trong nước","cát","xăng","1.5","tay","5",,"https://bonbanh.com/oto/generic"
"6949863","Ford Ranger XLS 2.0L 4x2 AT - 2022","Ford","cũ","2022","545","Hà Nội","lắp ráp trong nước","đen","dầu","2","tự động","5","23000","https://bonbanh.com/oto/generic"
"6949862","Toyota Vios 1.5E MT - 2018","Toyota","cũ","2018","265","Cần Thơ","lắp ráp trong nước","bạc","xăng","1.5","tay","5",,"https://bonbanh.com/oto/generic"
"6949855","Mitsubishi Triton 4x4 MT Mivec - 2019","Mitsubishi","cũ","2019","455","Hà Nội","nhập khẩu","bạc","dầu","2.4","tay","5","120000","https://bonbanh.com/oto/generic"
"6949844","Mitsubishi Triton GLX 2WD AT - 2026","Mitsubishi","cũ","2026","585","Hà Nội","nhập khẩu","trắng","dầu","2.4","tự động","5","14000","https://bonbanh.com/oto/generic"
"6949843","Kia Cerato 1.6 AT Luxury - 2019","Kia","cũ","2019","385","Bình Dương","lắp ráp trong nước","đỏ","xăng","1.6","tự động","5","86000","https://bonbanh.com/oto/generic"
"6949794","Toyota Vios 1.5G - 2020","Toyota","cũ","2020","379","Hải Phòng","lắp ráp trong nước","trắng","xăng","1.5","tự động","5","50000","https://bonbanh.com/oto/generic"
"6949766","Hyundai SantaFe Cao cấp 2.5L HTRAC - 2022","Hyundai","cũ","2022","945","Hà Nội","lắp ráp trong nước","đen","xăng","2.5","tự động","7","59000","https://bonbanh.com/oto/generic"
"6949704","Kia Sorento DATH - 2017","Kia","cũ","2017","455","Hà Nội","lắp ráp trong nước","đen","dầu","2.2","tự động","7","90000","https://bonbanh.com/oto/generic"
"6949628","Lexus LM 350 - 2021","Lexus","cũ","2021","3990","Hà Nội","nhập khẩu","đen","xăng","3.5","tự động","4","97000","https://bonbanh.com/oto/generic"
"6949627","Ford Ranger XLS 2.0L 4x2 AT - 2024","Ford","cũ","2024","599","Quảng Ninh","lắp ráp trong nước","xám","dầu","2","tự động","5","41000","https://bonbanh.com/oto/generic"
"6949587","Daewoo Gentra SX 1.5 MT - 2009","Daewoo","cũ","2009","74","Lâm Đồng","lắp ráp trong nước","đen","xăng","1.5","tay","5",,"https://bonbanh.com/oto/generic"
"6949573","Ford Ranger Wildtrak 3.2L 4x4 AT - 2016","Ford","cũ","2016","455","Thái Nguyên","nhập khẩu","cam","dầu","3.2","tự động","5","110688","https://bonbanh.com/oto/generic"
"6949548","Ford Everest Titanium 2.0L 4x2 AT - 2018","Ford","cũ","2018","666","Hà Nội","nhập khẩu","đen","dầu","2","tự động","7","120000","https://bonbanh.com/oto/generic"
"6949541","Lexus LX 570 - 2010","Lexus","cũ","2010","1460","Hà Nội","nhập khẩu","trắng","xăng","5.7","tự động","7","241000","https://bonbanh.com/oto/generic"
"6949529","VinFast VF7 Plus - 2026","VinFast","mới","2026","809","TP HCM","lắp ráp trong nước","trắng","điện",,"tự động","5",,"https://bonbanh.com/oto/generic"
"6949525","VinFast EC Van Nâng Cao - 2026","VinFast","mới","2026","279","TP HCM","lắp ráp trong nước","đỏ","điện",,"tự động","2",,"https://bonbanh.com/oto/generic"
"6949517","Mitsubishi Xpander Premium 1.5 AT - 2023","Mitsubishi","cũ","2023","495","Bình Dương","nhập khẩu","trắng","xăng","1.5","tự động","7",,"https://bonbanh.com/oto/generic"
"6949502","Toyota Fortuner 2.4G 4x2 MT - 2017","Toyota","cũ","2017","560","Đồng Nai","nhập khẩu","bạc","dầu","2.4","tay","7","113000","https://bonbanh.com/oto/generic"
"6949413","Nissan Kicks e-Power V - 2022","Nissan","cũ","2022","499","Hà Nội","nhập khẩu","trắng","hybrid","1.2","tự động","5","45000","https://bonbanh.com/oto/generic"
"6949340","Toyota Land Cruiser 3.5 V6 - 2023","Toyota","cũ","2023","4388","Hà Nội","nhập khẩu","trắng","xăng","3.4","tự động","7","13068","https://bonbanh.com/oto/generic"
"6949336","Lexus RX 300 - 2021","Lexus","cũ","2021","2599","Hà Nội","nhập khẩu","trắng","xăng","2","tự động","5","30000","https://bonbanh.com/oto/generic"
"6949329","Honda CRV G - 2018","Honda","cũ","2018","610","Hải Dương","nhập khẩu","trắng","xăng","1.5","tự động","7","123933","https://bonbanh.com/oto/generic"
"6949077","Lexus RX 300 - 2021","Lexus","cũ","2021","2480","Hà Nội","nhập khẩu","trắng","xăng","2","tự động","5","62000","https://bonbanh.com/oto/generic"
"6949057","Mazda CX5 2.0 AT AWD - 2015","Mazda","cũ","2015","389","Hà Nội","lắp ráp trong nước","trắng","xăng","2","tự động","5","160000","https://bonbanh.com/oto/mazda"
"6948953","VinFast VF5 Plus - 2024","VinFast","cũ","2024","368","TP HCM","lắp ráp trong nước","trắng","điện",,"tự động","5","72000","https://bonbanh.com/oto/generic"
"6948942","Porsche Macan 2.0 - 2021","Porsche","cũ","2021","2599","TP HCM","nhập khẩu","trắng","xăng","2","tự động","5","26888","https://bonbanh.com/oto/generic"
"6948931","Hyundai Tucson 1.6 AT Turbo HTRAC Đặc biệt - 2025","Hyundai","cũ","2025","896","Hà Nội","lắp ráp trong nước","trắng","xăng","1.6","tự động","5","29000","https://bonbanh.com/oto/generic"
"6948883","Toyota Innova Cross 2.0G CVT - 2026","Toyota","mới","2026","730","TP HCM","nhập khẩu","trắng","xăng","2","tự động","8",,"https://bonbanh.com/oto/generic"
"6948856","Jaguar XF 2.0 AT - 2014","Jaguar","cũ","2014","539","TP HCM","nhập khẩu","đen","xăng","2","tự động","5",,"https://bonbanh.com/oto/generic"
"6948821","Toyota Fortuner 2.4G 4x2 AT Legender - 2020","Toyota","cũ","2020","850","TP HCM","lắp ráp trong nước","trắng","dầu","2.4","tự động","7","78000","https://bonbanh.com/oto/generic"
"6948804","Kia Morning MT - 2016","Kia","cũ","2016","159","Bình Dương","lắp ráp trong nước","bạc","xăng","1.25","tay","5",,"https://bonbanh.com/oto/generic"
"6948801","Toyota Innova Cross HEV 2.0 CVT - 2025","Toyota","cũ","2025","965","Hà Nội","nhập khẩu","trắng","hybrid","2","tự động","7","15000","https://bonbanh.com/oto/generic"
"6948794","Toyota Veloz Cross Top 1.5 CVT - 2026","Toyota","cũ","2026","599","Hà Nội","lắp ráp trong nước","trắng","xăng","1.5","tự động","7","6000","https://bonbanh.com/oto/generic"
"6948785","VinFast Limo Green AT - 2025","VinFast","cũ","2025","636","Hà Nội","lắp ráp trong nước","trắng","điện",,"tự động","7","39000","https://bonbanh.com/oto/generic"
"6948761","Kia Rio 1.4 AT - 2014","Kia","cũ","2014","245","Đồng Nai","nhập khẩu","nâu","xăng","1.4","tự động","5",,"https://bonbanh.com/oto/generic"
"6948753","Kia Seltos Deluxe 1.4 AT - 2021","Kia","cũ","2021","460","Tây Ninh","lắp ráp trong nước","đỏ","xăng","1.4","tự động","5","33000","https://bonbanh.com/oto/generic"
"6948741","Mercedes Benz C class C300 AMG - 2021","Mercedes","cũ","2021","1039","TP HCM","lắp ráp trong nước","trắng","xăng","2","tự động","5","53000","https://bonbanh.com/oto/generic"
"6948732","Honda City L 1.5 AT - 2021","Honda","cũ","2021","359","Đồng Nai","lắp ráp trong nước","trắng","xăng","1.5","tự động","5",,"https://bonbanh.com/oto/generic"
"6948727","Kia Sportage Signature 2.0G - 2023","Kia","cũ","2023","810","Hải Phòng","lắp ráp trong nước","đen","xăng","2","tự động","5","38000","https://bonbanh.com/oto/generic"
"6948722","Kia Morning MT - 2012","Kia","cũ","2012","120","Đồng Nai","lắp ráp trong nước","trắng","xăng","1.25","tay","5",,"https://bonbanh.com/oto/generic"
"6948714","Toyota Innova G - 2008","Toyota","cũ","2008","165","Đồng Nai","lắp ráp trong nước","bạc","xăng","2","tay","8",,"https://bonbanh.com/oto/generic"
"6948698","Toyota Vios G 1.5 CVT - 2023","Toyota","cũ","2023","430","Bắc Ninh","lắp ráp trong nước","trắng","xăng","1.5","tự động","5","52000","https://bonbanh.com/oto/generic"
"6948669","Toyota Fortuner 2.7V 4x2 AT - 2017","Toyota","cũ","2017","590","Hà Nội","nhập khẩu","trắng","xăng","2.7","tự động","7","95000","https://bonbanh.com/oto/generic"
"6948621","Toyota Corolla Cross 1.8V - 2024","Toyota","cũ","2024","770","Đăk Lăk","nhập khẩu","trắng","xăng","1.8","tự động","5","6000","https://bonbanh.com/oto/generic"
"6948610","Ford Ranger Wildtrak 3.2L 4x4 AT - 2017","Ford","cũ","2017","555","Bình Phước","nhập khẩu","bạc","dầu","3.2","tự động","5","83000","https://bonbanh.com/oto/generic"
"6948592","Ford Ranger Limited 2.0L 4x4 AT - 2021","Ford","cũ","2021","570","Bình Phước","nhập khẩu","đen","dầu","2","tự động","5","82000","https://bonbanh.com/oto/generic"
"6948583","Toyota Wigo 1.2 AT - 2021","Toyota","cũ","2021","293","Hà Nội","nhập khẩu","đỏ","xăng","1.2","tự động","5","49000","https://bonbanh.com/oto/generic"
"6948581","Mazda BT50 2.2L 4x2 AT - 2016","Mazda","cũ","2016","350","Bình Phước","nhập khẩu","nâu","dầu","2.2","tự động","5","100000","https://bonbanh.com/oto/generic"
"6948546","Toyota Veloz Cross 1.5 CVT - 2024","Toyota","cũ","2024","510","Đăk Lăk","lắp ráp trong nước","bạc","xăng","1.5","tự động","7","19700","https://bonbanh.com/oto/generic"
"6948542","LandRover Range Rover SVAutobiography LWB 3.0 I6 P400 - 2020","LandRover","cũ","2020","5900","Hà Nội","nhập khẩu","xám","hybrid","3","tự động","4","40000","https://bonbanh.com/oto/generic"
"6948541","Toyota Vios E 1.5 MT - 2026","Toyota","mới","2026","409","TP HCM","lắp ráp trong nước","bạc","xăng","1.5","tay","5",,"https://bonbanh.com/oto/generic"
"6948514","Mitsubishi Xforce Ultimate - 2025","Mitsubishi","cũ","2025","638","TP HCM","nhập khẩu","trắng","xăng","1.5","tự động","5","19000","https://bonbanh.com/oto/generic"
"6948464","Mercedes Benz E class E300 AMG - 2022","Mercedes","cũ","2022","1750","TP HCM","lắp ráp trong nước","trắng","xăng","2","tự động","5","26000","https://bonbanh.com/oto/generic"
"6948407","Toyota Corolla Cross 1.8V - 2022","Toyota","cũ","2022","660","TP HCM","nhập khẩu","đen","xăng","1.8","tự động","5","50000","https://bonbanh.com/oto/generic"
"6948369","Mercedes Benz C class C43 AMG 4Matic - 2023","Mercedes","cũ","2023","2139","TP HCM","lắp ráp trong nước","xám","xăng","2","tự động","5","2500","https://bonbanh.com/oto/generic"
"6948357","Kia Rondo GMT - 2022","Kia","cũ","2022","385","Hà Nội","lắp ráp trong nước","trắng","xăng","2","tay","7","20000","https://bonbanh.com/oto/generic"
"6948337","Toyota Camry SE 2.5 - 2010","Toyota","cũ","2010","438","TP HCM","nhập khẩu","đen","xăng","2.5","tự động","5",,"https://bonbanh.com/oto/generic"
"6948279","Mercedes Benz S class S450L Luxury - 2019","Mercedes","cũ","2019","1890","Hà Nội","lắp ráp trong nước","đen","xăng","3","tự động","5","80000","https://bonbanh.com/oto/generic"
"6948274","Mercedes Benz GLC 200 - 2022","Mercedes","cũ","2022","1239","TP HCM","lắp ráp trong nước","trắng","xăng","2","tự động","5","46000","https://bonbanh.com/oto/generic"
"6948267","Peugeot 2008 Active 1.2 AT - 2022","Peugeot","cũ","2022","509","Hải Phòng","lắp ráp trong nước","đỏ","xăng","1.2","tự động","5","42000","https://bonbanh.com/oto/generic"
"6948264","Lexus RX 350 - 2017","Lexus","cũ","2017","1880","TP HCM","nhập khẩu","đen","xăng","3.5","tự động","5",,"https://bonbanh.com/oto/generic"
"6948262","Toyota Fortuner 2.7V 4X2 AT - 2016","Toyota","cũ","2016","430","Hà Nội","lắp ráp trong nước","xám","xăng","2.7","tự động","7","13","https://bonbanh.com/oto/generic"
"6948252","Mercedes Benz C class C200 Avantgarde - 2025","Mercedes","cũ","2025","1379","TP HCM","lắp ráp trong nước","trắng","xăng","1.5","tự động","5","4800","https://bonbanh.com/oto/generic"
"6948247","Hyundai Tucson 2.0 AT CRDi Đặc biệt - 2023","Hyundai","cũ","2023","790","TP HCM","lắp ráp trong nước","trắng","dầu","2","tự động","5","40000","https://bonbanh.com/oto/generic"
"6948243","Toyota Vios G 1.5 CVT - 2026","Toyota","mới","2026","485","TP HCM","lắp ráp trong nước","trắng","xăng","1.5","tự động","5",,"https://bonbanh.com/oto/generic"
"6948170","Nissan Navara XE 2.5AT 4WD - 2014","Nissan","cũ","2014","275","Hà Nội","nhập khẩu","bạc","dầu","2.5","tự động","5","220000","https://bonbanh.com/oto/generic"
"6948164","Toyota Raize G 1.0 CVT - 2023","Toyota","cũ","2023","442","TP HCM","nhập khẩu","trắng","xăng","1","tự động","5","46000","https://bonbanh.com/oto/generic"
"6948139","Volkswagen Viloran Luxury - 2026","Volkswagen","mới","2026","2288","Hải Phòng","nhập khẩu","trắng","xăng","2","tự động","7",,"https://bonbanh.com/oto/generic"
"6948132","Mitsubishi Outlander 2.0 CVT - 2022","Mitsubishi","cũ","2022","639","Hà Nội","lắp ráp trong nước","đen","xăng","2","tự động","7","35000","https://bonbanh.com/oto/generic"
"6948073","Kia Soluto 1.4 MT - 2019","Kia","cũ","2019","245","Bình Dương","lắp ráp trong nước","trắng","xăng","1.4","tay","5",,"https://bonbanh.com/oto/generic"
"6948063","Kia Sonet Deluxe 1.5 AT - 2024","Kia","cũ","2024","455","Hà Nội","lắp ráp trong nước","đỏ","xăng","1.5","tự động","5","20000","https://bonbanh.com/oto/generic"
"6948034","Kia Carnival Signature 1.6 Turbo HEV 7S - 2025","Kia","cũ","2025","1650","Hà Nội","lắp ráp trong nước","xanh","hybrid","1.6","tự động","7","33123","https://bonbanh.com/oto/generic"
"6948025","Hyundai Accent 1.4 AT - 2022","Hyundai","cũ","2022","375","Bình Dương","lắp ráp trong nước","đen","xăng","1.4","tự động","5",,"https://bonbanh.com/oto/generic"
"6947998","Maserati MC20 3.0 V6 AT - 2021","Maserati","mới","2021","10600","Hà Nội","nhập khẩu","trắng","xăng","3","tự động","2",,"https://bonbanh.com/oto/generic"
"6947997","Ford EcoSport Titanium 1.5L AT - 2014","Ford","cũ","2014","240","Cần Thơ","lắp ráp trong nước","xám","xăng","1.5","tự động","5",,"https://bonbanh.com/oto/generic"
"6947988","Ford Ranger XLS 2.2L 4x2 AT - 2020","Ford","cũ","2020","460","Cần Thơ","nhập khẩu","đỏ","dầu","2.2","tự động","5",,"https://bonbanh.com/oto/generic"
"6947965","Lexus RX 300 - 2021","Ford","cũ","2021","2599","Hà Nội","nhập khẩu","trắng","xăng","2","tự động","5","32000","https://bonbanh.com/oto/ford"
"6947946","Mercedes Benz C class C200 Exclusive - 2021","Mercedes","cũ","2021","899","Hà Nội","lắp ráp trong nước","trắng","xăng","2","tự động","5","49000","https://bonbanh.com/oto/generic"
"6947910","VinFast VF6 Eco - 2026","VinFast","mới","2026","554","Hà Nội","lắp ráp trong nước","trắng","điện",,"tự động","5",,"https://bonbanh.com/oto/generic"
"6947899","VinFast VF MPV 7 AT - 2026","VinFast","mới","2026","635","Hà Nội","lắp ráp trong nước","xám","điện",,"tự động","7",,"https://bonbanh.com/oto/generic"
"6947783","Lexus GX 470 - 2009","Mitsubishi","cũ","2009","770","Hà Nội","nhập khẩu","đen","xăng","4.7","tự động","7","137000","https://bonbanh.com/oto/mitsubishi"
"6947766","Mitsubishi Xpander Cross 1.5 AT - 2026","Mitsubishi","cũ","2026","575","Thái Bình","nhập khẩu","trắng","xăng","1.5","tự động","7","18000","https://bonbanh.com/oto/generic"
"6947669","Ford Territory Platinum 1.5 AT - 2026","Ford","mới","2026","840","TP HCM","lắp ráp trong nước","trắng","xăng","1.5","tự động","5",,"https://bonbanh.com/oto/generic"
"6947646","Honda CRV 2.4 AT - TG - 2016","Honda","cũ","2016","439","Hà Nội","lắp ráp trong nước","đen","xăng","2.4","tự động","5","110000","https://bonbanh.com/oto/generic"
"6947605","Toyota Camry LE 2.4 - 2008","Toyota","cũ","2008","288","Hà Nội","nhập khẩu","đen","xăng","2.4","tự động","5","160000","https://bonbanh.com/oto/generic"
"6947500","Toyota Corolla Cross 1.8V - 2021","Toyota","cũ","2021","599","Hà Nội","nhập khẩu","xanh","xăng","1.8","tự động","5","60000","https://bonbanh.com/oto/generic"
"6947491","Toyota Veloz Cross Top 1.5 CVT - 2026","Toyota","mới","2026","560","TP HCM","lắp ráp trong nước","trắng","xăng","1.5","tự động","7",,"https://bonbanh.com/oto/toyota"
"6947412","Porsche Macan 2.0 - 2021","Porsche","cũ","2021","2639","Hà Nội","nhập khẩu","trắng","xăng","2","tự động","5","27000","https://bonbanh.com/oto/generic"
"6947292","Hyundai SantaFe Cao cấp 2.5L HTRAC - 2024","Hyundai","cũ","2024","1095","Hà Nội","lắp ráp trong nước","trắng","xăng","2.5","tự động","7","38000","https://bonbanh.com/oto/generic"
"6947290","Isuzu QKR - 2017","Isuzu","cũ","2017","185","Hưng Yên","lắp ráp trong nước","vàng","dầu",,"tay","2",,"https://bonbanh.com/oto/generic"
"6947280","Skoda Slavia Style - 2025","Skoda","cũ","2025","479","Hà Nội","lắp ráp trong nước","trắng","xăng","1","tự động","5","10000","https://bonbanh.com/oto/generic"
"6947270","Ford Everest Titanium 2.0L 4x2 AT - 2019","Ford","cũ","2019","660","Hà Nội","nhập khẩu","trắng","dầu","2","tự động","7",,"https://bonbanh.com/oto/ford"
"6947231","Porsche Panamera 2.9 V6 - 2021","Porsche","cũ","2021","4178","TP HCM","nhập khẩu","đỏ","xăng","2.9","tự động","4","43900","https://bonbanh.com/oto/generic"
"6947225","Lexus RX 350h Premium - 2026","Lexus","cũ","2026","3580","Hà Nội","nhập khẩu","xanh","hybrid","2.5","tự động","5","7000","https://bonbanh.com/oto/generic"
"6947221","Hyundai Elantra 2.0 AT - 2018","Hyundai","cũ","2018","370","Cần Thơ","lắp ráp trong nước","trắng","xăng","2","tự động","5",,"https://bonbanh.com/oto/generic"
"6947159","Hyundai Stargazer Đặc biệt 1.5 AT - 2022","Hyundai","cũ","2022","398","Bình Dương","nhập khẩu","đỏ","xăng","1.5","tự động","7","27000","https://bonbanh.com/oto/generic"
"6947114","Ford Explorer Limited 2.3L EcoBoost - 2018","Ford","cũ","2018","895","TP HCM","nhập khẩu","đỏ","xăng","2.3","tự động","7","98000","https://bonbanh.com/oto/generic"
"6947106","Mercedes Benz E class E200 Exclusive - 2021","Mercedes","cũ","2021","1550","Hà Nội","lắp ráp trong nước","đen","xăng","2","tự động","5","23000","https://bonbanh.com/oto/generic"
"6947068","Hyundai Tucson 2.0 AT 4WD - 2011","Hyundai","cũ","2011","315","Hà Nội","nhập khẩu","nâu","xăng","2","tự động","5",,"https://bonbanh.com/oto/generic"
"6947062","Mitsubishi Xpander 1.5 MT - 2021","Mitsubishi","cũ","2021","395","Gia Lai","nhập khẩu","trắng","xăng","1.5","tay","7","70000","https://bonbanh.com/oto/generic"
"6947036","Mitsubishi Xpander 1.5 AT - 2020","Mitsubishi","cũ","2020","379","TP HCM","nhập khẩu","trắng","xăng","1.5","tự động","7",,"https://bonbanh.com/oto/generic"
"6947035","Hyundai Accent 1.4 MT - 2023","Hyundai","cũ","2023","335","TP HCM","lắp ráp trong nước","trắng","xăng","1.4","tay","5",,"https://bonbanh.com/oto/generic"
"6947011","Toyota Prado VX 2.7L - 2018","Toyota","cũ","2018","1710","Hà Nội","nhập khẩu","đen","xăng","2.7","tự động","7","70000","https://bonbanh.com/oto/generic"
"6947006","Subaru Forester 2.0i-S EyeSight - 2023","Subaru","cũ","2023","745","Hà Nội","nhập khẩu","nâu","xăng","2","tự động","5","27000","https://bonbanh.com/oto/generic"
"6946996","Mazda 3 1.5L Luxury - 2025","Mazda","cũ","2025","600","Vĩnh Phúc","lắp ráp trong nước","đỏ","xăng","1.5","tự động","5","6000","https://bonbanh.com/oto/generic"
"6946991","Hyundai SantaFe Cao cấp 2.2L HTRAC - 2021","Hyundai","cũ","2021","875","Vĩnh Phúc","lắp ráp trong nước","đỏ","dầu","2.2","tự động","7","95000","https://bonbanh.com/oto/generic"
"6946973","Hyundai Creta Tiêu chuẩn 1.5 AT - 2023","Hyundai","cũ","2023","505","Đà Nẵng","nhập khẩu","đỏ","xăng","1.5","tự động","5","28000","https://bonbanh.com/oto/generic"
"6946956","VinFast VF7 Eco - 2026","VinFast","mới","2026","709","Hà Nội","lắp ráp trong nước","trắng","điện",,"tự động","5",,"https://bonbanh.com/oto/generic"
"6946953","VinFast VF7 Plus AWD - 2026","VinFast","mới","2026","845","Hà Nội","lắp ráp trong nước","trắng","điện",,"tự động","5",,"https://bonbanh.com/oto/generic"
"6946943","VinFast VF7 Eco - 2025","VinFast","cũ","2025","639","TP HCM","lắp ráp trong nước","đen","điện",,"tự động","5","21000","https://bonbanh.com/oto/generic"
"6946919","Mazda CX8 Premium - 2022","Mazda","cũ","2022","825","Hà Nội","lắp ráp trong nước","xanh","xăng","2.5","tự động","7","53000","https://bonbanh.com/oto/generic"
"6946892","Lexus LX 570 - 2021","Lexus","cũ","2021","6200","TP HCM","nhập khẩu","trắng","xăng","5.7","tự động","7",,"https://bonbanh.com/oto/generic"
"6946854","Lexus RX 350 F Sport - 2021","Lexus","cũ","2021","2999","TP HCM","nhập khẩu","xám","xăng","3.5","tự động","5","58200","https://bonbanh.com/oto/generic"
"6946833","BMW X1 sDrive20i Xline - 2026","BMW","mới","2026","1668","Hà Nội","nhập khẩu","đen","xăng","2","tự động","5",,"https://bonbanh.com/oto/generic"
"6946735","Lexus LX 570 Super Sport - 2019","Lexus","cũ","2019","5999","Hà Nội","nhập khẩu","trắng","xăng","5.7","tự động","7","103000","https://bonbanh.com/oto/generic"
"6946688","Hyundai i10 1.2 AT - 2011","Hyundai","cũ","2011","158","TP HCM","nhập khẩu","đỏ","xăng","1.25","tự động","5","85000","https://bonbanh.com/oto/generic"
"6946685","LandRover Range Rover Autobiography LWB 3.0 I6 P400 - 2020","LandRover","cũ","2020","4999","Hà Nội","nhập khẩu","đen","hybrid","3","tự động","5","83000","https://bonbanh.com/oto/generic"
"6946671","Ford Ranger Raptor 2.0L 4x4 AT - 2024","Ford","cũ","2024","1085","TP HCM","nhập khẩu","ghi","dầu","2","tự động","5","46700","https://bonbanh.com/oto/generic"
"6946659","VinFast VF5 Plus - 2025","VinFast","cũ","2025","388","Hà Nội","lắp ráp trong nước","trắng","điện",,"tự động","5","17000","https://bonbanh.com/oto/generic"
"6946638","Mazda CX5 Premium 2.0 AT - 2023","Mazda","cũ","2023","725","TP HCM","lắp ráp trong nước","xanh","xăng","2","tự động","5","17000","https://bonbanh.com/oto/mazda"
"6946632","Kia Sedona 3.3 GAT Signature - 2020","Kia","cũ","2020","605","TP HCM","lắp ráp trong nước","đỏ","xăng","3.3","tự động","7","45000","https://bonbanh.com/oto/generic"
"6946620","Mazda CX5 Premium 2.0 AT - 2023","Mazda","cũ","2023","725","TP HCM","lắp ráp trong nước","xanh","xăng","2","tự động","5","17000","https://bonbanh.com/oto/generic"
"6946615","Kia Sportage Signature 1.6T AWD - 2023","Kia","cũ","2023","790","Hà Nội","lắp ráp trong nước","đỏ","xăng","1.6","tự động","5","40000","https://bonbanh.com/oto/generic"
"6946595","Peugeot 2008 GT Line 1.2 AT - 2022","Peugeot","cũ","2022","515","Hà Nội","lắp ráp trong nước","đen","xăng","1.2","tự động","5","72000","https://bonbanh.com/oto/peugeot"
"6946590","Lexus GX 460 - 2015","Lexus","cũ","2015","1750","Hà Nội","nhập khẩu","trắng","xăng","4.6","tự động","7","120000","https://bonbanh.com/oto/generic"
"6946584","Lexus RX 350 - 2019","Lexus","cũ","2019","2290","Hà Nội","nhập khẩu","đỏ","xăng","3.5","tự động","5","68000","https://bonbanh.com/oto/generic"
"6946577","Lexus RX 350 - 2015","Lexus","cũ","2015","1750","Hà Nội","nhập khẩu","đen","xăng","3.5","tự động","5","110000","https://bonbanh.com/oto/generic"
"6946572","Toyota Camry 2.5 HEV Top - 2025","Toyota","cũ","2025","1395","Hà Nội","nhập khẩu","trắng","hybrid","2.5","tự động","5","22000","https://bonbanh.com/oto/generic"
"6946567","Ford Everest Titanium Plus 2.0L 4x4 AT - 2024","Ford","cũ","2024","1275","Hà Nội","nhập khẩu","đen","dầu","2","tự động","7","33000","https://bonbanh.com/oto/generic"
"6946551","Toyota Prado VX 2.7L - 2019","Toyota","cũ","2019","1780","Hà Nội","nhập khẩu","trắng","xăng","2.7","tự động","7","80000","https://bonbanh.com/oto/generic"
"6946509","VinFast Fadil Tiêu chuẩn 1.4 AT - 2022","VinFast","cũ","2022","310","Hà Nội","lắp ráp trong nước","trắng","xăng","1.4","tự động","5","50000","https://bonbanh.com/oto/generic"
"6946497","Peugeot 2008 GT Line 1.2 AT - 2021","Peugeot","cũ","2021","535","Hà Nội","lắp ráp trong nước","trắng","xăng","1.2","tự động","5","48000","https://bonbanh.com/oto/generic"
"6946489","MG 5 Luxury 1.5 AT - 2024","MG","cũ","2024","399","Hà Nội","nhập khẩu","đỏ","xăng","1.5","tự động","5","50000","https://bonbanh.com/oto/generic"
"6946477","Toyota Fortuner 2.7V 4x2 AT - 2018","Toyota","cũ","2018","665","Hà Nội","nhập khẩu","trắng","xăng","2.7","tự động","7",,"https://bonbanh.com/oto/generic"
"6946470","Peugeot 3008 Allure - 2025","Peugeot","cũ","2025","759","TP HCM","lắp ráp trong nước","đỏ","xăng","1.6","tự động","5","6700","https://bonbanh.com/oto/generic"
"6946448","Toyota Fortuner TRD Sportivo 4x4 AT - 2016","Toyota","cũ","2016","495","Hà Nội","lắp ráp trong nước","trắng","xăng","2.7","tự động","7","80000","https://bonbanh.com/oto/generic"
"6946444","LandRover Range Rover Evoque Dynamic - 2015","LandRover","cũ","2015","630","TP HCM","nhập khẩu","trắng","xăng","2","tự động","5",,"https://bonbanh.com/oto/generic"
"6946438","Ford Ranger XLS 2.2L 4x2 AT - 2022","Ford","cũ","2022","535","TP HCM","lắp ráp trong nước","nâu","dầu","2.2","tự động","5","59000","https://bonbanh.com/oto/generic"
"6946408","Kia Optima 2.0 AT Luxury - 2020","Kia","cũ","2020","465","Hà Nội","lắp ráp trong nước","trắng","xăng","2","tự động","5","95680","https://bonbanh.com/oto/kia"
"6946403","Toyota Land Cruiser FJ 2.7L AT 4WD - 2026","Toyota","mới","2026","1210","Hà Nội","nhập khẩu","trắng","xăng","2.7","tự động","5",,"https://bonbanh.com/oto/generic"
"6946390","Mazda 3 1.5L Luxury - 2023","Mazda","cũ","2023","515","Lâm Đồng","lắp ráp trong nước","xám","xăng","1.5","tự động","5","45000","https://bonbanh.com/oto/generic"
"6946373","Toyota Wigo 1.2 AT - 2021","Toyota","cũ","2021","345","Hà Nội","nhập khẩu","hồng","xăng","1.2","tự động","5","28000","https://bonbanh.com/oto/generic"
"6946354","Mazda CX5 2.0 AT - 2017","Mazda","cũ","2017","519","TP HCM","lắp ráp trong nước","bạc","xăng","2","tự động","5",,"https://bonbanh.com/oto/generic"
"6946307","Toyota Prado LC250 2.4L - 2025","Toyota","cũ","2025","3379","Hà Nội","nhập khẩu","đen","xăng","2.4","tự động","7","39000","https://bonbanh.com/oto/generic"
"6946267","Peugeot 2008 Active 1.2 AT - 2022","Peugeot","cũ","2022","470","Hà Nội","lắp ráp trong nước","trắng","xăng","1.2","tự động","5","90488","https://bonbanh.com/oto/generic"
"6946220","Mitsubishi Xpander Cross 1.5 AT - 2025","Mitsubishi","cũ","2025","598","TP HCM","nhập khẩu","xám","xăng","1.5","tự động","7","32000","https://bonbanh.com/oto/generic"
"6946218","Mitsubishi Xpander Cross 1.5 AT - 2021","Mitsubishi","cũ","2021","485","TP HCM","nhập khẩu","trắng","xăng","1.5","tự động","7","38000","https://bonbanh.com/oto/generic"
"6946211","Lexus LX 570 - 2015","Lexus","cũ","2015","4579","TP HCM","nhập khẩu","đen","xăng","5.7","tự động","7","54800","https://bonbanh.com/oto/generic"
"6946114","Hyundai SantaFe Hybrid 1.6 HTRAC - 2024","Hyundai","cũ","2024","1215","Hà Nội","lắp ráp trong nước","đen","hybrid","1.6","tự động","7","27000","https://bonbanh.com/oto/generic"
"6945999","Hyundai SantaFe Premium 2.2L HTRAC - 2020","Hyundai","cũ","2020","735","Hà Nội","lắp ráp trong nước","đỏ","dầu","2.2","tự động","7","89000","https://bonbanh.com/oto/generic"
"6945982","Ford Ranger Raptor 2.0L 4x4 AT - 2019","Ford","cũ","2019","845","TP HCM","nhập khẩu","đen","dầu","2","tự động","5","60000","https://bonbanh.com/oto/generic"
"6945951","BMW Z4 sDrive30i M Sport - 2021","BMW","cũ","2021","1989","Hà Nội","nhập khẩu","đỏ","xăng","2","tự động","2","35000","https://bonbanh.com/oto/generic"
"6945902","Hyundai Tucson 2.0 ATH - 2019","Hyundai","cũ","2019","559","TP HCM","lắp ráp trong nước","bạc","xăng","2","tự động","5","97000","https://bonbanh.com/oto/generic"
"6945886","Ford Transit Standard MID - 2013","Ford","cũ","2013","195","Hà Nội","lắp ráp trong nước","bạc","dầu","2.4","tay","16","250000","https://bonbanh.com/oto/ford"
"6945874","Honda Civic RS 1.5 AT - 2023","Honda","cũ","2023","739","TP HCM","nhập khẩu","đen","xăng","1.5","tự động","5","60000","https://bonbanh.com/oto/generic"
"6945858","MG ZS Standard 1.5 AT 2WD - 2024","MG","cũ","2024","399","TP HCM","nhập khẩu","đỏ","xăng","1.5","tự động","5","41000","https://bonbanh.com/oto/generic"
"6945848","Nissan Almera VL 1.0 CVT Cao cấp - 2023","Nissan","cũ","2023","419","TP HCM","nhập khẩu","ghi","xăng","1","tự động","5","28000","https://bonbanh.com/oto/generic"
"6945750","Mazda CX5 2.5 Signature Premium AWD I-Activ - 2019","Mazda","cũ","2019","558","Hà Nội","lắp ráp trong nước","xanh","xăng","2.5","tự động","5","83000","https://bonbanh.com/oto/generic"
"6945681","Volvo XC60 Ultra B5 AWD - 2025","Volvo","cũ","2025","2130","Hà Nội","nhập khẩu","trắng","hybrid","2","tự động","5","5000","https://bonbanh.com/oto/generic"
"6945678","VinFast VF6 Plus - 2025","VinFast","cũ","2025","568","Hà Nội","lắp ráp trong nước","xanh","điện",,"tự động","5","62000","https://bonbanh.com/oto/generic"
"6945584","Ford Ranger XLT 2.0L 4x4 AT - 2022","Ford","cũ","2022","625","Hà Nội","lắp ráp trong nước","trắng","dầu","2","tự động","5","65000","https://bonbanh.com/oto/generic"
"6945569","Toyota Veloz Cross 1.5 CVT - 2022","Toyota","cũ","2022","438","Hà Nội","nhập khẩu","trắng","xăng","1.5","tự động","7","79000","https://bonbanh.com/oto/generic"
"6945549","Mercedes Benz GLC 200 4Matic - 2021","Mercedes","cũ","2021","1139","Hà Nội","lắp ráp trong nước","trắng","xăng","2","tự động","5","72000","https://bonbanh.com/oto/generic"
"6945530","MG 5 Standard 1.5 AT - 2025","MG","mới","2025","378","Hà Nội","nhập khẩu","trắng","xăng","1.5","tự động","5",,"https://bonbanh.com/oto/generic"
"6945527","Mitsubishi Xpander Cross 1.5 AT - 2021","Mitsubishi","cũ","2021","428","TP HCM","nhập khẩu","cam","xăng","1.5","tự động","7",,"https://bonbanh.com/oto/generic"
"6945526","Hyundai Accent 1.4 MT - 2023","Hyundai","cũ","2023","345","Bình Phước","lắp ráp trong nước","đỏ","xăng","1.4","tay","5","58000","https://bonbanh.com/oto/generic"
"6945525","MG 5 Standard 1.5 AT - 2025","MG","mới","2025","378","Hà Nội","nhập khẩu","trắng","xăng","1.5","tự động","5",,"https://bonbanh.com/oto/generic"
"6945523","MG 5 Standard 1.5 AT - 2025","MG","mới","2025","378","Hà Nội","nhập khẩu","đỏ","xăng","1.5","tự động","5",,"https://bonbanh.com/oto/generic"
"6945521","MG 5 Standard 1.5 AT - 2025","MG","mới","2025","378","Hà Nội","nhập khẩu","đỏ","xăng","1.5","tự động","5",,"https://bonbanh.com/oto/generic"
"6945517","MG 5 Standard 1.5 AT - 2025","MG","mới","2025","378","Hà Nội","nhập khẩu","đen","xăng","1.5","tự động","5",,"https://bonbanh.com/oto/generic"
"6945516","Ford Fiesta S 1.0AT Ecoboost - 2016","Ford","cũ","2016","250","Bình Phước","lắp ráp trong nước","trắng","xăng","1","tự động","5","147000","https://bonbanh.com/oto/generic"
"6945512","MG 5 Standard 1.5 AT - 2025","MG","mới","2025","378","Hà Nội","nhập khẩu","đen","xăng","1.5","tự động","5",,"https://bonbanh.com/oto/generic"
"6945505","MG HS 1.5T DEL - 2025","MG","mới","2025","480","Hà Nội","nhập khẩu","trắng","xăng","1.5","tự động","5",,"https://bonbanh.com/oto/generic"
"6945499","MG HS 1.5T LUX - 2025","MG","mới","2025","510","Hà Nội","nhập khẩu","xám","xăng","1.5","tự động","5",,"https://bonbanh.com/oto/generic"
"6945496","MG HS 1.5T LUX - 2025","MG","mới","2025","515","Hà Nội","nhập khẩu","trắng","xăng","1.5","tự động","5",,"https://bonbanh.com/oto/generic"
"6945490","Toyota Veloz Cross 1.5 CVT - 2022","Toyota","cũ","2022","435","Đăk Lăk","nhập khẩu","đỏ","xăng","1.5","tự động","7","78000","https://bonbanh.com/oto/generic"
"6945485","Ford Ranger Wildtrak 2.0L 4x4 AT - 2019","Ford","cũ","2019","515","Đăk Lăk","nhập khẩu","bạc","dầu","2","tự động","5","98000","https://bonbanh.com/oto/generic"
"6945482","Honda HRV L - 2019","Honda","cũ","2019","470","Đăk Lăk","nhập khẩu","bạc","xăng","1.8","tự động","5",,"https://bonbanh.com/oto/generic"
"6945474","Mazda 6 Luxury 2.0 AT - 2019","Mazda","cũ","2019","490","Đăk Lăk","lắp ráp trong nước","trắng","xăng","2","tự động","5",,"https://bonbanh.com/oto/generic"
"6945450","Kia Sportage Signature 2.0D - 2022","Kia","cũ","2022","739","TP HCM","lắp ráp trong nước","đen","dầu","2","tự động","5","91000","https://bonbanh.com/oto/generic"
"6945427","Toyota Veloz Cross Top 1.5 CVT - 2025","Toyota","cũ","2025","585","TP HCM","lắp ráp trong nước","trắng","xăng","1.5","tự động","7","3000","https://bonbanh.com/oto/generic"
"6945420","MG G50 1.5 MT Com - 2025","MG","mới","2025","395","Hà Nội","nhập khẩu","bạc","xăng","1.5","tay","8",,"https://bonbanh.com/oto/generic"
"6945400","Porsche Macan 2.0 - 2018","Porsche","cũ","2018","1899","Hà Nội","nhập khẩu","đen","xăng","2","tự động","5","80000","https://bonbanh.com/oto/generic"
"6945378","Toyota Innova V - 2010","Toyota","cũ","2010","248","TP HCM","lắp ráp trong nước","bạc","xăng","2","tự động","8",,"https://bonbanh.com/oto/generic"
"6945359","Hyundai i10 Grand 1.2 MT Base - 2019","Hyundai","cũ","2019","168","TP HCM","lắp ráp trong nước","trắng","xăng","1.2","tay","5",,"https://bonbanh.com/oto/generic"
"6945326","Ford Ranger XLS 2.2L 4x2 AT - 2021","Ford","cũ","2021","480","Hà Nội","nhập khẩu","đỏ","dầu","2.2","tự động","5","52000","https://bonbanh.com/oto/generic"
"6945319","Ford Ranger XLS 2.0L 4x2 AT - 2024","Ford","cũ","2024","595","Đồng Nai","lắp ráp trong nước","đỏ","dầu","2","tự động","5",,"https://bonbanh.com/oto/generic"
"6945305","Ford Ranger XLS 2.0L 4x4 AT - 2023","Ford","cũ","2023","598","Đồng Nai","lắp ráp trong nước","đen","dầu","2","tự động","5","50000","https://bonbanh.com/oto/generic"
"6945277","Toyota Prado VX 2.7L - 2019","Toyota","cũ","2019","1890","Hà Nội","nhập khẩu","trắng","xăng","2.7","tự động","7",,"https://bonbanh.com/oto/generic"
"6945274","Ford Ranger Wildtrak 3.2L 4x4 AT - 2017","Ford","cũ","2017","548","Đồng Nai","nhập khẩu","trắng","dầu","3.2","tự động","5","70000","https://bonbanh.com/oto/generic"
"6945273","Lexus LX 570 - 2019","Lexus","cũ","2019","5990","Hà Nội","nhập khẩu","đen","xăng","5.7","tự động","7","130000","https://bonbanh.com/oto/generic"
"6945253","Ford Everest Titanium 2.0L 4x2 AT - 2023","Ford","cũ","2023","1069","Hà Nội","nhập khẩu","trắng","dầu","2","tự động","7","40000","https://bonbanh.com/oto/generic"
"6945205","MG 5 Luxury 1.5 AT - 2023","MG","cũ","2023","375","Hà Nội","nhập khẩu","đen","xăng","1.5","tự động","5","18000","https://bonbanh.com/oto/generic"
"6945196","Mercedes Benz C class C200 Exclusive - 2021","Mercedes","cũ","2021","939","TP HCM","lắp ráp trong nước","trắng","xăng","2","tự động","5",,"https://bonbanh.com/oto/generic"
"6945181","Nissan X trail 2.5 SV 4WD - 2017","Nissan","cũ","2017","460","TP HCM","lắp ráp trong nước","trắng","xăng","2.5","tự động","7","40000","https://bonbanh.com/oto/generic"
"6945171","Ford Ranger XLS 2.2L 4x2 AT - 2017","Ford","cũ","2017","379","Đồng Nai","nhập khẩu","xanh","dầu","2.2","tự động","5","90000","https://bonbanh.com/oto/generic"
"6945166","Honda Civic 1.8 E - 2018","Honda","cũ","2018","459","TP HCM","nhập khẩu","trắng","xăng","1.8","tự động","5","92000","https://bonbanh.com/oto/generic"
"6945154","Ford Ranger XLS 2.2L 4x2 AT - 2017","Ford","cũ","2017","379","Đồng Nai","nhập khẩu","xanh","dầu","2.2","tự động","5","90000","https://bonbanh.com/oto/generic"
"6945153","Toyota Innova 2.0E - 2019","Toyota","cũ","2019","425","TP HCM","lắp ráp trong nước","đồng","xăng","2","tay","8","101268","https://bonbanh.com/oto/generic"
"6945103","Toyota Corolla Cross 1.8V - 2022","Toyota","cũ","2022","660","TP HCM","nhập khẩu","đen","xăng","1.8","tự động","5","44847","https://bonbanh.com/oto/generic"
"6945096","Audi Q2 1.4 TFSI - 2019","Audi","cũ","2019","749","TP HCM","nhập khẩu","trắng","xăng","1.4","tự động","5",,"https://bonbanh.com/oto/generic"
"6945086","Mitsubishi Attrage 1.2 MT - 2022","Mitsubishi","cũ","2022","230","Thừa Thiên Huế","nhập khẩu","bạc","xăng","1.2","tay","5","70000","https://bonbanh.com/oto/generic"
"6945085","BMW Z4 sDrive30i M Sport - 2021","BMW","cũ","2021","1988","TP HCM","nhập khẩu","đỏ","xăng","2","tự động","2","21000","https://bonbanh.com/oto/generic"
"6945082","Toyota Veloz Cross Top 1.5 CVT - 2022","Toyota","cũ","2022","455","TP HCM","nhập khẩu","bạc","xăng","1.5","tự động","7","45000","https://bonbanh.com/oto/generic"
"6945073","Porsche Cayenne 3.0 V6 - 2021","Porsche","cũ","2021","4199","TP HCM","nhập khẩu","đen","xăng","3","tự động","5","27000","https://bonbanh.com/oto/generic"
"6945039","Kia Cerato 1.6 AT - 2018","Kia","cũ","2018","370","Bắc Giang","lắp ráp trong nước","đen","xăng","1.6","tự động","5","10","https://bonbanh.com/oto/generic"
"6944932","Mazda 6 2.0 AT - 2015","Mazda","cũ","2015","369","Hà Nội","lắp ráp trong nước","trắng","xăng","2","tự động","5","70000","https://bonbanh.com/oto/generic"
"6944909","Mitsubishi Xpander 1.5 MT - 2022","Mitsubishi","cũ","2022","360","Hà Nội","lắp ráp trong nước","đen","xăng","1.5","tay","7","85536","https://bonbanh.com/oto/generic"
"6944853","Volkswagen Viloran Luxury - 2024","Volkswagen","cũ","2024","1790","Hà Nội","nhập khẩu","vàng","xăng","2","tự động","7","60000","https://bonbanh.com/oto/generic"
"6944838","Mercedes Benz GLC 300 4Matic - 2021","Mercedes","cũ","2021","1479","Hà Nội","lắp ráp trong nước","trắng","xăng","2","tự động","5","40000","https://bonbanh.com/oto/generic"
"6944834","Kia Seltos Luxury 1.4 AT - 2021","Kia","cũ","2021","465","Hà Nội","lắp ráp trong nước","cam","xăng","1.4","tự động","5","49158","https://bonbanh.com/oto/generic"
"6944824","Mercedes Benz C class C250 Exclusive - 2015","Mercedes","cũ","2015","465","Hà Nội","lắp ráp trong nước","trắng","xăng","2","tự động","5","90000","https://bonbanh.com/oto/generic"
"6944820","Honda CRV L - 2019","Honda","cũ","2019","655","Hà Nội","nhập khẩu","đen","xăng","1.5","tự động","7",,"https://bonbanh.com/oto/generic"
"6944806","Mercedes Benz GLC 200 4Matic - 2021","Mercedes","cũ","2021","1289","Hà Nội","lắp ráp trong nước","trắng","xăng","2","tự động","5","50000","https://bonbanh.com/oto/generic"
"6944772","Ford Ranger XLS 2.2L 4x2 AT - 2016","Ford","cũ","2016","320","Bắc Ninh","nhập khẩu","xanh","dầu","2.2","tự động","5","160000","https://bonbanh.com/oto/generic"
"6944764","Ford Territory Titanium X 1.5 AT - 2025","Ford","cũ","2025","818","Hà Nội","lắp ráp trong nước","trắng","xăng","1.5","tự động","5","19000","https://bonbanh.com/oto/generic"
"6944739","Mitsubishi Xpander Cross 1.5 AT - 2022","Mitsubishi","cũ","2022","479","Bình Dương","nhập khẩu","đen","xăng","1.5","tự động","7","67000","https://bonbanh.com/oto/generic"
"6944737","Kia Sonet Deluxe 1.5 AT - 2024","Kia","cũ","2024","448","Bình Dương","lắp ráp trong nước","xám","xăng","1.5","tự động","5","22000","https://bonbanh.com/oto/generic"
"6944716","Kia Cerato 1.6 AT Deluxe - 2019","Kia","cũ","2019","395","Hải Phòng","lắp ráp trong nước","đen","xăng","1.6","tự động","5","59000","https://bonbanh.com/oto/generic"
"6944705","Mitsubishi Outlander Sport 2.0 CVT Premium - 2014","Mitsubishi","cũ","2014","330","Hà Nội","nhập khẩu","trắng","xăng","2","tự động","5","120000","https://bonbanh.com/oto/generic"
"6944700","Hyundai Avante 1.6 AT - 2014","Hyundai","cũ","2014","245","Hà Nội","lắp ráp trong nước","đen","xăng","1.6","tự động","5","65886","https://bonbanh.com/oto/generic"
"6944694","Toyota Innova Cross 2.0V CVT - 2025","Toyota","cũ","2025","825","Hà Nội","nhập khẩu","ghi","xăng","2","tự động","8","10000","https://bonbanh.com/oto/generic"
"6944683","BMW Z4 sDrive30i M Sport - 2021","BMW","cũ","2021","1989","TP HCM","nhập khẩu","đỏ","xăng","2","tự động","2","35000","https://bonbanh.com/oto/generic"
"6944681","Kia Morning Si AT - 2015","Kia","cũ","2015","199","Bình Dương","lắp ráp trong nước","trắng","xăng","1.25","tự động","5",,"https://bonbanh.com/oto/generic"
"6944678","LandRover Range Rover Autobiography 5.0 SCV8 - 2013","LandRover","cũ","2013","1488","Hà Nội","nhập khẩu","đen","xăng","5","tự động","4","120000","https://bonbanh.com/oto/generic"
"6944677","Hyundai SantaFe Cao cấp 2.2L HTRAC - 2021","Hyundai","cũ","2021","939","Bình Dương","lắp ráp trong nước","đỏ","dầu","2.2","tự động","7","80000","https://bonbanh.com/oto/generic"
"6944666","VinFast Lux A 2.0 Tiêu chuẩn - 2022","VinFast","cũ","2022","485","Hà Nội","lắp ráp trong nước","đen","xăng","2","tự động","5","40000","https://bonbanh.com/oto/generic"
"6944651","Kia Sorento Signature 2.2 AT AWD - 2022","Kia","cũ","2022","899","Hà Nội","lắp ráp trong nước","đỏ","dầu","2.2","tự động","7","13000","https://bonbanh.com/oto/generic"
"6944635","Kia Sonet Premium 1.5 AT - 2024","Kia","cũ","2024","525","Hà Nội","lắp ráp trong nước","trắng","xăng","1.5","tự động","5","34000","https://bonbanh.com/oto/generic"
"6944615","Kia K5 Premium 2.0 AT - 2024","Kia","cũ","2024","789","Hà Nội","lắp ráp trong nước","trắng","xăng","2","tự động","5","19000","https://bonbanh.com/oto/generic"
"6944573","Toyota Fortuner Legender 2.4L 4x2 AT - 2022","Toyota","cũ","2022","950","TP HCM","lắp ráp trong nước","đen","dầu","2.4","tự động","7","80320","https://bonbanh.com/oto/generic"
"6944565","Hyundai SantaFe Cao cấp 2.5L HTRAC - 2022","Hyundai","cũ","2022","945","Hà Nội","lắp ráp trong nước","trắng","xăng","2.5","tự động","7","69000","https://bonbanh.com/oto/generic"
"6944564","Toyota Wigo G 1.2 AT - 2024","Toyota","cũ","2024","385","TP HCM","nhập khẩu","đỏ","xăng","1.2","tự động","5","11000","https://bonbanh.com/oto/generic"
"6944503","Mazda CX5 2.5 AT AWD - 2018","Mazda","cũ","2018","555","Hà Nội","lắp ráp trong nước","trắng","xăng","2.5","tự động","5","90000","https://bonbanh.com/oto/generic"
"6944467","Hyundai Accent 1.4 ATH - 2019","Hyundai","cũ","2019","355","Đăk Lăk","lắp ráp trong nước","đỏ","xăng","1.4","tự động","5","44000","https://bonbanh.com/oto/generic"
"6944391","Hyundai Tucson 2.0 AT Đặc biệt - 2022","Hyundai","cũ","2022","680","Hà Nội","lắp ráp trong nước","đen","xăng","2","tự động","5","56000","https://bonbanh.com/oto/generic"
"6944390","Mazda CX5 Luxury 2.0 AT - 2022","Mazda","cũ","2022","640","Hà Nội","lắp ráp trong nước","đỏ","xăng","2","tự động","5","51000","https://bonbanh.com/oto/generic"
"6944389","Hyundai Tucson 2.0 AT Tiêu chuẩn - 2022","Hyundai","cũ","2022","640","Hà Nội","lắp ráp trong nước","đen","xăng","2","tự động","5","45000","https://bonbanh.com/oto/generic"
"6944387","VinFast VF8 Plus AWD - 2025","VinFast","cũ","2025","888","Thái Bình","lắp ráp trong nước","trắng","điện",,"tự động","5","20000","https://bonbanh.com/oto/generic"
"6944320","Honda CRV L - 2019","Honda","cũ","2019","650","Hưng Yên","nhập khẩu","đen","xăng","1.5","tự động","7","83000","https://bonbanh.com/oto/generic"
"6944315","Kia K3 Premium 2.0 AT - 2022","Kia","cũ","2022","485","Hưng Yên","lắp ráp trong nước","đỏ","xăng","2","tự động","5","91000","https://bonbanh.com/oto/generic"
"6944288","Toyota Sienna Limited 3.5 - 2017","Toyota","cũ","2017","1580","TP HCM","nhập khẩu","cát","xăng","3.5","tự động","7","78000","https://bonbanh.com/oto/generic"
"6943970","Hyundai Accent 1.4 AT Đặc Biệt - 2022","Hyundai","cũ","2022","420","Nghệ An","lắp ráp trong nước","đen","xăng","1.4","tự động","5","11000","https://bonbanh.com/oto/generic"
"6943912","Honda CRV 2.0 AT - 2014","Honda","cũ","2014","375","Hà Nội","lắp ráp trong nước","cát","xăng","2","tự động","5","120000","https://bonbanh.com/oto/generic"
"6943858","Hyundai i10 Grand 1.2 MT Base - 2017","Hyundai","cũ","2017","135","Hà Nội","lắp ráp trong nước","trắng","xăng","1.2","tay","5",,"https://bonbanh.com/oto/generic"
"6943843","Cadillac Escalade ESV Premium - 2014","Cadillac","cũ","2014","1950","Hà Nội","nhập khẩu","trắng","xăng","6.2","tự động","7","100000","https://bonbanh.com/oto/generic"
"6943797","Mercedes Benz GLC 250 4Matic - 2017","Mercedes","cũ","2017","699","Hà Nội","lắp ráp trong nước","đỏ","xăng","2","tự động","5","108000","https://bonbanh.com/oto/generic"
"6943742","Mitsubishi Grandis 2.4 AT - 2005","Mitsubishi","cũ","2005","150","Hà Nội","lắp ráp trong nước","bạc","xăng","2.4","tự động","7","163268","https://bonbanh.com/oto/generic"
"6943732","Kia Cerato 2.0 AT Premium - 2020","Kia","cũ","2020","438","TP HCM","lắp ráp trong nước","đen","xăng","2","tự động","5","60000","https://bonbanh.com/oto/generic"
"6943659","Kia Rondo DAT - 2016","Kia","cũ","2016","320","Hà Nội","lắp ráp trong nước","xanh","dầu","1.7","tự động","7","140000","https://bonbanh.com/oto/generic"
"6943570","Mazda CX5 Premium 2.0 AT - 2025","Mazda","cũ","2025","785","Hà Nội","lắp ráp trong nước","trắng","xăng","2","tự động","5","9800","https://bonbanh.com/oto/generic"
"6943561","Mazda 3 1.5L Luxury - 2026","Mazda","cũ","2026","620","Hà Nội","lắp ráp trong nước","đỏ","xăng","1.5","tự động","5","2000","https://bonbanh.com/oto/generic"
"6943552","Mazda CX5 Deluxe 2.0 AT - 2025","Mazda","cũ","2025","690","Hà Nội","lắp ráp trong nước","đỏ","xăng","2","tự động","5","20000","https://bonbanh.com/oto/generic"
"6943535","Kia Morning S AT - 2018","Kia","cũ","2018","240","Bắc Ninh","lắp ráp trong nước","hồng","xăng","1.25","tự động","5","65000","https://bonbanh.com/oto/generic"
"6943456","Toyota Vios E CVT - 2022","Toyota","cũ","2022","368","Hải Phòng","lắp ráp trong nước","cát","xăng","1.5","tự động","5",,"https://bonbanh.com/oto/generic"
"6943455","BMW 3 Series 320i GT - 2016","BMW","cũ","2016","580","Hà Nội","nhập khẩu","đen","xăng","2","tự động","5","100000","https://bonbanh.com/oto/generic"
"6943333","Nissan Almera VL 1.0 CVT Cao cấp - 2021","Nissan","cũ","2021","369","Hà Nội","nhập khẩu","trắng","xăng","1","tự động","5","63000","https://bonbanh.com/oto/generic"
"6943326","Ford Ranger Raptor 2.0L 4x4 AT - 2025","Ford","cũ","2025","1150","Đăk Lăk","nhập khẩu","đen","dầu","2","tự động","5","18000","https://bonbanh.com/oto/generic"
"6943297","Hyundai SantaFe Calligraphy 2.5L Turbo HTRAC - 2024","Hyundai","cũ","2024","1099","Hà Nội","lắp ráp trong nước","trắng","xăng","2.5","tự động","6","28000","https://bonbanh.com/oto/generic"
"6943228","Suzuki Vitara JLX - 2005","Suzuki","cũ","2005","135","Hà Nội","lắp ráp trong nước","xanh","xăng","1.6","tay","5","19000","https://bonbanh.com/oto/generic"
"6943195","Kia Morning Luxury - 2019","Kia","cũ","2019","275","Bà Rịa Vũng Tàu","lắp ráp trong nước","xanh","xăng","1.25","tự động","5","48000","https://bonbanh.com/oto/generic"
"6943177","Toyota Fortuner 2.4G 4x2 AT - 2019","Toyota","cũ","2019","699","Thái Bình","nhập khẩu","đen","dầu","2.4","tự động","7","150000","https://bonbanh.com/oto/generic"
"6943116","Toyota Fortuner TRD Sportivo 4x2 AT - 2014","Toyota","cũ","2014","410","Hà Nội","lắp ráp trong nước","trắng","xăng","2.7","tự động","7","125555","https://bonbanh.com/oto/generic"
"6942914","Ford Ranger Limited 2.0L 4x4 AT - 2021","Ford","cũ","2021","575","Đăk Lăk","nhập khẩu","trắng","dầu","2","tự động","5","118000","https://bonbanh.com/oto/generic"
"6942911","Kia Sonet Luxury 1.5 AT - 2025","Kia","cũ","2025","530","Đăk Lăk","lắp ráp trong nước","đỏ","xăng","1.5","tự động","5","16000","https://bonbanh.com/oto/generic"
"6942835","Porsche Macan 2.0 - 2021","Porsche","cũ","2021","2299","Hà Nội","nhập khẩu","trắng","xăng","2","tự động","5","55000","https://bonbanh.com/oto/generic"
"6942777","Hyundai i10 Grand 1.2 AT - 2018","Hyundai","cũ","2018","276","Hà Nội","lắp ráp trong nước","đỏ","xăng","1.2","tự động","5","80000","https://bonbanh.com/oto/generic"
"6942741","Toyota Corolla Cross 1.8V - 2021","Toyota","cũ","2021","615","Hà Nội","nhập khẩu","xanh","xăng","1.8","tự động","5","60000","https://bonbanh.com/oto/generic"
"6942715","Hyundai Accent 1.4 AT Đặc Biệt - 2023","Hyundai","cũ","2023","425","Hà Nội","lắp ráp trong nước","trắng","xăng","1.4","tự động","5","50000","https://bonbanh.com/oto/generic"
"6942706","Toyota Wigo 1.2 AT - 2021","Toyota","cũ","2021","293","Hà Nội","nhập khẩu","đỏ","xăng","1.2","tự động","5","48000","https://bonbanh.com/oto/generic"
"6942700","Toyota Corolla Cross 1.8HV - 2021","Toyota","cũ","2021","639","Hà Nội","nhập khẩu","đỏ","hybrid","1.8","tự động","5","60000","https://bonbanh.com/oto/generic"
"6942668","Mazda CX5 Premium Sport 2.0 AT - 2025","Mazda","cũ","2025","810","Long An","lắp ráp trong nước","đỏ","xăng","2","tự động","5","9000","https://bonbanh.com/oto/generic"
"6942661","Toyota Vios 1.5E MT - 2019","Toyota","cũ","2019","275","Đăk Lăk","lắp ráp trong nước","trắng","xăng","1.5","tay","5",,"https://bonbanh.com/oto/generic"
"6942658","Kia Carnival Signature 2.2D - 2024","Kia","cũ","2024","1350","Long An","lắp ráp trong nước","trắng","dầu","2.2","tự động","7","37000","https://bonbanh.com/oto/generic"
"6942654","Mazda CX5 Premium Sport 2.0 AT - 2024","Mazda","cũ","2024","775","Long An","lắp ráp trong nước","xanh","xăng","2","tự động","5","13000","https://bonbanh.com/oto/generic"
"6942646","VinFast Limo Green AT - 2025","VinFast","cũ","2025","630","Long An","lắp ráp trong nước","đỏ","điện",,"tự động","7",,"https://bonbanh.com/oto/generic"
"6942629","Hyundai Creta Tiêu chuẩn 1.5 AT - 2022","Hyundai","cũ","2022","480","Long An","nhập khẩu","xanh","xăng","1.5","tự động","5","35000","https://bonbanh.com/oto/generic"
"6942623","Toyota Camry 2.5HV - 2022","Toyota","cũ","2022","1179","Long An","nhập khẩu","đen","hybrid","2.5","tự động","5","25000","https://bonbanh.com/oto/generic"
"6942620","VinFast VF5 Plus - 2025","VinFast","cũ","2025","409","Long An","lắp ráp trong nước","xám","điện",,"tự động","5","22000","https://bonbanh.com/oto/generic"
"6942607","Mercedes Benz C class C300 AMG - 2021","Mercedes","cũ","2021","1030","Hà Nội","lắp ráp trong nước","đen","xăng","2","tự động","5",,"https://bonbanh.com/oto/generic"
"6942591","Audi A4 2.0 TFSI - 2015","Audi","cũ","2015","450","TP HCM","nhập khẩu","trắng","xăng","2","tự động","5","70000","https://bonbanh.com/oto/generic"
"6942585","Mazda CX5 2.0 AT - 2018","Mazda","cũ","2018","529","Hà Nội","lắp ráp trong nước","đen","xăng","2","tự động","5","88000","https://bonbanh.com/oto/generic"
"6942577","Hyundai i10 Grand 1.2 AT - 2018","Hyundai","cũ","2018","275","Hà Nội","lắp ráp trong nước","đỏ","xăng","1.2","tự động","5","100000","https://bonbanh.com/oto/generic"
"6942569","Mitsubishi Xpander 1.5 AT - 2021","Mitsubishi","cũ","2021","415","TP HCM","nhập khẩu","trắng","xăng","1.5","tự động","7","45000","https://bonbanh.com/oto/generic"
"6942566","Ford Everest Titanium 3.2L 4x4 AT - 2016","Ford","cũ","2016","735","Hà Nội","nhập khẩu","đen","dầu","3.2","tự động","7","110000","https://bonbanh.com/oto/generic"
"6942553","Kia Seltos Deluxe 1.4 AT - 2020","Kia","cũ","2020","445","Hà Nội","lắp ráp trong nước","trắng","xăng","1.4","tự động","5","70000","https://bonbanh.com/oto/generic"
"6942452","BMW X3 xDrive30i M Sport - 2019","BMW","cũ","2019","1079","Hà Nội","nhập khẩu","trắng","xăng","2","tự động","5","56000","https://bonbanh.com/oto/generic"
"6942396","Hyundai Accent 1.4 AT - 2023","Hyundai","cũ","2023","415","TP HCM","lắp ráp trong nước","đỏ","xăng","1.4","tự động","5","13000","https://bonbanh.com/oto/generic"
"6942259","Nissan Almera VL 1.0 CVT Cao cấp - 2021","Nissan","cũ","2021","369","Hà Nội","nhập khẩu","trắng","xăng","1","tự động","5","63000","https://bonbanh.com/oto/generic"
"6942256","Hyundai Accent 1.4 MT Tiêu Chuẩn - 2023","Hyundai","cũ","2023","310","Hà Nội","lắp ráp trong nước","trắng","xăng","1.4","tay","5","63000","https://bonbanh.com/oto/generic"
"6942255","Lexus LX 570 - 2011","Lexus","cũ","2011","1680","Hà Nội","nhập khẩu","trắng","xăng","5.7","tự động","7","129000","https://bonbanh.com/oto/generic"
"6942244","Ford Tourneo Limousine Titanium 2.0 AT - 2019","Ford","cũ","2019","735","Hà Nội","lắp ráp trong nước","đen","xăng","2","tự động","7","70000","https://bonbanh.com/oto/generic"
"6942195","Toyota Innova 2.0E - 2012","Toyota","cũ","2012","229","Cần Thơ","lắp ráp trong nước","bạc","xăng","2","tay","8",,"https://bonbanh.com/oto/generic"
"6942183","Toyota Fortuner 2.7V 4x2 AT - 2018","Toyota","cũ","2018","679","TP HCM","nhập khẩu","trắng","xăng","2.7","tự động","7","50000","https://bonbanh.com/oto/generic"
"6942180","Toyota Fortuner 2.7V 4x2 AT - 2018","Toyota","cũ","2018","679","TP HCM","nhập khẩu","trắng","xăng","2.7","tự động","7","50000","https://bonbanh.com/oto/generic"
"6942177","Mercedes Benz GLE Class GLE 450 4Matic - 2019","Mercedes","cũ","2019","1890","Hà Nội","nhập khẩu","xanh","hybrid","3","tự động","7","120000","https://bonbanh.com/oto/generic"
"6942166","Mitsubishi Xpander Premium 1.5 AT - 2023","Mitsubishi","cũ","2023","485","TP HCM","nhập khẩu","trắng","xăng","1.5","tự động","7",,"https://bonbanh.com/oto/generic"
"6942156","Hyundai SantaFe Calligraphy 2.5L Turbo HTRAC - 2024","Hyundai","cũ","2024","1105","Hà Nội","lắp ráp trong nước","đen","xăng","2.5","tự động","6","30000","https://bonbanh.com/oto/hyundai"
"6942146","Kia Sorento Premium 2.2 AT AWD - 2022","Kia","cũ","2022","770","Hải Phòng","lắp ráp trong nước","đỏ","dầu","2.2","tự động","7","70000","https://bonbanh.com/oto/generic"
"6942079","VinFast Lux SA 2.0 Premium 2.0 AT - 2020","VinFast","cũ","2020","568","Hà Nội","lắp ráp trong nước","đen","xăng","2","tự động","7","72000","https://bonbanh.com/oto/generic"
"6941808","Mercedes Benz GL 400 4Matic - 2014","Mercedes","cũ","2014","700","Hà Nội","nhập khẩu","đỏ","xăng","3","tự động","7","170000","https://bonbanh.com/oto/generic"
"6941791","Mazda CX5 Premium 2.0 AT - 2022","Mazda","cũ","2022","645","TP HCM","lắp ráp trong nước","xám","xăng","2","tự động","5","51000","https://bonbanh.com/oto/generic"
"6941628","Toyota Veloz Cross Top 1.5 CVT - 2022","Toyota","cũ","2022","473","Hà Nội","nhập khẩu","trắng","xăng","1.5","tự động","7","73000","https://bonbanh.com/oto/generic"
"6941605","Ford Everest Titanium Plus 2.0L 4x4 AT - 2023","Ford","cũ","2023","1215","TP HCM","nhập khẩu","trắng","dầu","2","tự động","7","60000","https://bonbanh.com/oto/generic"
"6941519","Kia Sorento DATH - 2017","Kia","cũ","2017","458","Hà Nội","lắp ráp trong nước","đen","dầu","2.2","tự động","7","92000","https://bonbanh.com/oto/generic"
"6941504","Toyota Fortuner 2.7V 4X2 AT - 2016","Toyota","cũ","2016","395","Hà Nội","lắp ráp trong nước","bạc","xăng","2.7","tự động","7","180000","https://bonbanh.com/oto/generic"
"6941490","Mercedes Benz GLC 300 4Matic - 2021","Mercedes","cũ","2021","1439","TP HCM","lắp ráp trong nước","đỏ","xăng","2","tự động","5","18888","https://bonbanh.com/oto/generic"
"6941482","Porsche Macan 2.0 - 2016","Porsche","cũ","2016","1279","Hà Nội","nhập khẩu","trắng","xăng","2","tự động","5","79000","https://bonbanh.com/oto/generic"
"6941456","Toyota Land Cruiser 3.5 V6 - 2024","Toyota","cũ","2024","4890","Hà Nội","nhập khẩu","đen","xăng","3.4","tự động","7","13000","https://bonbanh.com/oto/generic"
"6941442","MG G50 1.5 AT Lux 8S - 2025","MG","cũ","2025","550","TP HCM","nhập khẩu","trắng","xăng","1.5","tự động","8",,"https://bonbanh.com/oto/generic"
"6941429","Mercedes Benz E class E200 Exclusive - 2020","Mercedes","cũ","2020","999","TP HCM","lắp ráp trong nước","đen","xăng","2","tự động","5","99000","https://bonbanh.com/oto/generic"
"6941417","Mercedes Benz EQS 500 4Matic - 2023","Mercedes","cũ","2023","3279","TP HCM","nhập khẩu","xanh","điện",,"tự động","5","19800","https://bonbanh.com/oto/generic"
"6941384","Mercedes Benz C class C300 AMG - 2022","Mercedes","cũ","2022","1098","TP HCM","lắp ráp trong nước","trắng","xăng","2","tự động","5","83","https://bonbanh.com/oto/generic"
"6941368","Hyundai Accent 1.4 AT - 2023","Hyundai","cũ","2023","376","Hà Nội","lắp ráp trong nước","trắng","xăng","1.4","tự động","5","68000","https://bonbanh.com/oto/generic"
"6941346","Toyota Camry 2.5G - 2013","Toyota","cũ","2013","425","TP HCM","lắp ráp trong nước","vàng","xăng","2.5","tự động","5","120000","https://bonbanh.com/oto/generic"
"6941319","VinFast Limo Green AT - 2025","VinFast","cũ","2025","635","Hà Nội","lắp ráp trong nước","trắng","điện",,"tự động","7","30000","https://bonbanh.com/oto/generic"
"6941198","VinFast VF6 Plus - 2025","VinFast","cũ","2025","645","Hà Nội","lắp ráp trong nước","trắng","điện",,"tự động","5","20000","https://bonbanh.com/oto/generic"
"6941170","Hyundai Stargazer X 1.5 AT - 2024","Hyundai","cũ","2024","450","Hà Nội","nhập khẩu","trắng","xăng","1.5","tự động","7","35000","https://bonbanh.com/oto/generic"
"6941164","Lexus RX 350 - 2011","Lexus","cũ","2011","790","Thừa Thiên Huế","nhập khẩu","cát","xăng","3.5","tự động","5","68000","https://bonbanh.com/oto/generic"
"6941150","Mazda CX5 2.5 AT AWD - 2018","Mazda","cũ","2018","545","Hà Nội","lắp ráp trong nước","trắng","xăng","2.5","tự động","5","90000","https://bonbanh.com/oto/generic"
"6941145","Mercedes Benz C class C300 AMG - 2016","Mercedes","cũ","2016","599","TP HCM","lắp ráp trong nước","trắng","xăng","2","tự động","5","90000","https://bonbanh.com/oto/generic"
"6941144","Toyota Innova Cross HEV 2.0 CVT - 2024","Toyota","cũ","2024","905","TP HCM","nhập khẩu","bạc","hybrid","2","tự động","7","55000","https://bonbanh.com/oto/generic"
"6941135","Hyundai SantaFe Cao cấp 2.5L HTRAC - 2024","Hyundai","cũ","2024","1115","Hà Nội","lắp ráp trong nước","đỏ","xăng","2.5","tự động","7","19000","https://bonbanh.com/oto/generic"
"6941132","Toyota Innova Cross HEV 2.0 CVT - 2024","Toyota","cũ","2024","905","TP HCM","nhập khẩu","bạc","hybrid","2","tự động","7","55000","https://bonbanh.com/oto/generic"
"6941130","Mitsubishi Xpander Premium 1.5 AT - 2025","Mitsubishi","cũ","2025","570","Hà Nội","nhập khẩu","xám","xăng","1.5","tự động","7","5000","https://bonbanh.com/oto/generic"
"6941127","Toyota Vios E 1.5 MT - 2022","Toyota","cũ","2022","350","Hải Dương","lắp ráp trong nước","vàng","xăng","1.5","tay","5",,"https://bonbanh.com/oto/generic"
"6941126","Toyota Corolla altis 1.8G AT - 2020","Toyota","cũ","2020","520","Hà Nội","lắp ráp trong nước","nâu","xăng","1.8","tự động","5","56000","https://bonbanh.com/oto/generic"
"6941122","VinFast VF9 Plus 7S - 2025","VinFast","cũ","2025","1180","Hà Nội","lắp ráp trong nước","xanh","điện",,"tự động","7","23000","https://bonbanh.com/oto/generic"
"6941121","Kia Seltos 1.5 AT - 2024","Kia","cũ","2024","538","Hà Nội","lắp ráp trong nước","đỏ","xăng","1.5","tự động","5","31000","https://bonbanh.com/oto/generic"
"6941119","Honda City 1.5 AT - 2016","Honda","cũ","2016","290","Hải Dương","lắp ráp trong nước","trắng","xăng","1.5","tự động","5",,"https://bonbanh.com/oto/generic"
"6941089","Toyota Fortuner 2.7V 4X2 AT - 2016","Toyota","cũ","2016","475","TP HCM","lắp ráp trong nước","bạc","xăng","2.7","tự động","7","110000","https://bonbanh.com/oto/generic"
"6941081","Ford EcoSport Titanium 1.5 AT - 2021","Ford","cũ","2021","425","Hà Nội","lắp ráp trong nước","trắng","xăng","1.5","tự động","5","60000","https://bonbanh.com/oto/generic"
"6941080","Toyota Corolla Cross 1.8V - 2023","Toyota","cũ","2023","710","TP HCM","nhập khẩu","đen","xăng","1.8","tự động","5","35000","https://bonbanh.com/oto/generic"
"6941075","Toyota Corolla Cross 1.8V - 2023","Toyota","cũ","2023","710","TP HCM","nhập khẩu","đen","xăng","1.8","tự động","5","35000","https://bonbanh.com/oto/generic"
"6941033","Mazda 3 2.0 AT - 2016","Mazda","cũ","2016","340","Hà Nội","nhập khẩu","đỏ","xăng","2","tự động","5","100000","https://bonbanh.com/oto/generic"
"6941032","Mazda 6 Premium 2.0 AT - 2022","Mazda","cũ","2022","650","Hải Phòng","lắp ráp trong nước","trắng","xăng","2","tự động","5","36000","https://bonbanh.com/oto/generic"
"6940979","Kia K3 2.0 AT - 2015","Kia","cũ","2015","325","TP HCM","lắp ráp trong nước","ghi","xăng","2","tự động","5",,"https://bonbanh.com/oto/generic"
"6940957","Mercedes Benz GLC 200 - 2022","Mercedes","cũ","2022","1199","TP HCM","lắp ráp trong nước","đen","xăng","2","tự động","5","45000","https://bonbanh.com/oto/generic"
"6940917","Kia Sonet Deluxe 1.5 AT - 2024","Kia","cũ","2024","450","Hà Nội","lắp ráp trong nước","đỏ","xăng","1.5","tự động","5","19000","https://bonbanh.com/oto/generic"
"6940894","VinFast VF3 Plus - 2025","VinFast","cũ","2025","265","Hà Nội","lắp ráp trong nước","xám","điện",,"tự động","4","20000","https://bonbanh.com/oto/generic"
"6940849","Mercedes Benz GL 400 4Matic - 2014","Mercedes","cũ","2014","770","Hà Nội","nhập khẩu","đen","xăng","3","tự động","7","110000","https://bonbanh.com/oto/generic"
"6940783","Kia Carnival Signature 2.2D - 2022","Kia","cũ","2022","1060","TP HCM","lắp ráp trong nước","trắng","dầu","2.2","tự động","7","44000","https://bonbanh.com/oto/generic"
"6940776","Toyota Fortuner 2.4G 4x2 AT - 2018","Toyota","cũ","2018","685","Hà Nội","nhập khẩu","bạc","dầu","2.4","tự động","7","110000","https://bonbanh.com/oto/generic"
"6940774","Nissan Navara EL Premium R - 2017","Nissan","cũ","2017","350","Hà Nội","nhập khẩu","bạc","dầu","2.5","tự động","5","110000","https://bonbanh.com/oto/generic"
"6940768","Toyota Veloz Cross Top 1.5 CVT - 2024","Toyota","cũ","2024","515","Hải Phòng","lắp ráp trong nước","trắng","xăng","1.5","tự động","7","30000","https://bonbanh.com/oto/generic"
"6940767","Volkswagen Viloran Luxury - 2024","Volkswagen","cũ","2024","2050","Hà Nội","nhập khẩu","trắng","xăng","2","tự động","7","17000","https://bonbanh.com/oto/generic"
"6940753","Hyundai Tucson 2.0 AT Đặc biệt - 2026","Honda","cũ","2026","788","Hà Nội","lắp ráp trong nước","đen","xăng","2","tự động","5","15000","https://bonbanh.com/oto/honda"
"6940752","Ford Ranger Wildtrak 2.0L 4x4 AT - 2024","Ford","cũ","2024","780","Tây Ninh","lắp ráp trong nước","cam","dầu","2","tự động","5","94000","https://bonbanh.com/oto/generic"
"6940743","Kia Carnival Signature 2.2D - 2022","Kia","cũ","2022","1050","TP HCM","lắp ráp trong nước","đỏ","dầu","2.2","tự động","7","34000","https://bonbanh.com/oto/generic"
"6940730","Ford Everest Titanium Plus 2.0L 4x4 AT - 2024","Ford","cũ","2024","1235","Tây Ninh","nhập khẩu","trắng","dầu","2","tự động","7","92000","https://bonbanh.com/oto/generic"
"6940729","VinFast VF5 Plus - 2026","VinFast","mới","2026","390","Hà Nội","lắp ráp trong nước","trắng","điện",,"tự động","5",,"https://bonbanh.com/oto/generic"
"6940726","Toyota Land Cruiser 4.6 V8 - 2020","Toyota","cũ","2020","3990","Hà Nội","nhập khẩu","đỏ","xăng","4.6","tự động","8","80000","https://bonbanh.com/oto/generic"
"6940719","Kia Cerato 2.0 AT - 2018","Kia","cũ","2018","388","Hà Nội","lắp ráp trong nước","trắng","xăng","2","tự động","5","80000","https://bonbanh.com/oto/generic"
"6940714","Hyundai Verna 1.4 MT - 2008","Hyundai","cũ","2008","75","Hà Nội","nhập khẩu","trắng","xăng","1.4","tay","5","250000","https://bonbanh.com/oto/hyundai"
"6940710","Ford Ranger Raptor 2.0L 4x4 AT - 2023","Ford","cũ","2023","960","Tây Ninh","nhập khẩu","trắng","dầu","2","tự động","5","117000","https://bonbanh.com/oto/generic"
"6940694","Mercedes Benz GLC 300 4Matic - 2024","Mercedes","cũ","2024","2279","Hà Nội","lắp ráp trong nước","đen","hybrid","2","tự động","5","6600","https://bonbanh.com/oto/generic"
"6940684","Ford Ranger XLS 2.2L 4x2 AT - 2019","Ford","cũ","2019","495","Hà Nội","nhập khẩu","trắng","dầu","2.2","tự động","5","35000","https://bonbanh.com/oto/generic"
"6940627","Mercedes Benz GLE Class GLE 400 4Matic - 2016","Mercedes","cũ","2016","738","Hà Nội","nhập khẩu","trắng","xăng","3","tự động","5","120000","https://bonbanh.com/oto/generic"
"6940624","Lexus LX 570 - 2016","Lexus","cũ","2016","4350","Hà Nội","nhập khẩu","cát","xăng","5.7","tự động","7","144000","https://bonbanh.com/oto/generic"
"6940597","Mazda 3 1.5L Luxury - 2024","Mazda","cũ","2024","575","Hà Nội","lắp ráp trong nước","trắng","xăng","1.5","tự động","5","19000","https://bonbanh.com/oto/generic"
"6940589","Ford Fiesta S 1.0 AT Ecoboost - 2014","Ford","cũ","2014","215","TP HCM","lắp ráp trong nước","bạc","xăng","1","tự động","5","65000","https://bonbanh.com/oto/generic"
"6940580","Honda City 1.5 AT - 2015","Honda","cũ","2015","279","TP HCM","lắp ráp trong nước","đỏ","xăng","1.5","tự động","5",,"https://bonbanh.com/oto/generic"
"6940560","Mazda 3 1.5L Luxury - 2022","Mazda","cũ","2022","490","Hà Nội","lắp ráp trong nước","đỏ","xăng","1.5","tự động","5","61000","https://bonbanh.com/oto/generic"
"6940556","VinFast Limo Green AT - 2025","VinFast","cũ","2025","590","Hà Nội","lắp ráp trong nước","trắng","điện",,"tự động","7","67000","https://bonbanh.com/oto/generic"
"6940528","LandRover Range Rover HSE 5.0 V8 - 2013","LandRover","cũ","2013","1500","TP HCM","nhập khẩu","trắng","xăng","5","tự động","5","103000","https://bonbanh.com/oto/generic"
"6940466","Mercedes Benz GLS 480 4Matic Maybach - 2023","Mercedes","cũ","2023","6500","TP HCM","nhập khẩu","trắng","xăng","3","tự động","4","12000","https://bonbanh.com/oto/generic"
"6940457","Mercedes Benz C class C300 AMG - 2017","Mercedes","cũ","2017","660","Hà Nội","lắp ráp trong nước","trắng","xăng","2","tự động","5","73000","https://bonbanh.com/oto/generic"
"6940438","Toyota Prado LC250 2.4L - 2025","Toyota","cũ","2025","3489","Hà Nội","nhập khẩu","đen","xăng","2.4","tự động","7","4994","https://bonbanh.com/oto/generic"
"6940422","MG 5 Standard 1.5 AT - 2023","MG","cũ","2023","345","Hà Nội","nhập khẩu","đen","xăng","1.5","tự động","5","50000","https://bonbanh.com/oto/generic"
"6940406","Toyota Yaris 1.3 AT - 2011","Toyota","cũ","2011","235","Hà Nội","nhập khẩu","vàng","xăng","1.3","tự động","5","128000","https://bonbanh.com/oto/generic"
"6940391","Toyota Innova G - 2008","Toyota","cũ","2008","185","TP HCM","lắp ráp trong nước","bạc","xăng","2","tay","8","170000","https://bonbanh.com/oto/generic"
"6940374","Toyota Vios G 1.5 CVT - 2026","Toyota","mới","2026","545","TP HCM","lắp ráp trong nước","trắng","xăng","1.5","tự động","5",,"https://bonbanh.com/oto/generic"
"6940372","Toyota Veloz Cross 1.5 CVT - 2026","Toyota","mới","2026","550","TP HCM","lắp ráp trong nước","đen","xăng","1.5","tự động","7",,"https://bonbanh.com/oto/generic"
"6940353","Ford Ranger Raptor 2.0L 4x4 AT - 2023","Ford","cũ","2023","950","Hà Nội","nhập khẩu","xám","dầu","2","tự động","5","76000","https://bonbanh.com/oto/generic"
"6940347","LandRover Range Rover Autobiography LWB 3.0 SCV6 - 2019","LandRover","cũ","2019","4550","TP HCM","nhập khẩu","trắng","xăng","3","tự động","4","97000","https://bonbanh.com/oto/generic"
"6940341","VinFast VF6 Plus - 2025","VinFast","cũ","2025","609","TP HCM","lắp ráp trong nước","xanh","điện",,"tự động","5","8000","https://bonbanh.com/oto/generic"
"6940336","VinFast Limo Green AT - 2025","VinFast","cũ","2025","619","TP HCM","lắp ráp trong nước","đỏ","điện",,"tự động","7","25000","https://bonbanh.com/oto/generic"
"6940324","Toyota Innova Cross HEV 2.0 CVT - 2023","Toyota","cũ","2023","893","TP HCM","nhập khẩu","trắng","hybrid","2","tự động","7","50500","https://bonbanh.com/oto/generic"
"6940304","Mercedes Benz C class C200 Avantgarde - 2025","Mercedes","cũ","2025","1399","TP HCM","lắp ráp trong nước","đen","xăng","1.5","tự động","5","900","https://bonbanh.com/oto/generic"
"6940276","Mercedes Benz GLC 200 - 2021","Mercedes","cũ","2021","1139","Hà Nội","lắp ráp trong nước","trắng","xăng","2","tự động","5","50000","https://bonbanh.com/oto/generic"
"6940177","Kia Sedona Luxury - 2018","Kia","cũ","2018","460","Hà Nội","lắp ráp trong nước","đen","dầu","2.2","tự động","7","14800","https://bonbanh.com/oto/generic"
"6940097","Nissan Navara EL A-IVI 2.5 AT 2WD - 2020","Nissan","cũ","2020","405","Hà Nội","nhập khẩu","đen","dầu","2.5","tự động","5","98000","https://bonbanh.com/oto/generic"
"6940075","Kia Carnival Luxury 2.2D - 2022","Kia","cũ","2022","790","Đăk Lăk","lắp ráp trong nước","trắng","dầu","2.2","tự động","8","79000","https://bonbanh.com/oto/generic"
"6940060","Kia K3 Premium 2.0 AT - 2024","Kia","cũ","2024","550","Hà Nội","lắp ráp trong nước","xám","xăng","2","tự động","5","21000","https://bonbanh.com/oto/generic"
"6940044","Ford Ranger XL 2.5L 4x4 MT - 2009","Ford","cũ","2009","155","Phú Thọ","nhập khẩu","bạc","dầu","2.5","tay","5","225000","https://bonbanh.com/oto/generic"
"6940023","Mercedes Benz GLS 480 4Matic Maybach - 2023","Mercedes","cũ","2023","6500","TP HCM","nhập khẩu","trắng","xăng","3","tự động","4","12000","https://bonbanh.com/oto/generic"
"6940011","Ford EcoSport Titanium 1.5L AT - 2019","Ford","cũ","2019","365","TP HCM","lắp ráp trong nước","nâu","xăng","1.5","tự động","5","76000","https://bonbanh.com/oto/generic"
"6940004","Toyota Prado VX 2.7L - 2020","Toyota","cũ","2020","2068","Hà Nội","nhập khẩu","đen","xăng","2.7","tự động","7","59000","https://bonbanh.com/oto/generic"
"6939989","Lexus RX 300 - 2019","Lexus","cũ","2019","2350","Hà Nội","nhập khẩu","đen","xăng","2","tự động","5","66000","https://bonbanh.com/oto/generic"
"6939802","Mercedes Benz C class C300 AMG - 2025","Mercedes","cũ","2025","1739","Hà Nội","lắp ráp trong nước","trắng","xăng","2","tự động","5","10000","https://bonbanh.com/oto/generic"
"6939789","Toyota Prado TXL 2.7L - 2017","Toyota","cũ","2017","1388","Hà Nội","nhập khẩu","đen","xăng","2.7","tự động","7","99000","https://bonbanh.com/oto/generic"
"6939779","Toyota Fortuner Legender 2.4L 4x2 AT - 2022","Toyota","cũ","2022","970","Hà Nội","lắp ráp trong nước","trắng","dầu","2.4","tự động","7","40000","https://bonbanh.com/oto/generic"
"6939770","Toyota Prado TXL 2.7L - 2016","Toyota","cũ","2016","1279","Hà Nội","nhập khẩu","đen","xăng","2.7","tự động","7","120000","https://bonbanh.com/oto/generic"
"6939767","Hyundai Accent 1.4 AT - 2013","Hyundai","cũ","2013","210","Hải Phòng","nhập khẩu","đen","xăng","1.4","tự động","5","90000","https://bonbanh.com/oto/generic"
"6939728","Kia Rondo GAT - 2018","Kia","cũ","2018","355","Đà Nẵng","lắp ráp trong nước","trắng","xăng","2","tự động","7","130000","https://bonbanh.com/oto/generic"
"6939716","VinFast VF6 Plus - 2024","VinFast","cũ","2024","595","Hà Nội","lắp ráp trong nước","trắng","điện",,"tự động","5","20000","https://bonbanh.com/oto/generic"
"6939715","Lexus LX 570 - 2013","Lexus","cũ","2013","2479","Hà Nội","nhập khẩu","cát","xăng","5.7","tự động","7","103000","https://bonbanh.com/oto/generic"
"6939696","Toyota Land Cruiser 3.5 V6 - 2024","Toyota","cũ","2024","4880","Hà Nội","nhập khẩu","trắng","xăng","3.4","tự động","7","59000","https://bonbanh.com/oto/generic"
"6939662","Ford Ranger Raptor 2.0L 4x4 AT - 2019","Ford","cũ","2019","710","Hà Nội","nhập khẩu","xám","dầu","2","tự động","5",,"https://bonbanh.com/oto/ford"
"6939661","Kia Sonet Deluxe 1.5 AT - 2026","Kia","mới","2026","477","Hà Nội","lắp ráp trong nước","trắng","xăng","1.5","tự động","5",,"https://bonbanh.com/oto/generic"
"6939632","Mazda 2 1.5 AT - 2026","Mazda","mới","2026","383","Hà Nội","nhập khẩu","đỏ","xăng","1.5","tự động","5",,"https://bonbanh.com/oto/generic"
"6939611","Mitsubishi Zinger GLS 2.4 MT - 2009","Mitsubishi","cũ","2009","179","Cần Thơ","lắp ráp trong nước","ghi","xăng","2.4","tay","8",,"https://bonbanh.com/oto/generic"
"6939596","Porsche 718 Boxster Style Edition 2.0 AT - 2025","Porsche","cũ","2025","4790","Hà Nội","nhập khẩu","hồng","xăng","2","tự động","2","2700","https://bonbanh.com/oto/generic"
"6939590","Mazda CX5 2.0 AT - 2019","Mazda","cũ","2019","565","Hà Nội","lắp ráp trong nước","đỏ","xăng","2","tự động","5","80000","https://bonbanh.com/oto/generic"
"6939577","Peugeot 2008 GT Line 1.2 AT - 2024","Peugeot","cũ","2024","628","Hà Nội","lắp ráp trong nước","đỏ","xăng","1.2","tự động","5","30000","https://bonbanh.com/oto/peugeot"
"6939527","Ford Ranger Raptor 2.0L 4x4 AT - 2024","Ford","cũ","2024","1060","TP HCM","nhập khẩu","đen","dầu","2","tự động","5",,"https://bonbanh.com/oto/generic"
"6939523","Nissan Terra V 2.5 AT 4WD - 2019","Nissan","cũ","2019","719","TP HCM","nhập khẩu","trắng","xăng","2.5","tự động","7","73000","https://bonbanh.com/oto/generic"
"6939497","Hyundai Tucson 1.6 AT Turbo - 2020","Hyundai","cũ","2020","585","Hà Nội","lắp ráp trong nước","cát","xăng","1.6","tự động","5",,"https://bonbanh.com/oto/generic"
"6939477","Ford Ranger XLS 2.2L 4x2 AT - 2020","Ford","cũ","2020","459","Hà Nội","nhập khẩu","cát","dầu","2.2","tự động","5","50000","https://bonbanh.com/oto/generic"
"6939471","Audi Q7 2.0 TFSI Quattro - 2016","Audi","cũ","2016","868","TP HCM","nhập khẩu","vàng","xăng","2","tự động","7","138000","https://bonbanh.com/oto/generic"
"6939469","Mercedes Benz C class C200 - 2019","Mercedes","cũ","2019","699","TP HCM","lắp ráp trong nước","đen","xăng","1.5","tự động","5","90000","https://bonbanh.com/oto/generic"
"6939455","Mercedes Benz E class E200 Exclusive - 2026","Mercedes","cũ","2026","2550","Đà Nẵng","lắp ráp trong nước","trắng","hybrid","2","tự động","5","4000","https://bonbanh.com/oto/generic"
"6939418","Ford Ranger Wildtrak 3.2L 4x4 AT - 2016","Ford","cũ","2016","445","Hà Nội","nhập khẩu","cam","dầu","3.2","tự động","5","90000","https://bonbanh.com/oto/generic"
"6939404","Mercedes Benz A class A35 AMG 4Matic - 2020","Mercedes","cũ","2020","1068","TP HCM","nhập khẩu","trắng","xăng","2","tự động","5",,"https://bonbanh.com/oto/generic"
"6939403","MG 5 1.5 MT - 2024","MG","cũ","2024","268","TP HCM","nhập khẩu","đen","xăng","1.5","tay","5","16000","https://bonbanh.com/oto/generic"
"6939396","Mazda CX8 Luxury - 2023","Mazda","cũ","2023","799","TP HCM","lắp ráp trong nước","đen","xăng","2.5","tự động","7","32000","https://bonbanh.com/oto/generic"
"6939386","Mercedes Benz E class E200 - 2019","Mercedes","cũ","2019","959","Hà Nội","lắp ráp trong nước","đen","xăng","2","tự động","5","38000","https://bonbanh.com/oto/generic"
"6939148","VinFast Lux A 2.0 Base 2.0 AT - 2019","VinFast","cũ","2019","415","TP HCM","lắp ráp trong nước","đỏ","xăng","2","tự động","5","72000","https://bonbanh.com/oto/generic"
"6939142","Suzuki Swift 1.4 AT - 2014","Suzuki","cũ","2014","240","Hà Nội","lắp ráp trong nước","trắng","xăng","1.4","tự động","5","38000","https://bonbanh.com/oto/generic"
"6939131","Kia Cerato 1.6 AT - 2018","Kia","cũ","2018","368","Hà Nội","lắp ráp trong nước","đỏ","xăng","1.6","tự động","5","140000","https://bonbanh.com/oto/generic"
"6939122","Mitsubishi Triton 4x2 AT - 2019","Mitsubishi","cũ","2019","390","Hà Nội","nhập khẩu","xám","dầu","2.5","tự động","5","98000","https://bonbanh.com/oto/generic"
"6939117","Ford Ranger Wildtrak 2.0L 4x4 AT - 2024","Ford","cũ","2024","765","TP HCM","lắp ráp trong nước","trắng","dầu","2","tự động","5","65000","https://bonbanh.com/oto/generic"
"6939092","MG G50 1.5 MT Com - 2025","MG","cũ","2025","395","Hà Nội","nhập khẩu","trắng","xăng","1.5","tay","8","1400","https://bonbanh.com/oto/generic"
"6939013","Hyundai Tucson 2.0 AT CRDi Đặc biệt - 2022","Hyundai","cũ","2022","745","Hà Nội","lắp ráp trong nước","trắng","dầu","2","tự động","5","62000","https://bonbanh.com/oto/generic"
"6939012","Mazda CX5 2.0 AT - 2016","Mazda","cũ","2016","452","Đăk Lăk","lắp ráp trong nước","xanh","xăng","2","tự động","5",,"https://bonbanh.com/oto/generic"
"6939005","Mazda CX5 Premium Sport 2.0 AT - 2025","Mazda","cũ","2025","765","Đăk Lăk","lắp ráp trong nước","đỏ","xăng","2","tự động","5","23000","https://bonbanh.com/oto/generic"
"6938988","Toyota Innova Cross 2.0 CVT - 2024","Toyota","cũ","2024","750","TP HCM","nhập khẩu","đồng","xăng","2","tự động","8","30000","https://bonbanh.com/oto/generic"
"6938970","Honda CRV 2.4 AT - 2009","Honda","cũ","2009","245","TP HCM","lắp ráp trong nước","xám","xăng","2.4","tự động","5","150000","https://bonbanh.com/oto/generic"
"6938967","BMW X5 xDrive40i M Sport - 2022","BMW","cũ","2022","2750","Hải Phòng","lắp ráp trong nước","trắng","xăng","3","tự động","5","20000","https://bonbanh.com/oto/generic"
"6938918","Hyundai Stargazer X 1.5 AT - 2024","Hyundai","cũ","2024","450","Bình Dương","nhập khẩu","xám","xăng","1.5","tự động","7","35000","https://bonbanh.com/oto/generic"
"6938898","Mercedes Benz GLC 300 4Matic - 2018","Mercedes","cũ","2018","979","Hà Nội","lắp ráp trong nước","đen","xăng","2","tự động","5","32000","https://bonbanh.com/oto/generic"
"6938882","Kia Cerato 2.0 AT - 2016","Kia","cũ","2016","315","Bình Dương","lắp ráp trong nước","trắng","xăng","2","tự động","5","103000","https://bonbanh.com/oto/generic"
"6938871","Toyota Land Cruiser 3.5 V6 - 2024","Toyota","cũ","2024","4880","Hà Nội","nhập khẩu","trắng","xăng","3.4","tự động","7","59000","https://bonbanh.com/oto/generic"
"6938844","Honda City RS 1.5 AT - 2026","Honda","cũ","2026","530","Hà Nội","lắp ráp trong nước","trắng","xăng","1.5","tự động","5","4000","https://bonbanh.com/oto/generic"
"6938820","Honda Brio RS - 2021","Honda","cũ","2021","300","Hà Nội","nhập khẩu","đỏ","xăng","1.2","tự động","5","70000","https://bonbanh.com/oto/generic"
"6938775","Mercedes Benz E class E300 AMG - 2021","Mercedes","cũ","2021","1535","Hà Nội","lắp ráp trong nước","trắng","xăng","2","tự động","5","60000","https://bonbanh.com/oto/generic"
"6938739","Hyundai i10 Grand 1.2 AT - 2016","Hyundai","cũ","2016","215","Đăk Lăk","nhập khẩu","trắng","xăng","1.25","tự động","5",,"https://bonbanh.com/oto/generic"
"6938734","Toyota Fortuner 2.7V 4x4 AT - 2009","Toyota","cũ","2009","279","Đăk Lăk","lắp ráp trong nước","bạc","xăng","2.7","tự động","7",,"https://bonbanh.com/oto/generic"
"6938724","Chevrolet Trailblazer LT 2.5L 4x2 MT - 2018","Chevrolet","cũ","2018","379","Đăk Lăk","nhập khẩu","đen","dầu","2.5","tay","7",,"https://bonbanh.com/oto/generic"
"6938711","Toyota Innova 2.0G - 2015","Toyota","cũ","2015","285","Hà Nội","lắp ráp trong nước","bạc","xăng","2","tự động","8","120000","https://bonbanh.com/oto/generic"
"6938655","Mitsubishi Attrage Premium 1.2 CVT - 2022","Mitsubishi","cũ","2022","267","TP HCM","nhập khẩu","trắng","xăng","1.2","tự động","5","79","https://bonbanh.com/oto/generic"
"6938640","Mercedes Benz C class C300 AMG - 2021","Mercedes","cũ","2021","1039","TP HCM","lắp ráp trong nước","đen","xăng","2","tự động","5","48000","https://bonbanh.com/oto/generic"
"6938592","Mazda 6 2.0 AT - 2016","Mazda","cũ","2016","348","TP HCM","lắp ráp trong nước","trắng","xăng","2","tự động","5","78","https://bonbanh.com/oto/generic"
"6938540","Mercedes Benz E class E300 AMG - 2019","Mercedes","cũ","2019","1279","TP HCM","lắp ráp trong nước","trắng","xăng","2","tự động","5","39000","https://bonbanh.com/oto/generic"
"6938476","LandRover Range Rover Evoque HSE Dynamic - 2016","LandRover","cũ","2016","789","TP HCM","nhập khẩu","trắng","xăng","2","tự động","5","75000","https://bonbanh.com/oto/generic"
"6938469","Toyota Corolla Cross 1.8V - 2021","Toyota","cũ","2021","586","Bình Dương","nhập khẩu","nâu","xăng","1.8","tự động","5","61000","https://bonbanh.com/oto/generic"
"6938468","BMW 7 Series 730Li M Sport - 2021","BMW","cũ","2021","2199","TP HCM","nhập khẩu","xám","xăng","2","tự động","5","85000","https://bonbanh.com/oto/generic"
"6938464","Isuzu MU-X Prestige 1.9 4X2 AT - 2026","Isuzu","mới","2026","1136","TP HCM","nhập khẩu","đen","dầu","1.9","tự động","7",,"https://bonbanh.com/oto/generic"
"6938455","Honda Civic 2.0 AT - 2009","Honda","cũ","2009","205","Hà Nội","lắp ráp trong nước","đen","xăng","2","tự động","5","150000","https://bonbanh.com/oto/generic"
"6938447","Mercedes Benz C class C200 Avantgarde - 2026","Mercedes","cũ","2026","1399","TP HCM","lắp ráp trong nước","đen","xăng","1.5","tự động","5","888","https://bonbanh.com/oto/generic"
"6938339","Ford Everest 2.5L 4x2 MT - 2008","Ford","cũ","2008","200","Vĩnh Long","lắp ráp trong nước","cát","dầu","2.5","tay","7","112000","https://bonbanh.com/oto/generic"
"6938331","Chevrolet Aveo 1.5 MT - 2013","Chevrolet","cũ","2013","116","Vĩnh Long","lắp ráp trong nước","đỏ","xăng","1.5","tay","5","140000","https://bonbanh.com/oto/chevrolet"
"6938302","Ford EcoSport Titanium 1.5L AT - 2018","Ford","cũ","2018","385","TP HCM","lắp ráp trong nước","trắng","xăng","1.5","tự động","5","36000","https://bonbanh.com/oto/generic"
"6938143","Lexus LX 600 Urban - 2023","Lexus","cũ","2023","7200","Hà Nội","nhập khẩu","trắng","xăng","3.4","tự động","7","40000","https://bonbanh.com/oto/generic"
"6938137","Ford Territory Platinum 1.5 AT - 2026","Ford","mới","2026","876","TP HCM","lắp ráp trong nước","trắng","xăng","1.5","tự động","5",,"https://bonbanh.com/oto/generic"
"6938118","Hyundai Creta Tiêu chuẩn 1.5 AT - 2024","Hyundai","cũ","2024","525","Đăk Lăk","lắp ráp trong nước","đỏ","xăng","1.5","tự động","5","20000","https://bonbanh.com/oto/generic"
"6938090","Mercedes Benz GLS 450 4Matic - 2021","Mercedes","cũ","2021","3488","Hà Nội","nhập khẩu","đen","xăng","3","tự động","7","35999","https://bonbanh.com/oto/generic"
"6938062","Mazda CX5 2.0 AT - 2019","Mazda","cũ","2019","535","Đồng Nai","lắp ráp trong nước","đỏ","xăng","2","tự động","5",,"https://bonbanh.com/oto/generic"
"6938054","Hyundai i10 Grand 1.0 AT - 2016","Hyundai","cũ","2016","235","Đồng Nai","nhập khẩu","bạc","xăng","1","tự động","5",,"https://bonbanh.com/oto/generic"
"6938023","Mazda 3 1.5 AT - 2015","Mazda","cũ","2015","315","Đồng Nai","lắp ráp trong nước","xám","xăng","1.5","tự động","5",,"https://bonbanh.com/oto/generic"
"6938008","Kia Cerato 1.6 AT - 2016","Kia","cũ","2016","328","Đồng Nai","lắp ráp trong nước","trắng","xăng","1.6","tự động","5","80000","https://bonbanh.com/oto/generic"
"6938007","Lexus LM 500h 4S - 2026","Lexus","mới","2026","8950","Hà Nội","nhập khẩu","đen","hybrid","2.4","tự động","4",,"https://bonbanh.com/oto/generic"
"6937999","Lexus RX 350h Premium - 2026","Lexus","mới","2026","3350","Hà Nội","nhập khẩu","xanh","hybrid","2.5","tự động","5",,"https://bonbanh.com/oto/generic"
"6937998","Lexus LX 600 F-Sport - 2026","Lexus","mới","2026","8750","Hà Nội","nhập khẩu","trắng","xăng","3.4","tự động","5",,"https://bonbanh.com/oto/generic"
"6937991","Lexus LX 600 F-Sport - 2026","Lexus","mới","2026","8840","Hà Nội","nhập khẩu","trắng","xăng","3.4","tự động","5",,"https://bonbanh.com/oto/generic"
"6937972","Lexus RX 350h Premium - 2026","Lexus","mới","2026","3350","Hà Nội","nhập khẩu","đen","hybrid","2.5","tự động","5",,"https://bonbanh.com/oto/generic"
"6937968","MG ZS Standard 1.5 AT 2WD - 2023","MG","cũ","2023","383","Hà Nội","nhập khẩu","đen","xăng","1.5","tự động","5","24000","https://bonbanh.com/oto/generic"
"6937965","Lexus GX 550 Luxury - 2026","Lexus","mới","2026","6400","Hà Nội","nhập khẩu","xám","xăng","3.4","tự động","7",,"https://bonbanh.com/oto/generic"
"6937960","Mercedes Benz CLA class CLA 250 4Matic - 2014","Mercedes","cũ","2014","399","Hà Nội","nhập khẩu","đỏ","xăng","2","tự động","5","100000","https://bonbanh.com/oto/generic"
"6937935","Hyundai Accent 1.4 AT Đặc Biệt - 2021","Hyundai","cũ","2021","390","Hà Nội","lắp ráp trong nước","đen","xăng","1.4","tự động","5","68000","https://bonbanh.com/oto/generic"
"6937926","Toyota Camry 2.0E - 2014","Toyota","cũ","2014","440","Hà Nội","lắp ráp trong nước","đen","xăng","2","tự động","5","100000","https://bonbanh.com/oto/generic"
"6937888","Mercedes Benz E class E300 AMG - 2016","Mercedes","cũ","2016","889","TP HCM","lắp ráp trong nước","trắng","xăng","2","tự động","5","45000","https://bonbanh.com/oto/generic"
"6937880","VinFast VF5 Plus - 2024","VinFast","cũ","2024","359","Hải Phòng","lắp ráp trong nước","trắng","điện",,"tự động","5","50000","https://bonbanh.com/oto/generic"
"6937877","Mazda CX5 Luxury 2.0 AT - 2023","Mazda","cũ","2023","669","Hải Phòng","lắp ráp trong nước","trắng","xăng","2","tự động","5","30000","https://bonbanh.com/oto/generic"
"6937869","VinFast VF5 Plus - 2025","VinFast","cũ","2025","399","Hải Phòng","lắp ráp trong nước","xanh","điện",,"tự động","5","10000","https://bonbanh.com/oto/generic"
"6937840","Hyundai i10 Grand 1.2 MT - 2017","Hyundai","cũ","2017","195","TP HCM","nhập khẩu","trắng","xăng","1.25","tay","5",,"https://bonbanh.com/oto/generic"
"6937812","Toyota Vios 1.5E CVT - 2017","Toyota","cũ","2017","280","TP HCM","lắp ráp trong nước","vàng","xăng","1.5","tự động","5",,"https://bonbanh.com/oto/generic"
"6937806","Toyota Hilux 2.5E 4x2 MT - 2009","Toyota","cũ","2009","215","TP HCM","nhập khẩu","bạc","dầu","2.5","tay","5",,"https://bonbanh.com/oto/generic"
"6937800","Kia Morning Si MT - 2016","Kia","cũ","2016","185","TP HCM","lắp ráp trong nước","bạc","xăng","1.25","tay","5",,"https://bonbanh.com/oto/generic"
"6937754","Ford Ranger Raptor 2.0L 4x4 AT - 2025","Ford","cũ","2025","1145","Nghệ An","nhập khẩu","đỏ","dầu","2","tự động","5","19000","https://bonbanh.com/oto/generic"
"6937739","Ford Territory Titanium X 1.5 AT - 2025","Ford","cũ","2025","809","Nghệ An","lắp ráp trong nước","trắng","xăng","1.5","tự động","5","7600","https://bonbanh.com/oto/generic"
"6937735","Toyota Corolla Cross 1.8HV - 2021","Toyota","cũ","2021","639","Hà Nội","nhập khẩu","đỏ","hybrid","1.8","tự động","5","60000","https://bonbanh.com/oto/generic"
"6937734","Hyundai Accent 1.4 AT - 2024","Hyundai","cũ","2024","425","Hà Nội","lắp ráp trong nước","trắng","xăng","1.4","tự động","5","39000","https://bonbanh.com/oto/generic"
"6937730","Toyota Vios 1.5G - 2019","Toyota","cũ","2019","340","TP HCM","lắp ráp trong nước","cát","xăng","1.5","tự động","5",,"https://bonbanh.com/oto/generic"
"6937707","Mitsubishi Outlander 2.0 CVT Premium - 2017","Mitsubishi","cũ","2017","475","Nghệ An","lắp ráp trong nước","đen","xăng","2","tự động","7","100000","https://bonbanh.com/oto/generic"
"6937650","Ford Everest Titanium 2.0L 4x2 AT - 2022","Ford","cũ","2022","870","TP HCM","nhập khẩu","trắng","dầu","2","tự động","7","67000","https://bonbanh.com/oto/generic"
"6937643","Ford Ranger Raptor 2.0L 4x4 AT - 2020","Ford","cũ","2020","935","TP HCM","nhập khẩu","đen","dầu","2","tự động","5","40000","https://bonbanh.com/oto/generic"
"6937628","Kia Carens 1.5G Luxury - 2025","Kia","cũ","2025","595","TP HCM","lắp ráp trong nước","xám","xăng","1.5","tự động","7","33000","https://bonbanh.com/oto/generic"
"6937616","Honda CRV G - 2022","Honda","cũ","2022","819","TP HCM","lắp ráp trong nước","trắng","xăng","1.5","tự động","7","27000","https://bonbanh.com/oto/generic"
"6937609","VinFast Limo Green AT - 2026","VinFast","mới","2026","615","Hà Nội","lắp ráp trong nước","trắng","điện",,"tự động","7",,"https://bonbanh.com/oto/generic"
"6937579","Mercedes Benz GLK Class 280 4Matic - 2009","Mercedes","cũ","2009","239","TP HCM","lắp ráp trong nước","xám","xăng","3","tự động","5","113000","https://bonbanh.com/oto/generic"
"6937549","Ford Everest Limited 2.5L 4x2 AT - 2011","Ford","cũ","2011","320","TP HCM","lắp ráp trong nước","xám","dầu","2.5","tự động","7","128000","https://bonbanh.com/oto/generic"
"6937469","Toyota Venza 2.7 - 2009","Toyota","cũ","2009","370","TP HCM","nhập khẩu","đen","xăng","2.7","tự động","5","83000","https://bonbanh.com/oto/generic"
"6937450","VinFast Lux A 2.0 Plus 2.0 AT - 2020","VinFast","cũ","2020","485","Lâm Đồng","lắp ráp trong nước","đen","xăng","2","tự động","5",,"https://bonbanh.com/oto/generic"
"6937444","Hyundai SantaFe Cao cấp 2.2L HTRAC - 2024","Hyundai","cũ","2024","1170","TP HCM","lắp ráp trong nước","đỏ","dầu","2.2","tự động","7","29000","https://bonbanh.com/oto/generic"
"6937442","Mercedes Benz GLS 450 4Matic - 2021","Mercedes Benz","cũ","2021","3399","Hà Nội","nhập khẩu","đen","xăng","3","tự động","7","67000","https://bonbanh.com/oto/mercedes_benz"
"6937377","Mitsubishi Attrage Premium 1.2 CVT - 2021","Mitsubishi","cũ","2021","290","Lâm Đồng","nhập khẩu","đỏ","xăng","1.2","tự động","5",,"https://bonbanh.com/oto/generic"
"6937369","Ford Focus Trend 1.5L - 2018","Ford","cũ","2018","330","Lâm Đồng","lắp ráp trong nước","xám","xăng","1.5","tự động","5",,"https://bonbanh.com/oto/generic"
"6937218","Mazda 3 1.5L Sport Luxury - 2021","Mazda","cũ","2021","455","Thừa Thiên Huế","lắp ráp trong nước","đỏ","xăng","1.5","tự động","5","44000","https://bonbanh.com/oto/generic"
"6937186","Toyota Camry 2.4G - 2005","Toyota","cũ","2005","175","Bình Dương","lắp ráp trong nước","bạc","xăng","2.4","tay","5",,"https://bonbanh.com/oto/generic"
"6937171","Isuzu MU-X Sport 1.9 4X4 AT - 2026","Isuzu","mới","2026","1077","TP HCM","nhập khẩu","bạc","dầu","1.9","tự động","7",,"https://bonbanh.com/oto/generic"
"6937072","Hyundai Accent 1.5 AT - 2025","Hyundai","cũ","2025","459","Hà Nội","lắp ráp trong nước","trắng","xăng","1.5","tự động","5","20000","https://bonbanh.com/oto/generic"
"6937053","Kia Sedona 2.2 DAT Luxury - 2020","Kia","cũ","2020","605","TP HCM","lắp ráp trong nước","đen","dầu","2.2","tự động","7","68000","https://bonbanh.com/oto/generic"
"6937050","Hyundai SantaFe Cao cấp 2.5L HTRAC - 2024","Hyundai","cũ","2024","1095","Hà Nội","lắp ráp trong nước","trắng","xăng","2.5","tự động","7","38000","https://bonbanh.com/oto/generic"
"6936894","BMW 7 Series 730Li M Sport - 2019","BMW","cũ","2019","1900","Hà Nội","nhập khẩu","trắng","xăng","2","tự động","5","70000","https://bonbanh.com/oto/generic"
"6936847","Hyundai SantaFe Cao cấp 2.5L HTRAC - 2024","Hyundai","cũ","2024","1095","Hà Nội","lắp ráp trong nước","trắng","xăng","2.5","tự động","7","38000","https://bonbanh.com/oto/generic"
"6936798","Toyota Corolla Cross 1.8G - 2022","Toyota","cũ","2022","615","Hà Nội","nhập khẩu","trắng","xăng","1.8","tự động","5","35000","https://bonbanh.com/oto/generic"
"6936560","Mazda CX 30 Premium 2.0 AT - 2024","Mazda","cũ","2024","665","TP HCM","nhập khẩu","đỏ","xăng","2","tự động","5","17844","https://bonbanh.com/oto/generic"
"6936518","Audi A4 40 TFSI Advanced - 2022","Audi","cũ","2022","1099","Hà Nội","nhập khẩu","trắng","xăng","2","tự động","5","19000","https://bonbanh.com/oto/generic"
"6936510","Mazda CX5 Luxury 2.0 AT - 2022","Mazda","cũ","2022","640","Hà Nội","lắp ráp trong nước","đỏ","xăng","2","tự động","5","51000","https://bonbanh.com/oto/generic"
"6936497","Ford Ranger Wildtrak 3.2L 4x4 AT - 2015","Ford","cũ","2015","400","Đồng Nai","nhập khẩu","đỏ","dầu","3.2","tự động","5",,"https://bonbanh.com/oto/generic"
"6936489","Mazda BT50 2.2L 4x4 MT - 2017","Mazda","cũ","2017","320","Đồng Nai","nhập khẩu","xám","dầu","2.2","tay","5",,"https://bonbanh.com/oto/generic"
"6936478","Hyundai Elantra 1.6 MT - 2014","Hyundai","cũ","2014","220","Đồng Nai","nhập khẩu","đen","xăng","1.6","tay","5",,"https://bonbanh.com/oto/generic"
"6936456","Mazda CX5 2.0 AT - 2017","Mazda","cũ","2017","455","Đồng Nai","lắp ráp trong nước","trắng","xăng","2","tự động","5",,"https://bonbanh.com/oto/generic"
"6936447","Honda Civic RS 1.5 AT - 2019","Honda","cũ","2019","479","Đồng Nai","nhập khẩu","đỏ","xăng","1.5","tự động","5",,"https://bonbanh.com/oto/generic"
"6936435","Honda City RS 1.5 AT - 2024","Honda","cũ","2024","479","Đồng Nai","lắp ráp trong nước","xám","xăng","1.5","tự động","5",,"https://bonbanh.com/oto/generic"
"6936428","Honda CRV L - 2020","Honda","cũ","2020","775","Đồng Nai","lắp ráp trong nước","đen","xăng","1.5","tự động","7",,"https://bonbanh.com/oto/generic"
"6936419","Ford Ranger XLS 2.0L 4x4 AT - 2026","Ford","mới","2026","756","TP HCM","lắp ráp trong nước","đen","dầu","2","tự động","5",,"https://bonbanh.com/oto/generic"
"6936398","Mazda CX5 Luxury 2.0 AT - 2021","Mazda","cũ","2021","623","Hà Nội","lắp ráp trong nước","xám","xăng","2","tự động","5","62000","https://bonbanh.com/oto/generic"
"6936396","Toyota Alphard HEV 2.5 AT - 2025","Toyota","cũ","2025","4450","Hà Nội","nhập khẩu","đen","hybrid","2.5","tự động","7","7000","https://bonbanh.com/oto/generic"
"6936392","Toyota Alphard HEV 2.5 AT - 2025","Toyota","cũ","2025","4450","Hà Nội","nhập khẩu","đen","hybrid","2.5","tự động","7","7000","https://bonbanh.com/oto/generic"
"6936327","Skoda Kushaq Style 1.0 TSI AT - 2026","Skoda","mới","2026","550","TP HCM","lắp ráp trong nước","trắng","xăng","1","tự động","5",,"https://bonbanh.com/oto/generic"
"6936312","Toyota Land Cruiser VX 4.6 V8 - 2014","Toyota","cũ","2014","1780","Hà Nội","nhập khẩu","đen","xăng","4.6","tự động","8","160000","https://bonbanh.com/oto/generic"
"6936310","Skoda Kushaq Ambition 1.0 TSI AT - 2026","Skoda","mới","2026","539","TP HCM","lắp ráp trong nước","đỏ","xăng","1","tự động","5",,"https://bonbanh.com/oto/generic"
"6936306","Lexus RX 300 - 2022","Lexus","cũ","2022","2839","Hà Nội","nhập khẩu","trắng","xăng","2","tự động","5","32000","https://bonbanh.com/oto/generic"
"6936303","Toyota Prado VX 2.7L - 2018","Toyota","cũ","2018","1720","Hà Nội","nhập khẩu","trắng","xăng","2.7","tự động","7","150000","https://bonbanh.com/oto/generic"
"6936295","Lexus RX 350 - 2015","Lexus","cũ","2015","1750","Hà Nội","nhập khẩu","đen","xăng","3.5","tự động","5","144000","https://bonbanh.com/oto/generic"
"6936294","Lexus RX 500h F Sport Performance - 2024","Lexus","cũ","2024","4450","Hà Nội","nhập khẩu","trắng","hybrid","2.4","tự động","5","18000","https://bonbanh.com/oto/generic"
"6936235","Toyota Land Cruiser 3.5 V6 - 2024","Toyota","cũ","2024","4888","Hà Nội","nhập khẩu","trắng","xăng","3.4","tự động","7","50000","https://bonbanh.com/oto/generic"
"6936221","Hyundai SantaFe Cao cấp 2.5L HTRAC - 2021","Hyundai","cũ","2021","850","Bắc Ninh","lắp ráp trong nước","trắng","xăng","2.5","tự động","7","65000","https://bonbanh.com/oto/generic"
"6936211","Mazda 3 1.5L Deluxe - 2025","Mazda","cũ","2025","528","Bắc Ninh","lắp ráp trong nước","trắng","xăng","1.5","tự động","5","20000","https://bonbanh.com/oto/generic"
"6936182","Toyota Innova E 2.0 MT - 2022","Toyota","cũ","2022","515","Bình Dương","lắp ráp trong nước","ghi","xăng","2","tay","8",,"https://bonbanh.com/oto/generic"
"6936169","Hyundai Accent 1.4 AT - 2022","Hyundai","cũ","2022","380","Hà Nội","lắp ráp trong nước","trắng","xăng","1.4","tự động","5","55000","https://bonbanh.com/oto/generic"
"6936080","Ford Everest Platinum 2.0L 4x4 AT - 2026","Ford","mới","2026","1335","Hà Nội","nhập khẩu","đen","dầu","2","tự động","7",,"https://bonbanh.com/oto/generic"
"6936076","Toyota Land Cruiser FJ 2.7L AT 4WD - 2026","Toyota","mới","2026","1198","Hà Nội","nhập khẩu","đen","xăng","2.7","tự động","5",,"https://bonbanh.com/oto/generic"
"6936062","Ford Everest Platinum 2.0L 4x2 AT - 2026","Peugeot","mới","2026","1220","Hà Nội","nhập khẩu","đen","dầu","2","tự động","7",,"https://bonbanh.com/oto/peugeot"
"6936015","Ford Everest Platinum 2.0L 4x2 AT - 2026","Ford","mới","2026","1219","Hà Nội","nhập khẩu","trắng","dầu","2","tự động","7",,"https://bonbanh.com/oto/generic"
"6935865","Ford Everest Sport 2.0L 4x2 AT - 2023","Ford","cũ","2023","1020","TP HCM","nhập khẩu","xanh","dầu","2","tự động","7","21000","https://bonbanh.com/oto/generic"
"6935741","VinFast VF3 Plus - 2024","VinFast","cũ","2024","190","Hà Nội","lắp ráp trong nước","xanh","điện",,"tự động","4","24000","https://bonbanh.com/oto/generic"
"6935729","Honda HRV L - 2025","Honda","cũ","2025","695","Hải Phòng","nhập khẩu","đen","xăng","1.5","tự động","5","10000","https://bonbanh.com/oto/generic"
"6935695","Mercedes Benz GLB 35 4Matic - 2022","Mercedes","cũ","2022","1379","TP HCM","nhập khẩu","đen","xăng","2","tự động","7","47000","https://bonbanh.com/oto/generic"
"6935664","Isuzu MU-X B7 Plus 1.9 4X2 AT - 2026","Isuzu","mới","2026","961","TP HCM","nhập khẩu","trắng","dầu","1.9","tự động","7",,"https://bonbanh.com/oto/generic"
"6935650","Ford Transit Limousine 6S - 2025","Ford","cũ","2025","1780","TP HCM","lắp ráp trong nước","đen","dầu","2.3","tay","6","1152","https://bonbanh.com/oto/generic"
"6935645","Hyundai Grand Starex Van 2.4 MT - 2016","Hyundai","cũ","2016","380","Hà Nội","nhập khẩu","ghi","xăng","2.4","tay","6","120000","https://bonbanh.com/oto/generic"
"6935643","Mercedes Benz S class S450L Luxury - 2017","Mercedes","cũ","2017","1650","Hà Nội","lắp ráp trong nước","đen","xăng","3","tự động","5","90000","https://bonbanh.com/oto/generic"
"6935575","LandRover Range Rover Autobiography LWB 3.0 SCV6 - 2019","LandRover","cũ","2019","4550","TP HCM","nhập khẩu","trắng","xăng","3","tự động","4","98000","https://bonbanh.com/oto/generic"
"6935442","Hyundai i10 Grand 1.2 AT - 2017","Hyundai","cũ","2017","259","Đồng Nai","nhập khẩu","bạc","xăng","1.25","tự động","5","85000","https://bonbanh.com/oto/generic"
"6935399","Hyundai i10 Grand 1.2 AT - 2019","Hyundai","cũ","2019","279","Bình Dương","lắp ráp trong nước","trắng","xăng","1.2","tự động","5","76000","https://bonbanh.com/oto/generic"
"6935398","Mercedes Benz GLC 200 4Matic - 2023","Mercedes","cũ","2023","1599","Hà Nội","lắp ráp trong nước","đen","hybrid","2","tự động","5","59000","https://bonbanh.com/oto/generic"
"6935347","Mercedes Benz GLC 200 - 2021","Mercedes","cũ","2021","1139","Hà Nội","lắp ráp trong nước","trắng","xăng","2","tự động","5","50000","https://bonbanh.com/oto/generic"
"6935325","Toyota Fortuner 2.4G 4x2 AT - 2021","Toyota","cũ","2021","789","TP HCM","lắp ráp trong nước","đen","dầu","2.4","tự động","7","85000","https://bonbanh.com/oto/generic"
"6935323","Toyota Yaris Cross 1.5 D-CVT - 2023","Toyota","cũ","2023","558","TP HCM","nhập khẩu","trắng","xăng","1.5","tự động","5","25000","https://bonbanh.com/oto/generic"
"6935252","Mini Cooper Convertible - 2016","Mini","cũ","2016","799","TP HCM","nhập khẩu","trắng","xăng","1.5","tự động","4","80000","https://bonbanh.com/oto/generic"
"6935135","Toyota Yaris G 1.5 AT - 2021","Toyota","cũ","2021","465","Hải Phòng","nhập khẩu","đỏ","xăng","1.5","tự động","5","30000","https://bonbanh.com/oto/generic"
"6935065","Honda City RS 1.5 AT - 2023","Honda","cũ","2023","460","Hà Nội","lắp ráp trong nước","trắng","xăng","1.5","tự động","5","50000","https://bonbanh.com/oto/generic"
"6934987","Mitsubishi Xpander 1.5 MT - 2020","Mitsubishi","cũ","2020","348","Hà Nội","nhập khẩu","đen","xăng","1.5","tay","7","91000","https://bonbanh.com/oto/mitsubishi"
"6934842","Toyota Fortuner 2.5G - 2009","Toyota","cũ","2009","320","Bình Phước","lắp ráp trong nước","ghi","dầu","2.5","tay","7","166000","https://bonbanh.com/oto/generic"
"6934838","Ford Ranger Wildtrak 3.2L 4x4 AT - 2016","Ford","cũ","2016","350","Quảng Ninh","nhập khẩu","trắng","dầu","3.2","tự động","5",,"https://bonbanh.com/oto/generic"
"6934837","Mercedes Benz S class S500L - 2015","Mercedes","cũ","2015","1189","Hà Nội","lắp ráp trong nước","đỏ","xăng","4.7","tự động","5","125000","https://bonbanh.com/oto/generic"
"6934831","Audi A4 2.0 TFSI - 2017","Audi","cũ","2017","698","Hà Nội","nhập khẩu","trắng","xăng","2","tự động","5","79000","https://bonbanh.com/oto/generic"
"6934825","Ford Ranger Wildtrak 3.2L 4x4 AT - 2015","Ford","cũ","2015","345","Quảng Ninh","nhập khẩu","bạc","dầu","3.2","tự động","5",,"https://bonbanh.com/oto/generic"
"6934822","Kia Seltos X-Line 1.4 AT - 2024","Kia","cũ","2024","639","Bình Phước","lắp ráp trong nước","trắng","xăng","1.4","tự động","5","21000","https://bonbanh.com/oto/generic"
"6934818","Toyota Alphard HEV 2.5 AT - 2026","Toyota","mới","2026","4415","Hà Nội","nhập khẩu","đen","hybrid","2.5","tự động","7",,"https://bonbanh.com/oto/generic"
"6934817","Mercedes Benz E class E250 - 2014","Mercedes","cũ","2014","450","Hà Nội","lắp ráp trong nước","trắng","xăng","2","tự động","5","110000","https://bonbanh.com/oto/generic"
"6934816","Toyota Wigo G 1.2 AT - 2024","Toyota","cũ","2024","350","Hà Nội","nhập khẩu","đỏ","xăng","1.2","tự động","5","30000","https://bonbanh.com/oto/generic"
"6934741","Mazda 6 2.0 AT - 2015","Mazda","cũ","2015","358","Hà Nội","lắp ráp trong nước","trắng","xăng","2","tự động","5",,"https://bonbanh.com/oto/generic"
"6934729","Mitsubishi Pajero Sport 2.4D 4x2 AT - 2021","Mitsubishi","cũ","2021","760","Hà Nội","nhập khẩu","đen","dầu","2.4","tự động","7","75000","https://bonbanh.com/oto/generic"
